PolicyID,CustomerID,ProductLine,Region,Channel,PolicyStartDate,PolicyEndDate,Exposure,Premium,ClaimCount,ClaimAmount,Age,VehicleAge
POL-100000,CUST-51004,Motor,Central,Broker,2022-03-07,2022-10-09,0.414,366.21,0,0.0,19.0,18
POL-100001,CUST-52533,Motor,West,Agent,2023-07-19,2024-01-21,0.747,466.99,1,5985.97,59.0,14
POL-100002,CUST-51974,Motor,South,Agent,2023-04-23,2024-02-13,0.825,714.76,0,0.0,30.0,8
POL-100003,CUST-52350,Commercial,Central,Direct,2022-11-17,2023-09-20,0.375,685.28,0,0.0,58.0,1
POL-100004,CUST-51153,Home,Central,Broker,2022-11-13,2023-10-02,0.283,195.47,0,0.0,50.0,3
POL-100005,CUST-50910,Motor,North,Direct,2023-09-19,2024-09-09,0.58,662.83,1,3918.21,29.0,4
POL-100006,CUST-52167,Motor,North,Broker,2022-03-04,2022-12-01,0.831,848.72,0,0.0,44.0,8
POL-100007,CUST-51897,Liability,South,Online,2023-05-25,2024-04-23,0.738,899.96,0,0.0,20.0,17
POL-100008,CUST-51710,Motor,West,Direct,2022-05-28,2023-04-06,0.776,673.38,0,0.0,58.0,2
POL-100009,CUST-51095,Motor,East,Direct,2022-03-10,2022-10-27,0.552,385.41,1,3898.63,35.0,11
POL-100010,CUST-51841,Motor,East,Broker,2023-01-20,2023-12-23,0.426,484.68,1,1847.88,39.0,6
POL-100011,CUST-51167,Motor,East,Online,2023-12-14,2024-06-20,0.649,640.71,0,0.0,26.0,0
POL-100012,CUST-52670,Commercial,East,Broker,2023-06-22,2024-04-08,0.403,781.06,0,0.0,38.0,12
POL-100013,CUST-52127,Commercial,West,Direct,2023-07-10,2024-06-28,0.795,1305.22,1,2893.82,40.0,14
POL-100014,CUST-51191,Motor,North,Broker,2023-06-08,2024-04-05,0.398,344.44,0,0.0,30.0,19
POL-100015,CUST-52530,Commercial,East,Agent,2023-07-28,2024-07-16,0.468,539.02,0,0.0,73.0,10
POL-100016,CUST-50213,Motor,South,Direct,2023-01-10,2023-07-19,0.63,523.93,0,0.0,33.0,6
POL-100017,CUST-52492,Commercial,West,Broker,2022-04-04,2023-01-08,0.615,997.23,0,0.0,28.0,17
POL-100018,CUST-51244,Motor,North,Agent,2023-09-06,2024-07-27,0.701,805.31,0,0.0,49.0,4
POL-100019,CUST-50693,Motor,North,Broker,2022-11-25,2023-09-20,0.578,629.12,0,0.0,36.0,13
POL-100020,CUST-52490,Commercial,East,Agent,2023-01-01,2023-12-10,0.94,1443.69,0,0.0,43.0,18
POL-100021,CUST-51974,Liability,East,Online,2022-09-28,2023-06-21,0.88,874.12,0,0.0,59.0,0
POL-100022,CUST-50222,Commercial,East,Direct,2022-05-14,2023-03-16,0.909,953.33,0,0.0,22.0,18
POL-100023,CUST-50801,Home,Central,Agent,2023-11-08,2024-07-23,0.722,423.39,0,0.0,47.0,4
POL-100024,CUST-51353,Commercial,West,Direct,2023-07-25,2024-07-01,0.726,1460.01,0,0.0,19.0,9
POL-100025,CUST-51885,Commercial,South,Direct,2023-04-16,2023-11-04,0.707,1249.37,0,0.0,20.0,5
POL-100026,CUST-52419,Motor,West,Direct,2022-10-21,2023-06-05,0.576,522.56,0,0.0,23.0,2
POL-100027,CUST-51101,Home,East,Broker,2023-08-24,2024-03-08,0.492,397.65,0,0.0,27.0,14
POL-100028,CUST-52426,Home,South,Agent,2023-02-03,2023-12-10,0.694,308.14,0,0.0,37.0,9
POL-100029,CUST-52369,Home,North,Agent,2022-11-20,2023-07-01,0.269,228.54,0,0.0,71.0,10
POL-100030,CUST-51134,Commercial,North,Direct,2022-11-25,2023-07-21,0.256,441.64,0,0.0,69.0,9
POL-100031,CUST-52812,Home,South,Direct,2022-06-15,2023-05-16,0.889,390.96,0,0.0,23.0,14
POL-100032,CUST-52832,Motor,Central,Direct,2022-03-09,2022-11-10,0.285,289.22,0,0.0,74.0,19
POL-100033,CUST-50869,Motor,East,Agent,2023-02-09,2023-09-04,0.644,415.03,0,0.0,54.0,10
POL-100034,CUST-51669,Commercial,East,Online,2023-10-11,2024-04-11,0.711,1183.24,1,10767.32,49.0,3
POL-100035,CUST-52606,Motor,South,Broker,2022-02-16,2022-09-26,0.399,308.84,0,0.0,63.0,6
POL-100036,CUST-51616,Commercial,South,Direct,2023-09-19,2024-09-03,0.922,1134.31,0,0.0,45.0,9
POL-100037,CUST-52220,Motor,West,Agent,2023-08-28,2024-06-05,0.393,380.7,0,0.0,33.0,2
POL-100038,CUST-52398,Motor,North,Direct,2022-07-22,2023-07-22,0.913,779.02,0,0.0,48.0,4
POL-100039,CUST-51698,Commercial,West,Online,2023-04-07,2023-11-13,0.822,888.16,0,0.0,59.0,4
POL-100040,CUST-51078,Motor,Central,Agent,2022-05-01,2023-01-01,0.431,467.33,0,0.0,56.0,19
POL-100041,CUST-51574,Commercial,Central,Direct,2023-07-08,2024-02-03,0.363,466.5,1,4004.09,27.0,8
POL-100042,CUST-52496,Motor,South,Direct,2023-05-27,2024-02-05,0.487,468.9,0,0.0,71.0,17
POL-100043,CUST-50957,Home,Central,Agent,2022-09-16,2023-06-27,0.548,382.76,0,0.0,34.0,11
POL-100044,CUST-52533,Home,South,Agent,2022-02-19,2023-01-15,0.434,198.93,0,0.0,64.0,10
POL-100045,CUST-50609,Commercial,South,Direct,2023-12-10,2024-08-14,0.999,2025.25,0,0.0,35.0,18
POL-100046,CUST-51386,Motor,South,Agent,2022-11-22,2023-10-11,0.422,363.49,0,0.0,21.0,13
POL-100047,CUST-50250,Motor,North,Agent,2023-10-14,2024-08-05,0.873,626.1,0,0.0,74.0,4
POL-100048,CUST-52562,Home,South,Online,2023-05-10,2023-12-30,0.369,230.09,0,0.0,51.0,5
POL-100049,CUST-52137,Liability,Central,Broker,2023-07-23,2024-07-06,0.985,1083.2,0,0.0,30.0,13
POL-100050,CUST-50354,Commercial,West,Direct,2023-07-09,2024-03-25,0.419,426.58,0,0.0,18.0,0
POL-100051,CUST-50667,Commercial,South,Direct,2022-05-23,2022-12-17,0.566,746.91,0,0.0,25.0,3
POL-100052,CUST-51583,Home,South,Broker,2022-09-23,2023-09-17,0.669,446.07,0,0.0,27.0,1
POL-100053,CUST-51486,Home,South,Direct,2022-12-07,2023-11-21,0.34,250.04,0,0.0,70.0,14
POL-100054,CUST-50337,Commercial,North,Agent,2022-12-30,2023-07-07,0.863,1150.38,0,0.0,28.0,8
POL-100055,CUST-52669,Commercial,North,Agent,2022-02-01,2023-01-14,0.456,649.79,0,0.0,27.0,0
POL-100056,CUST-51382,Commercial,Central,Direct,2023-02-03,2024-01-25,0.662,820.58,0,0.0,65.0,14
POL-100057,CUST-52013,Commercial,West,Online,2022-04-23,2023-03-23,0.662,868.83,1,13962.41,68.0,13
POL-100058,CUST-52257,Commercial,West,Broker,2023-06-27,2024-02-09,0.702,1202.29,0,0.0,29.0,14
POL-100059,CUST-50507,Motor,South,Online,2023-05-14,2024-03-06,0.292,232.34,0,0.0,55.0,3
POL-100060,CUST-51000,Motor,Central,Direct,2023-11-05,2024-08-11,0.376,286.28,0,0.0,48.0,17
POL-100061,CUST-52203,Liability,North,Broker,2023-06-28,2024-04-18,0.371,330.49,0,0.0,50.0,3
POL-100062,CUST-52321,Home,Central,Broker,2022-09-25,2023-07-16,0.477,333.85,0,0.0,35.0,11
POL-100063,CUST-50644,Motor,East,Agent,2023-12-08,2024-10-01,0.359,333.4,0,0.0,60.0,11
POL-100064,CUST-50958,Home,South,Direct,2022-10-27,2023-07-29,0.941,574.57,0,0.0,68.0,4
POL-100065,CUST-52339,Home,West,Agent,2022-08-26,2023-06-30,0.635,449.85,1,10497.73,59.0,7
POL-100066,CUST-51031,Commercial,East,Broker,2023-10-24,2024-07-27,0.718,1197.22,0,0.0,69.0,1
POL-100067,CUST-50233,Commercial,South,Agent,2022-09-28,2023-03-30,0.518,532.66,0,0.0,24.0,9
POL-100068,CUST-51493,Motor,West,Online,2022-02-25,2022-08-30,0.457,364.11,0,0.0,55.0,13
POL-100069,CUST-50425,Home,West,Broker,2022-12-09,2023-12-02,0.627,338.59,0,0.0,74.0,6
POL-100070,CUST-51781,Motor,West,Broker,2023-08-04,2024-07-18,0.471,512.6,0,0.0,48.0,10
POL-100071,CUST-52802,Commercial,East,Broker,2022-05-19,2023-03-03,0.508,657.64,0,0.0,71.0,19
POL-100072,CUST-50302,Motor,South,Agent,2022-12-04,2023-07-04,0.59,462.44,0,0.0,37.0,4
POL-100073,CUST-50840,Home,East,Broker,2022-04-05,2023-02-24,0.629,419.79,1,3316.58,69.0,5
POL-100074,CUST-51699,Home,Central,Direct,2023-05-17,2023-12-09,0.988,663.51,0,0.0,71.0,2
POL-100075,CUST-50451,Home,South,Direct,2022-12-14,2023-08-21,0.417,327.75,0,0.0,53.0,10
POL-100076,CUST-51604,Home,Central,Broker,2022-08-30,2023-04-28,0.616,371.05,0,0.0,58.0,4
POL-100077,CUST-50644,Commercial,North,Online,2022-06-15,2022-12-14,0.362,470.74,0,0.0,47.0,17
POL-100078,CUST-51907,Home,North,Agent,2023-02-17,2024-01-13,0.512,357.36,0,0.0,36.0,5
POL-100079,CUST-51083,Motor,South,Online,2023-05-04,2024-02-02,0.788,810.32,0,0.0,48.0,13
POL-100080,CUST-52776,Motor,North,Agent,2023-11-18,2024-07-13,0.381,451.71,0,0.0,72.0,3
POL-100081,CUST-52512,Home,Central,Online,2022-11-16,2023-08-17,0.686,481.81,0,0.0,18.0,6
POL-100082,CUST-52980,Motor,South,Online,2022-04-28,2022-10-25,0.563,499.37,0,0.0,29.0,3
POL-100083,CUST-50457,Commercial,North,Online,2023-08-31,2024-05-18,0.289,332.37,0,0.0,46.0,11
POL-100084,CUST-52844,Motor,West,Agent,2023-04-05,2024-01-06,0.95,1123.11,1,2288.58,37.0,0
POL-100085,CUST-50047,Commercial,Central,Broker,2023-05-27,2024-01-25,0.56,957.75,0,0.0,53.0,1
POL-100086,CUST-50657,Motor,Central,Online,2022-03-12,2023-02-09,0.838,580.89,0,0.0,38.0,10
POL-100087,CUST-52594,Commercial,North,Broker,2022-08-17,2023-03-31,0.562,832.64,0,0.0,55.0,10
POL-100088,CUST-52586,Motor,West,Broker,2023-07-15,2024-02-05,0.953,884.75,1,1750.07,24.0,6
POL-100089,CUST-50898,Home,South,Broker,2023-08-31,2024-06-04,0.468,247.16,0,0.0,36.0,8
POL-100090,CUST-52525,Motor,Central,Agent,2022-11-14,2023-10-25,0.559,576.23,0,0.0,57.0,8
POL-100091,CUST-50230,Home,West,Broker,2023-08-11,2024-04-16,0.819,586.61,0,0.0,44.0,15
POL-100092,CUST-51008,Motor,West,Agent,2023-09-07,2024-03-13,0.508,372.91,1,3286.1,58.0,8
POL-100093,CUST-50083,Commercial,Central,Direct,2022-10-10,2023-10-05,0.523,1056.25,0,0.0,54.0,16
POL-100094,CUST-51551,Home,Central,Broker,2023-10-18,2024-07-06,0.996,842.34,1,4705.24,36.0,4
POL-100095,CUST-52698,Liability,North,Agent,2022-07-30,2023-02-27,0.667,579.05,0,0.0,42.0,3
POL-100096,CUST-51840,Commercial,West,Agent,2022-06-24,2023-04-14,0.767,1122.46,0,0.0,72.0,8
POL-100097,CUST-51569,Home,North,Online,2023-05-14,2024-01-08,0.733,602.77,0,0.0,72.0,1
POL-100098,CUST-50594,Commercial,Central,Broker,2023-04-10,2024-03-29,0.871,1243.26,0,0.0,20.0,13
POL-100099,CUST-51831,Motor,West,Direct,2022-04-13,2022-12-03,0.896,1042.15,0,0.0,58.0,7
POL-100100,CUST-50972,Home,North,Direct,2023-08-31,2024-06-08,0.672,350.1,0,0.0,45.0,7
POL-100101,CUST-51848,Motor,South,Direct,2022-05-26,2023-03-03,0.471,483.15,0,0.0,18.0,10
POL-100102,CUST-50391,Commercial,Central,Broker,2023-08-11,2024-03-23,0.267,433.47,0,0.0,54.0,1
POL-100103,CUST-51566,Motor,West,Direct,2022-01-06,2022-10-05,0.711,569.5,0,0.0,19.0,7
POL-100104,CUST-51492,Motor,South,Agent,2023-08-05,2024-02-21,0.869,888.19,0,0.0,36.0,19
POL-100105,CUST-52307,Home,Central,Broker,2023-07-29,2024-05-23,0.588,261.37,0,0.0,57.0,12
POL-100106,CUST-52727,Home,West,Agent,2023-07-24,2024-06-09,0.374,199.79,0,0.0,64.0,11
POL-100107,CUST-52718,Motor,North,Online,2023-05-01,2024-04-21,0.466,349.72,0,0.0,41.0,10
POL-100108,CUST-51024,Home,South,Broker,2022-12-11,2023-08-08,0.632,306.51,0,0.0,64.0,9
POL-100109,CUST-51923,Commercial,Central,Agent,2023-05-30,2024-01-18,0.878,921.44,0,0.0,65.0,18
POL-100110,CUST-51959,Motor,South,Direct,2022-07-22,2023-04-30,0.379,305.1,0,0.0,43.0,18
POL-100111,CUST-52531,Motor,North,Agent,2023-07-24,2024-05-27,0.709,513.94,0,0.0,27.0,8
POL-100112,CUST-52421,Liability,West,Broker,2023-02-10,2024-02-09,0.815,633.37,0,0.0,55.0,18
POL-100113,CUST-50028,Liability,Central,Online,2022-12-02,2023-06-04,0.952,755.81,0,0.0,18.0,1
POL-100114,CUST-52402,Motor,East,Direct,2023-01-05,2023-08-17,0.338,367.28,0,0.0,68.0,6
POL-100115,CUST-51440,Home,Central,Direct,2023-02-20,2023-10-06,0.945,449.05,0,0.0,40.0,6
POL-100116,CUST-52851,Motor,North,Broker,2022-01-28,2022-09-12,0.701,719.43,0,0.0,61.0,13
POL-100117,CUST-51812,Liability,West,Broker,2022-04-13,2023-01-04,0.825,596.49,0,0.0,59.0,12
POL-100118,CUST-51160,Motor,West,Agent,2022-06-29,2023-06-06,0.29,179.56,0,0.0,44.0,9
POL-100119,CUST-50603,Motor,Central,Direct,2022-03-25,2022-09-26,0.63,540.62,0,0.0,73.0,5
POL-100120,CUST-52847,Motor,East,Broker,2022-11-17,2023-10-14,0.717,589.52,0,0.0,63.0,10
POL-100121,CUST-50480,Home,Central,Agent,2023-05-03,2024-02-21,0.48,322.01,0,0.0,68.0,5
POL-100122,CUST-50270,Motor,North,Agent,2023-04-23,2024-02-11,0.574,581.5,0,0.0,23.0,9
POL-100123,CUST-50408,Commercial,North,Agent,2022-12-10,2023-10-12,0.666,885.42,0,0.0,45.0,6
POL-100124,CUST-51654,Home,West,Agent,2023-09-17,2024-04-05,0.664,344.2,0,0.0,72.0,17
POL-100125,CUST-50854,Home,North,Agent,2023-02-17,2024-01-01,0.281,222.21,0,0.0,64.0,14
POL-100126,CUST-51742,Commercial,Central,Broker,2022-02-27,2022-10-11,0.58,686.02,0,0.0,43.0,3
POL-100127,CUST-52470,Motor,North,Broker,2023-07-13,2024-04-14,0.41,438.73,0,0.0,22.0,18
POL-100128,CUST-50873,Motor,West,Broker,2023-02-24,2023-12-26,0.938,885.8,0,0.0,34.0,13
POL-100129,CUST-50082,Motor,East,Agent,2023-04-09,2024-01-26,0.982,753.37,0,0.0,50.0,7
POL-100130,CUST-51077,Commercial,West,Broker,2023-02-17,2023-10-15,0.475,633.64,0,0.0,54.0,10
POL-100131,CUST-51807,Motor,West,Online,2023-02-09,2023-10-20,0.381,310.71,1,1736.15,70.0,3
POL-100132,CUST-52185,Commercial,East,Agent,2022-03-08,2022-12-01,0.415,670.2,1,21612.53,23.0,0
POL-100133,CUST-50204,Home,East,Agent,2023-02-13,2023-08-19,0.608,522.37,0,0.0,40.0,8
POL-100134,CUST-52635,Home,East,Broker,2023-08-04,2024-06-14,0.906,518.35,0,0.0,33.0,15
POL-100135,CUST-51779,Home,West,Agent,2022-08-10,2023-02-24,0.625,526.73,0,0.0,72.0,7
POL-100136,CUST-51444,Motor,West,Agent,2023-03-17,2023-12-07,0.292,209.38,0,0.0,27.0,7
POL-100137,CUST-50756,Motor,East,Broker,2022-01-23,2022-11-20,0.28,185.42,0,0.0,30.0,19
POL-100138,CUST-52876,Commercial,South,Broker,2022-09-11,2023-03-24,0.421,654.7,0,0.0,34.0,19
POL-100139,CUST-50472,Motor,North,Online,2022-11-15,2023-11-15,0.882,1037.24,0,0.0,24.0,9
POL-100140,CUST-51346,Home,West,Online,2023-12-19,2024-08-25,0.716,461.41,0,0.0,54.0,0
POL-100141,CUST-51397,Liability,South,Broker,2022-06-06,2022-12-05,0.672,829.75,0,0.0,47.0,13
POL-100142,CUST-51640,Motor,East,Broker,2022-07-21,2023-05-19,0.489,428.44,0,0.0,49.0,14
POL-100143,CUST-50693,Motor,Central,Online,2022-10-26,2023-08-05,0.947,1042.41,0,0.0,69.0,18
POL-100144,CUST-52830,Motor,West,Broker,2023-12-26,2024-10-20,0.498,537.13,0,0.0,42.0,18
POL-100145,CUST-51134,Motor,South,Online,2023-09-15,2024-07-30,0.876,878.88,0,0.0,35.0,12
POL-100146,CUST-52136,Liability,East,Direct,2022-01-26,2022-10-21,0.922,1021.73,1,38458.13,39.0,2
POL-100147,CUST-51899,Liability,South,Agent,2022-06-20,2023-05-19,0.613,638.41,0,0.0,63.0,4
POL-100148,CUST-50608,Motor,West,Agent,2023-08-23,2024-04-27,0.921,1072.29,0,0.0,48.0,14
POL-100149,CUST-52808,Liability,North,Agent,2022-02-12,2022-11-20,0.0,489.31,0,0.0,27.0,12
POL-100150,CUST-51380,Motor,Central,Online,2023-09-17,2024-04-13,0.744,591.92,0,0.0,57.0,8
POL-100151,CUST-51853,Liability,Central,Agent,2022-07-25,2023-05-16,0.316,408.02,0,0.0,60.0,8
POL-100152,CUST-51937,Commercial,South,Direct,2023-11-01,2024-06-16,0.605,1019.39,0,0.0,32.0,14
POL-100153,CUST-51521,Motor,South,Broker,2022-08-03,2023-06-08,0.413,382.9,0,0.0,49.0,8
POL-100154,CUST-51914,Home,East,Online,2022-11-14,2023-10-08,0.297,216.83,0,0.0,50.0,3
POL-100155,CUST-51671,Commercial,West,Direct,2023-04-29,2024-04-02,0.253,346.38,0,0.0,27.0,19
POL-100156,CUST-52221,Motor,West,Agent,2022-04-03,2023-03-21,0.494,417.63,0,0.0,18.0,6
POL-100157,CUST-51416,Motor,North,Agent,2023-02-11,2023-09-01,0.692,492.27,0,0.0,58.0,5
POL-100158,CUST-52437,Home,West,Broker,2023-01-04,2023-07-28,0.591,475.8,0,0.0,53.0,1
POL-100159,CUST-51688,Motor,North,Online,2023-07-27,2024-07-13,0.476,471.73,0,0.0,58.0,9
POL-100160,CUST-52995,Motor,South,Direct,2023-12-29,2024-09-04,0.993,1077.84,0,0.0,39.0,19
POL-100161,CUST-51710,Motor,West,Broker,2023-04-30,2023-10-31,0.955,748.57,0,0.0,47.0,3
POL-100162,CUST-51770,Commercial,Central,Online,2022-10-26,2023-06-16,0.344,696.73,0,0.0,73.0,4
POL-100163,CUST-51476,Motor,West,Broker,2022-10-24,2023-09-24,0.561,453.03,0,0.0,30.0,3
POL-100164,CUST-51191,Home,North,Agent,2022-11-02,2023-07-06,0.737,433.0,0,0.0,55.0,1
POL-100165,CUST-52365,Motor,West,Online,2023-08-18,2024-02-28,0.8,933.26,0,0.0,25.0,12
POL-100166,CUST-51903,Motor,North,Broker,2022-08-23,2023-07-03,0.525,517.0,0,0.0,21.0,5
POL-100167,CUST-51172,Home,South,Online,2022-05-02,2022-12-04,0.81,679.68,0,0.0,72.0,15
POL-100168,CUST-52420,Motor,North,Broker,2022-09-02,2023-05-05,0.343,331.26,0,0.0,25.0,8
POL-100169,CUST-50325,Home,Central,Broker,2022-01-17,2021-12-18,0.499,269.94,0,0.0,55.0,12
POL-100170,CUST-50186,Motor,South,Agent,2022-03-19,2023-01-04,0.787,651.23,0,0.0,47.0,1
POL-100171,CUST-51929,Home,East,Broker,2022-03-07,2022-11-24,0.719,580.07,0,0.0,64.0,6
POL-100172,CUST-51374,Motor,West,Agent,2023-07-18,2023-06-18,0.878,778.11,0,0.0,49.0,8
POL-100173,CUST-52388,Commercial,Central,Direct,2023-06-12,2024-02-09,0.285,494.37,0,0.0,57.0,1
POL-100174,CUST-51992,Motor,Central,Agent,2023-05-24,2023-12-28,0.381,264.45,0,0.0,68.0,8
POL-100175,CUST-52340,Commercial,North,Agent,2022-12-04,2023-07-02,0.286,406.34,0,0.0,65.0,9
POL-100176,CUST-50796,Motor,South,Broker,2023-06-08,2024-01-11,0.394,431.22,0,0.0,59.0,8
POL-100177,CUST-50756,Motor,East,Broker,2022-04-28,2023-01-16,0.253,292.19,0,0.0,27.0,10
POL-100178,CUST-50754,Home,West,Broker,2023-10-20,2024-05-03,0.628,360.94,0,0.0,27.0,15
POL-100179,CUST-51941,Motor,South,Direct,2023-01-01,2023-09-12,0.646,450.7,0,0.0,46.0,15
POL-100180,CUST-52022,Home,South,Direct,2023-11-16,2024-10-19,0.743,330.01,0,0.0,55.0,0
POL-100181,CUST-52995,Commercial,West,Broker,2022-04-22,2023-03-10,0.539,616.78,0,0.0,56.0,12
POL-100182,CUST-50650,Commercial,East,Broker,2022-12-30,2023-10-24,0.252,469.53,0,0.0,62.0,18
POL-100183,CUST-50313,Home,West,Agent,2023-05-24,2024-05-04,0.755,476.98,0,0.0,23.0,17
POL-100184,CUST-52874,Liability,South,Broker,2022-12-28,2023-11-18,0.291,257.84,0,0.0,27.0,6
POL-100185,CUST-51568,Home,East,Online,2022-11-22,2023-09-19,0.9,693.57,0,0.0,26.0,15
POL-100186,CUST-51100,Motor,North,Broker,2022-05-02,2023-04-07,0.267,284.92,0,0.0,48.0,16
POL-100187,CUST-50916,Commercial,North,Online,2022-10-06,2023-04-27,0.648,895.92,0,0.0,54.0,7
POL-100188,CUST-52650,Motor,North,Agent,2022-06-24,2023-05-22,0.921,1041.94,0,0.0,24.0,17
POL-100189,CUST-52373,Motor,North,Direct,2022-08-09,2023-03-31,0.679,591.1,0,0.0,67.0,12
POL-100190,CUST-50524,Motor,South,Direct,2023-05-15,2024-03-26,0.706,529.81,0,0.0,35.0,15
POL-100191,CUST-50974,Motor,North,Direct,2023-04-06,2024-03-20,0.761,860.2,1,6534.31,55.0,14
POL-100192,CUST-52610,Motor,North,Direct,2023-03-20,2023-12-17,0.342,234.61,0,0.0,60.0,15
POL-100193,CUST-52200,Motor,Central,Agent,2022-09-22,2023-04-06,0.756,897.82,0,0.0,20.0,19
POL-100194,CUST-52445,Home,Central,Direct,2023-12-02,2024-08-06,0.91,637.14,0,0.0,67.0,17
POL-100195,CUST-50481,Commercial,South,Broker,2022-03-05,2022-11-15,0.981,1907.14,0,0.0,73.0,8
POL-100196,CUST-51738,Liability,Central,Broker,2022-09-08,2023-08-28,0.582,470.65,0,0.0,72.0,11
POL-100197,CUST-50200,Motor,North,Agent,2022-03-28,2023-03-18,0.508,419.87,0,0.0,25.0,12
POL-100198,CUST-51351,Motor,North,Agent,2022-09-05,2023-06-17,0.815,908.39,0,0.0,40.0,17
POL-100199,CUST-50312,Home,South,Online,2023-12-04,2024-11-24,0.657,523.83,0,0.0,31.0,7
POL-100200,CUST-50805,Motor,South,Agent,2022-09-25,2023-06-13,0.443,493.39,0,0.0,43.0,6
POL-100201,CUST-50780,Motor,North,Broker,2023-10-26,2024-07-08,0.379,288.75,1,2994.53,73.0,14
POL-100202,CUST-50565,Home,Central,Agent,2022-12-28,2023-11-28,0.378,265.37,0,0.0,61.0,19
POL-100203,CUST-52548,Commercial,Central,Direct,2023-05-26,2024-03-25,0.594,837.8,0,0.0,61.0,18
POL-100204,CUST-51113,Motor,South,Direct,2022-11-30,2023-09-03,0.378,297.06,0,0.0,42.0,2
POL-100205,CUST-50451,Home,South,Online,2022-07-14,2023-04-04,0.265,174.83,0,0.0,71.0,18
POL-100206,CUST-52965,Home,West,Broker,2023-07-12,2024-05-18,0.289,215.11,0,0.0,70.0,15
POL-100207,CUST-50100,Commercial,Central,Agent,2023-12-09,2024-10-24,0.947,1459.61,0,0.0,63.0,3
POL-100208,CUST-50444,Motor,South,Agent,2022-07-12,2023-04-09,0.305,223.3,0,0.0,64.0,0
POL-100209,CUST-52560,Commercial,West,Agent,2023-07-23,2024-01-24,0.305,559.55,0,0.0,55.0,4
POL-100210,CUST-51353,Commercial,North,Direct,2022-07-10,2023-01-24,0.588,1180.38,0,0.0,23.0,18
POL-100211,CUST-51124,Motor,East,Online,2023-06-08,2023-12-31,0.434,351.94,0,0.0,34.0,15
POL-100212,CUST-50915,Home,Central,Agent,2023-07-30,2024-04-20,0.972,780.1,0,0.0,61.0,11
POL-100213,CUST-51766,Home,East,Broker,2022-11-25,2023-09-15,0.933,754.72,0,0.0,36.0,12
POL-100214,CUST-51076,Motor,West,Direct,2023-06-22,2024-05-16,0.554,415.51,0,0.0,27.0,8
POL-100215,CUST-50251,Home,West,Broker,2022-07-18,2023-02-26,0.587,434.44,0,0.0,71.0,18
POL-100216,CUST-52891,Motor,West,Direct,2022-02-27,2023-01-19,0.531,612.43,0,0.0,45.0,3
POL-100217,CUST-52722,Commercial,West,Broker,2022-03-12,2023-01-09,0.278,490.94,0,0.0,67.0,6
POL-100218,CUST-50528,Motor,Central,Agent,2022-11-23,2023-05-31,0.47,288.05,0,0.0,34.0,4
POL-100219,CUST-51513,Home,North,Broker,2023-10-21,2024-06-22,0.342,238.16,0,0.0,38.0,16
POL-100220,CUST-51360,Motor,Central,Broker,2022-04-04,2022-11-26,0.327,346.02,0,0.0,37.0,10
POL-100221,CUST-50268,Home,Central,Direct,2022-11-29,2023-11-08,0.671,471.22,0,0.0,39.0,13
POL-100222,CUST-51196,Home,Central,Agent,2023-05-29,2024-05-14,0.324,144.66,0,0.0,42.0,18
POL-100223,CUST-51901,Home,South,Broker,2022-05-28,2023-04-25,0.327,158.97,0,0.0,34.0,3
POL-100224,CUST-50312,Home,East,Online,2023-06-11,2024-03-15,0.61,476.96,0,0.0,64.0,19
POL-100225,CUST-51096,Motor,South,Broker,2022-08-12,2023-05-10,0.582,515.3,0,0.0,36.0,2
POL-100226,CUST-50754,Motor,Central,Agent,2023-08-14,2024-04-07,0.353,411.24,0,0.0,43.0,15
POL-100227,CUST-51060,Commercial,East,Online,2023-02-27,2024-01-16,0.253,363.36,0,0.0,67.0,14
POL-100228,CUST-51889,Motor,South,Agent,2023-02-04,2023-08-19,0.395,428.15,0,0.0,42.0,16
POL-100229,CUST-51224,Commercial,West,Direct,2022-05-10,2022-12-26,0.427,448.79,0,0.0,18.0,3
POL-100230,CUST-52303,Home,North,Agent,2022-12-05,2023-06-28,0.85,679.15,0,0.0,18.0,19
POL-100231,CUST-51524,Commercial,South,Online,2023-09-18,2024-06-15,0.937,1768.07,0,0.0,42.0,15
POL-100232,CUST-52075,Motor,South,Agent,2022-01-15,2022-09-07,0.554,448.98,0,0.0,54.0,2
POL-100233,CUST-51857,Home,South,Broker,2023-07-08,2024-02-09,0.554,314.84,0,0.0,71.0,11
POL-100234,CUST-52450,Motor,East,Online,2022-12-26,2023-09-02,0.784,890.93,0,0.0,25.0,16
POL-100235,CUST-50439,Liability,North,Broker,2023-06-10,2024-05-15,0.72,878.04,0,0.0,48.0,9
POL-100236,CUST-52972,Home,Central,Agent,2023-04-30,2024-02-07,0.388,269.08,0,0.0,34.0,7
POL-100237,CUST-52263,Home,East,Agent,2022-11-12,2023-10-11,0.331,206.34,0,0.0,43.0,5
POL-100238,CUST-50594,Commercial,South,Agent,2022-08-14,2023-07-29,0.578,1121.76,0,0.0,43.0,10
POL-100239,CUST-50081,Motor,North,Agent,2023-04-03,2024-03-15,0.674,700.69,0,0.0,35.0,19
POL-100240,CUST-50076,Home,Central,Broker,2022-04-13,2022-12-14,0.354,217.68,0,0.0,19.0,12
POL-100241,CUST-52097,Commercial,Central,Broker,2023-03-03,2024-02-09,0.47,714.01,0,0.0,22.0,14
POL-100242,CUST-51268,Motor,East,Online,2022-03-11,2023-02-23,0.479,313.06,0,0.0,47.0,15
POL-100243,CUST-50549,Liability,South,Direct,2023-04-20,2024-04-12,0.446,,0,0.0,30.0,15
POL-100244,CUST-50953,Commercial,East,Online,2023-04-04,2023-12-05,0.596,1114.12,0,0.0,36.0,8
POL-100245,CUST-51340,Liability,Central,Broker,2022-03-03,2022-10-11,0.74,688.18,0,0.0,23.0,15
POL-100246,CUST-50123,Commercial,South,Broker,2023-07-07,2024-04-20,0.632,840.12,0,0.0,20.0,6
POL-100247,CUST-51684,Motor,West,Broker,2022-10-31,2023-10-19,0.401,298.78,0,0.0,25.0,11
POL-100248,CUST-50108,Home,Central,Broker,2023-07-29,2024-07-10,0.327,166.53,0,0.0,39.0,6
POL-100249,CUST-51942,Motor,West,Agent,2022-01-31,2022-11-13,0.866,1003.64,1,2973.16,27.0,18
POL-100250,CUST-50183,Commercial,Central,Online,2022-05-12,2022-12-05,0.609,1087.32,0,0.0,31.0,14
POL-100251,CUST-52373,Motor,Central,Direct,2022-12-27,2023-09-11,0.297,253.3,0,0.0,35.0,11
POL-100252,CUST-50759,Commercial,North,Agent,2022-05-18,2023-03-26,0.444,500.31,0,0.0,34.0,9
POL-100253,CUST-51548,Motor,South,Broker,2022-08-29,2023-06-09,0.853,578.3,0,0.0,18.0,10
POL-100254,CUST-51157,Motor,North,Agent,2023-04-28,2023-12-28,0.814,828.1,0,0.0,24.0,15
POL-100255,CUST-52640,Motor,East,Broker,2022-04-16,2022-12-15,0.907,649.26,0,0.0,72.0,5
POL-100256,CUST-52383,Commercial,East,Broker,2023-05-10,2023-11-17,0.702,960.4,0,0.0,56.0,16
POL-100257,CUST-52865,Motor,North,Online,2022-03-17,2022-11-05,0.567,660.23,0,0.0,25.0,5
POL-100258,CUST-52146,Motor,East,Broker,2022-05-08,2023-03-08,0.57,536.26,0,0.0,34.0,2
POL-100259,CUST-52928,Motor,North,Broker,2023-03-05,2023-10-15,0.396,426.08,0,0.0,39.0,14
POL-100260,CUST-50675,Motor,East,Direct,2023-08-03,2024-08-01,0.738,484.73,0,0.0,69.0,14
POL-100261,CUST-50958,Liability,South,Online,2022-05-05,2022-11-16,0.689,628.81,0,0.0,68.0,6
POL-100262,CUST-52428,Home,Central,Online,2022-08-07,2023-05-23,0.366,301.11,0,0.0,61.0,12
POL-100263,CUST-50096,Motor,West,Broker,2023-11-07,2024-08-05,0.914,984.58,0,0.0,24.0,14
POL-100264,CUST-50536,Motor,West,Broker,2023-12-24,2024-11-22,0.526,539.39,0,0.0,45.0,15
POL-100265,CUST-52147,Motor,Central,Direct,2023-03-01,2024-02-09,0.287,271.07,0,0.0,45.0,19
POL-100266,CUST-51199,Motor,North,Online,2022-11-23,2023-08-31,0.496,374.49,0,0.0,54.0,17
POL-100267,CUST-50755,Motor,South,Online,2022-09-11,2023-07-05,0.902,850.91,0,0.0,66.0,8
POL-100268,CUST-50910,Motor,West,Broker,2023-03-24,2024-01-28,0.938,586.44,0,0.0,36.0,4
POL-100269,CUST-52303,Motor,West,Direct,2023-03-08,2023-12-09,0.618,442.1,0,0.0,49.0,1
POL-100270,CUST-51440,Motor,North,Agent,2022-08-04,2023-03-06,0.967,873.56,0,0.0,33.0,11
POL-100271,CUST-50015,Commercial,South,Agent,2022-01-17,2022-10-03,0.906,921.41,0,0.0,29.0,13
POL-100272,CUST-51549,Motor,South,Agent,2022-04-21,2022-12-01,0.869,637.13,0,0.0,35.0,13
POL-100273,CUST-52331,Home,North,Agent,2023-12-01,2024-08-23,0.895,447.57,0,0.0,59.0,0
POL-100274,CUST-50499,Home,West,Broker,2022-11-02,2023-08-23,0.536,313.0,0,0.0,42.0,14
POL-100275,CUST-50210,Commercial,North,Broker,2022-12-19,2023-07-25,0.817,1541.05,0,0.0,56.0,15
POL-100276,CUST-51883,Motor,Central,Direct,2022-12-07,2023-07-21,0.683,791.4,0,0.0,57.0,14
POL-100277,CUST-52638,Commercial,East,Direct,2023-07-26,2024-06-23,0.79,934.2,0,0.0,38.0,10
POL-100278,CUST-50212,Commercial,West,Agent,2022-02-17,2022-10-25,0.383,478.57,0,0.0,72.0,0
POL-100279,CUST-51953,Liability,East,Direct,2022-03-02,2022-10-04,0.799,1012.3,0,0.0,20.0,9
POL-100280,CUST-52336,Commercial,Central,Agent,2022-07-21,2023-05-29,0.968,1152.18,0,0.0,69.0,12
POL-100281,CUST-50485,Motor,South,Agent,2022-12-22,2023-10-31,0.477,494.21,0,0.0,18.0,11
POL-100282,CUST-50781,Liability,East,Online,2023-05-05,2024-04-02,0.99,-737.19,0,0.0,39.0,11
POL-100283,CUST-51523,Commercial,North,Agent,2022-12-25,2023-11-11,0.534,893.4,0,0.0,65.0,10
POL-100284,CUST-51832,Motor,Central,Agent,2022-11-19,2023-11-18,0.4,301.24,0,0.0,57.0,11
POL-100285,CUST-51515,Motor,East,Direct,2023-11-16,2024-08-28,0.334,347.69,0,0.0,36.0,6
POL-100286,CUST-50551,Liability,North,Broker,2022-04-28,2022-12-17,0.839,874.48,1,5584.6,68.0,12
POL-100287,CUST-52637,Motor,Central,Broker,2023-02-22,2024-01-28,0.666,467.16,0,0.0,25.0,5
POL-100288,CUST-51262,Commercial,Central,Direct,2023-01-31,2023-09-17,0.48,683.17,0,0.0,56.0,9
POL-100289,CUST-51597,Motor,North,Direct,2022-12-12,2023-08-03,0.706,636.13,0,0.0,47.0,8
POL-100290,CUST-51607,Commercial,Central,Broker,2023-08-13,2024-07-12,0.499,1010.93,0,0.0,29.0,14
POL-100291,CUST-51651,Motor,West,Online,2022-07-14,2023-06-22,0.586,516.16,0,0.0,70.0,17
POL-100292,CUST-50869,Commercial,South,Agent,2023-11-28,2024-07-28,0.897,1048.15,0,0.0,61.0,12
POL-100293,CUST-50956,Home,West,Broker,2022-08-31,2023-07-12,0.751,506.9,0,0.0,18.0,2
POL-100294,CUST-50416,Liability,West,Agent,2023-02-02,2024-01-19,0.822,688.07,0,0.0,22.0,13
POL-100295,CUST-52185,Motor,East,Agent,2023-01-16,2023-12-10,0.688,769.42,0,0.0,21.0,6
POL-100296,CUST-50940,Motor,West,Online,2023-09-13,2024-03-11,0.994,1084.72,0,0.0,41.0,0
POL-100297,CUST-50150,Motor,North,Direct,2022-11-17,2023-09-16,0.431,289.44,0,0.0,41.0,3
POL-100298,CUST-50139,Motor,Central,Agent,2022-07-27,2023-02-23,0.447,422.45,0,-500.0,59.0,19
POL-100299,CUST-52903,Liability,Central,Broker,2022-01-16,2022-12-19,0.319,371.25,0,0.0,56.0,8
POL-100300,CUST-51283,Motor,South,Agent,2022-09-23,2023-04-03,0.666,496.0,0,0.0,18.0,4
POL-100301,CUST-51818,Motor,East,Direct,2023-08-27,2024-08-25,0.71,-687.06,0,-500.0,45.0,2
POL-100302,CUST-51602,Commercial,South,Broker,2022-01-08,2022-08-08,0.794,1178.8,0,0.0,62.0,13
POL-100303,CUST-52536,Motor,South,Online,2023-10-17,2024-07-01,0.502,442.68,0,0.0,69.0,15
POL-100304,CUST-52663,Motor,South,Agent,2023-02-01,2023-09-12,0.259,239.06,0,0.0,34.0,7
POL-100305,CUST-52343,Home,Central,Agent,2022-04-13,2023-03-10,0.724,493.36,0,0.0,20.0,2
POL-100306,CUST-52946,Motor,West,Online,2022-08-09,2023-04-19,0.999,1016.31,0,0.0,26.0,7
POL-100307,CUST-50654,Commercial,Central,Online,2023-02-09,2023-12-24,0.471,694.35,0,0.0,37.0,13
POL-100308,CUST-51348,Home,West,Agent,2022-08-19,2023-02-27,0.388,290.08,0,0.0,43.0,2
POL-100309,CUST-50867,Motor,West,Broker,2022-03-21,2022-12-10,0.461,407.58,0,0.0,38.0,5
POL-100310,CUST-52498,Home,North,Online,2023-05-02,2024-04-15,0.569,410.63,1,3483.76,23.0,0
POL-100311,CUST-50834,Commercial,Central,Direct,2023-05-06,2024-04-22,0.438,561.54,0,0.0,37.0,9
POL-100312,CUST-52382,Motor,West,Direct,2022-03-28,2022-11-01,0.51,467.83,0,0.0,34.0,3
POL-100313,CUST-50676,Commercial,North,Direct,2022-07-25,2023-04-04,0.729,1086.22,0,0.0,45.0,3
POL-100314,CUST-52078,Motor,North,Online,2022-06-28,2023-03-11,0.509,394.38,0,0.0,22.0,2
POL-100315,CUST-50047,Home,West,Broker,2023-04-27,2024-02-06,0.547,252.19,0,0.0,63.0,14
POL-100316,CUST-52366,Commercial,South,Agent,2023-06-18,2024-03-23,0.28,429.2,0,0.0,41.0,9
POL-100317,CUST-52480,Motor,South,Broker,2023-06-15,2023-12-31,0.938,563.55,0,,36.0,18
POL-100318,CUST-51689,Home,South,Direct,2023-11-17,2024-10-03,0.555,334.77,0,0.0,69.0,7
POL-100319,CUST-51613,Motor,Central,Broker,2023-07-16,2024-02-22,0.496,404.51,0,0.0,60.0,4
POL-100320,CUST-51377,Commercial,South,Agent,2022-08-23,2023-04-18,0.315,522.35,0,0.0,25.0,4
POL-100321,CUST-51773,Home,South,Direct,2022-03-20,2023-02-19,0.726,626.21,0,0.0,26.0,19
POL-100322,CUST-51696,Motor,South,Broker,2023-03-25,2024-01-27,0.898,992.75,0,0.0,18.0,11
POL-100323,CUST-51475,Motor,North,Online,2023-10-31,2024-07-10,0.281,330.22,0,0.0,49.0,6
POL-100324,CUST-51561,Liability,North,Broker,2023-12-13,2024-11-26,0.359,480.47,0,0.0,38.0,13
POL-100325,CUST-50373,Motor,East,Direct,2022-06-18,2023-02-26,0.36,230.07,0,0.0,39.0,11
POL-100326,CUST-51397,Motor,North,Broker,2022-06-22,2023-04-03,0.702,535.46,0,0.0,47.0,2
POL-100327,CUST-51308,Motor,West,Agent,2022-01-28,2022-09-10,0.941,726.18,0,0.0,48.0,14
POL-100328,CUST-52685,Home,East,Broker,2022-04-14,2022-11-14,0.578,268.67,0,0.0,18.0,2
POL-100329,CUST-50880,Motor,East,Agent,2023-02-10,2023-11-08,0.508,558.17,0,0.0,24.0,3
POL-100330,CUST-52904,Commercial,South,Direct,2023-02-04,2023-11-15,0.824,1585.18,0,0.0,62.0,14
POL-100331,CUST-52676,Home,West,Direct,2022-09-28,2023-08-23,0.807,562.12,0,0.0,72.0,8
POL-100332,CUST-52349,Motor,East,Agent,2022-08-15,2023-04-24,0.435,489.44,0,0.0,65.0,4
POL-100333,CUST-52103,Home,North,Broker,2023-08-29,2024-08-09,0.371,276.04,0,0.0,69.0,1
POL-100334,CUST-50950,Motor,East,Online,2022-12-02,2023-09-20,0.518,443.99,0,0.0,44.0,11
POL-100335,CUST-50487,Motor,North,Agent,2023-08-14,2024-02-23,0.832,569.23,0,0.0,65.0,13
POL-100336,CUST-52369,Home,East,Online,2023-12-05,2024-10-17,0.771,655.34,0,0.0,68.0,4
POL-100337,CUST-52105,Motor,East,Agent,2022-08-20,2023-06-02,0.749,754.17,1,5686.21,68.0,8
POL-100338,CUST-52494,Commercial,East,Agent,2022-05-28,2023-02-04,0.872,1198.56,0,0.0,26.0,6
POL-100339,CUST-51645,Home,South,Broker,2023-11-27,2024-08-19,0.458,224.33,0,0.0,26.0,17
POL-100340,CUST-52694,Motor,East,Agent,2023-04-09,2023-12-01,0.505,540.55,0,0.0,40.0,15
POL-100341,CUST-50245,Liability,West,Online,2022-08-01,2023-05-22,0.282,348.6,0,0.0,46.0,5
POL-100342,CUST-50329,Home,Central,Direct,2023-03-30,2024-01-09,0.902,604.04,0,0.0,72.0,10
POL-100343,CUST-50208,Motor,Central,Direct,2023-01-11,2023-10-01,0.687,817.51,0,0.0,36.0,18
POL-100344,CUST-50964,Home,North,Direct,2023-10-24,2024-06-13,0.474,285.21,0,0.0,65.0,6
POL-100345,CUST-50442,Liability,West,Direct,2022-07-06,2023-03-17,0.302,402.34,0,0.0,68.0,2
POL-100346,CUST-50121,Motor,North,Direct,2023-12-25,2024-09-22,0.793,769.21,0,0.0,73.0,5
POL-100347,CUST-52431,Motor,East,Direct,2023-11-15,2024-08-08,0.812,838.94,0,0.0,28.0,12
POL-100348,CUST-50468,Home,West,Online,2022-05-12,2023-01-04,0.75,624.01,0,0.0,31.0,19
POL-100349,CUST-52489,Motor,East,Broker,2022-05-01,2023-02-13,0.403,439.08,1,5836.75,30.0,6
POL-100350,CUST-51927,Motor,Central,Broker,2023-01-25,2023-09-04,0.935,716.92,0,0.0,59.0,1
POL-100351,CUST-51824,Home,Central,Broker,2022-02-02,2022-11-02,0.815,660.46,0,0.0,57.0,3
POL-100352,CUST-50350,Commercial,Central,Broker,2022-08-07,2023-02-25,0.743,1161.16,0,0.0,41.0,8
POL-100353,CUST-50046,Commercial,West,Agent,2022-11-14,2023-08-08,0.738,782.65,0,0.0,23.0,1
POL-100354,CUST-50418,Motor,West,Broker,2023-12-09,2024-10-29,0.928,924.22,0,0.0,47.0,0
POL-100355,CUST-50951,Motor,Central,Broker,2023-12-26,2024-11-22,0.946,844.13,0,0.0,59.0,13
POL-100356,CUST-52869,Motor,South,Agent,2022-04-21,2023-02-24,0.697,637.26,0,0.0,45.0,16
POL-100357,CUST-51202,Motor,South,Online,2023-10-13,2024-08-26,0.563,472.84,0,0.0,33.0,4
POL-100358,CUST-50699,Home,South,Direct,2022-03-08,2022-09-16,0.523,241.53,0,0.0,51.0,10
POL-100359,CUST-50853,Motor,West,Agent,2023-07-01,2024-02-29,0.864,606.72,0,0.0,55.0,11
POL-100360,CUST-51004,Commercial,South,Online,2023-09-10,2024-07-07,0.733,1306.79,0,0.0,51.0,13
POL-100361,CUST-51743,Home,North,Online,2023-10-13,2024-09-05,0.308,164.98,0,0.0,67.0,19
POL-100362,CUST-52418,Home,West,Online,2022-06-13,2023-03-28,0.357,252.2,0,0.0,35.0,17
POL-100363,CUST-50186,Commercial,West,Agent,2023-10-15,2024-09-17,0.925,1447.61,0,0.0,52.0,6
POL-100364,CUST-52324,Home,East,Broker,2022-03-26,2022-11-11,0.913,483.97,0,0.0,66.0,19
POL-100365,CUST-50059,Commercial,Central,Broker,2023-01-14,2023-08-10,0.964,1252.99,1,6196.66,30.0,0
POL-100366,CUST-50965,Commercial,West,Direct,2022-12-09,2023-06-23,0.571,801.87,0,0.0,34.0,19
POL-100367,CUST-51763,Home,Central,Direct,2022-08-19,2023-06-03,0.838,683.81,0,0.0,20.0,2
POL-100368,CUST-50314,Motor,South,Direct,2022-01-17,2022-11-16,0.871,1006.07,0,0.0,39.0,2
POL-100369,CUST-50793,Motor,North,Direct,2023-07-18,2024-03-07,0.487,401.83,0,0.0,20.0,2
POL-100370,CUST-51915,Commercial,South,Online,2022-09-02,2023-07-24,0.359,381.2,0,0.0,60.0,2
POL-100371,CUST-52059,Motor,Central,Broker,2023-04-29,2024-03-11,0.998,950.63,0,0.0,23.0,9
POL-100372,CUST-50248,Liability,Central,Online,2022-10-27,2023-06-30,0.273,265.48,0,0.0,57.0,12
POL-100373,CUST-52332,Motor,North,Online,2022-09-30,2023-05-12,0.698,619.77,0,0.0,51.0,14
POL-100374,CUST-51224,Commercial,Central,Agent,2023-10-09,2024-08-22,0.738,1080.12,0,0.0,74.0,0
POL-100375,CUST-51833,Motor,East,Online,2022-03-10,2023-01-08,0.761,749.18,0,0.0,37.0,5
POL-100376,CUST-50637,Liability,Central,Agent,2023-06-22,2024-01-19,0.442,395.52,0,0.0,37.0,2
POL-100377,CUST-52969,Motor,West,Agent,2023-06-30,2024-02-12,0.791,890.76,0,0.0,31.0,2
POL-100378,CUST-52283,Motor,North,Online,2022-10-05,2023-07-02,0.412,348.41,0,0.0,48.0,14
POL-100379,CUST-51928,Commercial,East,Broker,2022-07-11,2023-04-12,0.872,1187.48,0,0.0,30.0,12
POL-100380,CUST-50557,Motor,North,Broker,2022-01-04,2022-08-02,0.414,473.68,0,0.0,24.0,4
POL-100381,CUST-52318,Motor,South,Online,2023-11-15,2024-11-05,0.773,624.66,0,0.0,72.0,6
POL-100382,CUST-51132,Commercial,West,Broker,2023-11-23,2024-08-01,0.838,921.23,0,0.0,56.0,18
POL-100383,CUST-51923,Commercial,West,Agent,2022-06-25,2023-03-02,0.392,459.69,0,0.0,24.0,11
POL-100384,CUST-51950,Motor,West,Agent,2022-01-24,2022-08-03,0.428,436.56,1,3986.61,53.0,4
POL-100385,CUST-52416,Home,West,Broker,2022-03-31,2023-03-08,0.834,565.49,0,0.0,35.0,18
POL-100386,CUST-52508,Motor,North,Agent,2022-02-19,2022-09-30,0.314,286.71,0,0.0,28.0,3
POL-100387,CUST-51171,Motor,East,Agent,2023-08-30,2024-08-27,0.393,253.01,1,6232.8,44.0,5
POL-100388,CUST-50243,Home,East,Online,2023-10-14,2024-07-12,0.592,299.08,0,0.0,62.0,13
POL-100389,CUST-51303,Motor,East,Agent,2022-04-22,2023-03-30,0.948,787.55,0,0.0,18.0,10
POL-100390,CUST-51200,Home,South,Broker,2023-06-30,2024-01-29,0.671,421.68,0,0.0,38.0,1
POL-100391,CUST-51005,Motor,West,Agent,2022-05-11,2022-12-07,0.541,443.11,0,0.0,70.0,16
POL-100392,CUST-51465,Commercial,West,Broker,2022-09-26,2023-08-21,0.984,1500.88,0,0.0,40.0,4
POL-100393,CUST-51729,Home,East,Direct,2023-03-14,2024-02-09,0.598,449.91,0,0.0,23.0,13
POL-100394,CUST-51870,Motor,North,Broker,2023-06-10,2024-03-17,0.575,559.62,0,0.0,42.0,6
POL-100395,CUST-51123,Liability,North,Agent,2023-10-01,2024-04-03,0.559,617.89,0,0.0,56.0,15
POL-100396,CUST-51849,Commercial,South,Agent,2022-02-02,2023-01-23,0.484,765.27,0,0.0,74.0,17
POL-100397,CUST-52963,Motor,East,Agent,2022-05-24,2023-02-01,0.494,352.99,0,0.0,53.0,15
POL-100398,CUST-51952,Liability,Central,Agent,2022-07-24,2023-07-13,0.766,843.2,0,0.0,20.0,18
POL-100399,CUST-51809,Motor,West,Broker,2022-08-15,2023-07-22,0.281,193.69,0,0.0,64.0,10
POL-100400,CUST-50856,Motor,East,Agent,2023-12-30,2024-12-02,0.761,775.6,0,0.0,62.0,1
POL-100401,CUST-51007,Motor,South,Agent,2023-07-22,2024-05-25,0.401,346.51,0,0.0,55.0,10
POL-100402,CUST-50154,Motor,North,Agent,2022-08-22,2023-06-23,0.538,506.24,0,0.0,69.0,9
POL-100403,CUST-51524,Home,North,Online,2023-12-11,2024-09-15,0.36,291.04,0,0.0,61.0,14
POL-100404,CUST-50223,Home,North,Broker,2022-12-31,2023-07-03,0.665,396.29,0,0.0,31.0,4
POL-100405,CUST-52341,Commercial,Central,Broker,2023-01-01,2023-09-10,0.797,889.66,0,0.0,42.0,13
POL-100406,CUST-52871,Motor,North,Broker,2022-11-13,2023-09-24,0.516,580.7,0,0.0,46.0,8
POL-100407,CUST-52418,Motor,Central,Broker,2022-04-16,2023-03-13,0.373,302.94,0,0.0,45.0,13
POL-100408,CUST-50469,Motor,East,Agent,2023-11-14,2024-08-24,0.42,351.49,1,2593.59,54.0,8
POL-100409,CUST-51911,Motor,West,Broker,2022-01-11,2022-11-18,0.864,666.26,0,0.0,57.0,7
POL-100410,CUST-51291,Liability,Central,Broker,2022-05-08,2022-11-08,0.451,439.38,0,0.0,23.0,4
POL-100411,CUST-50006,Commercial,West,Broker,2022-06-17,2023-03-11,0.831,1282.89,0,0.0,50.0,16
POL-100412,CUST-52149,Commercial,North,Agent,2022-07-23,2023-04-23,0.498,931.74,0,0.0,20.0,1
POL-100413,CUST-52605,Commercial,Central,Online,2022-04-07,2023-03-19,0.392,684.42,0,0.0,47.0,4
POL-100414,CUST-51385,Motor,North,Direct,2022-01-14,2022-09-08,0.795,715.82,0,0.0,42.0,8
POL-100415,CUST-52729,Motor,East,Agent,2023-05-10,2023-12-18,0.601,630.74,0,0.0,29.0,3
POL-100416,CUST-50166,Motor,West,Online,2023-12-09,2024-08-10,0.273,300.15,0,0.0,74.0,18
POL-100417,CUST-52614,Commercial,South,Agent,2022-03-30,2022-10-27,0.97,1041.8,0,0.0,32.0,6
POL-100418,CUST-52043,Motor,West,Agent,2022-08-05,2023-05-15,0.361,342.0,1,2818.57,21.0,4
POL-100419,CUST-52013,Motor,West,Agent,2023-01-05,2023-10-31,0.515,319.68,0,,38.0,5
POL-100420,CUST-51509,Home,Central,Online,2023-11-09,2024-10-03,0.539,306.0,0,0.0,61.0,3
POL-100421,CUST-50081,Motor,Central,Agent,2023-05-22,2024-05-16,0.617,647.01,0,0.0,18.0,13
POL-100422,CUST-51356,Home,South,Direct,2023-07-14,2024-01-23,0.839,652.25,0,0.0,46.0,9
POL-100423,CUST-52852,Motor,West,Direct,2023-03-01,2023-10-12,0.255,285.82,0,0.0,41.0,4
POL-100424,CUST-51387,Home,Central,Broker,2022-11-01,2023-06-24,0.949,617.07,0,0.0,67.0,17
POL-100425,CUST-50203,Motor,North,Broker,2022-05-26,2023-01-07,0.734,473.48,0,0.0,18.0,13
POL-100426,CUST-51482,Commercial,West,Agent,2023-09-23,2024-08-21,0.963,1101.37,0,0.0,18.0,8
POL-100427,CUST-50448,Commercial,Central,Direct,2023-08-11,2024-03-03,0.863,1089.95,0,0.0,50.0,10
POL-100428,CUST-51264,Motor,North,Broker,2022-01-19,2022-07-23,0.946,772.36,0,0.0,28.0,13
POL-100429,CUST-51883,Commercial,West,Broker,2023-06-07,2024-05-12,0.701,1086.17,0,0.0,58.0,3
POL-100430,CUST-50200,Commercial,North,Agent,2022-03-03,2023-02-24,0.518,865.38,1,18978.72,33.0,16
POL-100431,CUST-51385,Home,East,Direct,2023-06-24,2024-02-01,0.582,293.63,0,0.0,50.0,5
POL-100432,CUST-51516,Liability,Central,Direct,2023-08-26,2024-04-23,0.744,606.83,0,0.0,20.0,0
POL-100433,CUST-52264,Commercial,Central,Broker,2022-04-06,2023-01-04,0.57,678.63,0,0.0,57.0,10
POL-100434,CUST-50203,Motor,West,Broker,2022-11-13,2023-08-17,0.799,834.31,0,0.0,47.0,17
POL-100435,CUST-51899,Motor,West,Agent,2022-04-01,2023-03-31,0.319,247.14,0,0.0,18.0,14
POL-100436,CUST-51865,Motor,South,Agent,2023-02-19,2023-11-01,0.872,605.34,0,0.0,33.0,6
POL-100437,CUST-50012,Home,Central,Agent,2023-11-09,2024-05-09,0.403,250.35,0,0.0,21.0,7
POL-100438,CUST-50358,Liability,West,Direct,2022-03-01,2022-11-14,0.958,819.85,0,0.0,20.0,11
POL-100439,CUST-51928,Home,Central,Agent,2022-10-18,2023-07-28,0.367,218.1,0,0.0,57.0,4
POL-100440,CUST-52580,Motor,West,Agent,2023-12-12,2024-09-13,0.347,376.6,0,0.0,42.0,16
POL-100441,CUST-52574,Liability,North,Agent,2022-08-08,2023-05-10,0.859,786.03,0,0.0,63.0,5
POL-100442,CUST-52306,Commercial,East,Agent,2022-04-07,2023-03-24,0.864,1030.3,0,0.0,32.0,4
POL-100443,CUST-52556,Motor,West,Broker,2022-12-23,2023-11-18,0.804,589.58,0,0.0,58.0,1
POL-100444,CUST-51819,Liability,West,Direct,2023-01-07,2023-08-21,0.97,688.28,0,0.0,53.0,13
POL-100445,CUST-50472,Motor,South,Broker,2023-04-29,2023-12-31,0.453,512.42,0,0.0,55.0,0
POL-100446,CUST-51594,Home,North,Broker,2022-08-18,2023-06-18,0.87,640.74,0,0.0,65.0,16
POL-100447,CUST-51042,Home,Central,Broker,2023-11-29,2024-08-11,0.514,326.44,0,0.0,58.0,19
POL-100448,CUST-50765,Liability,Central,Broker,2023-01-16,2023-10-02,0.653,699.2,0,0.0,60.0,2
POL-100449,CUST-50358,Motor,Central,Online,2022-07-29,2023-02-25,0.584,435.77,0,0.0,60.0,1
POL-100450,CUST-50059,Motor,West,Online,2023-12-03,2024-07-17,0.254,212.14,0,0.0,43.0,18
POL-100451,CUST-52254,Home,Central,Online,2023-11-07,2024-09-19,0.681,390.08,0,0.0,59.0,2
POL-100452,CUST-50510,Commercial,East,Online,2022-12-31,2023-12-02,0.811,1501.9,0,0.0,66.0,8
POL-100453,CUST-51882,Motor,West,Online,2022-01-19,2022-12-10,0.381,395.23,0,0.0,60.0,17
POL-100454,CUST-50907,Motor,East,Broker,2023-03-12,2023-11-04,0.949,724.95,0,0.0,52.0,2
POL-100455,CUST-51453,Liability,West,Broker,2023-02-10,2023-09-03,0.648,783.37,0,0.0,22.0,13
POL-100456,CUST-51192,Commercial,North,Direct,2022-04-19,2022-11-14,0.384,426.37,0,0.0,42.0,7
POL-100457,CUST-50899,Motor,South,Agent,2023-04-08,2023-12-17,0.734,525.2,0,0.0,21.0,8
POL-100458,CUST-51441,Motor,South,Broker,2023-09-06,2024-06-08,0.394,259.37,0,0.0,23.0,18
POL-100459,CUST-52361,Home,East,Online,2022-03-19,2023-02-28,0.298,160.14,0,0.0,38.0,12
POL-100460,CUST-51512,Home,Central,Broker,2023-06-13,2024-05-25,0.764,406.58,-1,0.0,44.0,6
POL-100461,CUST-52374,Home,North,Agent,2022-04-13,2022-10-10,0.333,274.67,0,0.0,48.0,18
POL-100462,CUST-52732,Commercial,West,Broker,2023-07-01,2024-05-07,0.33,444.61,0,0.0,69.0,11
POL-100463,CUST-51473,Motor,Central,Agent,2022-11-02,2023-06-25,0.805,649.12,0,0.0,61.0,1
POL-100464,CUST-52407,Commercial,West,Broker,2022-01-05,2022-08-09,0.291,324.83,0,0.0,42.0,7
POL-100465,CUST-50373,Motor,West,Broker,2023-12-07,2024-09-15,0.857,543.56,0,0.0,,4
POL-100466,CUST-51697,Commercial,North,Broker,2022-05-02,2022-11-04,0.847,1048.31,0,0.0,58.0,12
POL-100467,CUST-51396,Motor,West,Broker,2023-03-12,2023-11-09,0.356,240.32,0,0.0,33.0,17
POL-100468,CUST-50016,Motor,South,Agent,2022-05-13,2023-02-19,0.639,511.23,0,0.0,68.0,0
POL-100469,CUST-52688,Motor,South,Broker,2023-11-13,2024-06-30,0.322,227.23,1,4942.16,62.0,15
POL-100470,CUST-52224,Motor,Central,Agent,2023-06-23,2024-04-08,0.724,507.53,0,0.0,56.0,18
POL-100471,CUST-51752,Motor,West,Broker,2023-08-11,2024-05-02,0.297,291.14,0,0.0,32.0,19
POL-100472,CUST-52086,Home,Central,Direct,2022-11-12,2023-10-06,0.958,807.47,0,0.0,53.0,13
POL-100473,CUST-52262,Commercial,East,Agent,2022-12-08,2023-07-09,0.406,417.23,1,16170.1,64.0,6
POL-100474,CUST-52332,Home,South,Online,2023-04-09,2023-10-16,0.762,564.04,0,0.0,22.0,2
POL-100475,CUST-50884,Home,Central,Direct,2023-07-27,2024-04-30,0.346,249.15,0,0.0,28.0,18
POL-100476,CUST-51253,Motor,West,Agent,2023-09-11,2024-04-25,0.407,383.84,0,0.0,47.0,8
POL-100477,CUST-51029,Commercial,Central,Broker,2022-01-14,2022-11-21,0.588,1010.0,0,0.0,38.0,6
POL-100478,CUST-52733,Motor,North,Agent,2023-04-30,2023-11-13,0.68,610.42,0,0.0,58.0,14
POL-100479,CUST-50351,Motor,East,Agent,2022-03-21,2023-01-02,0.999,1145.37,0,0.0,40.0,14
POL-100480,CUST-52721,Motor,Central,Online,2022-07-30,2023-07-29,0.269,185.38,0,0.0,74.0,16
POL-100481,CUST-51028,Motor,Central,Direct,2023-08-29,2024-03-13,0.25,219.19,0,0.0,35.0,17
POL-100482,CUST-52335,Home,West,Direct,2022-07-02,2023-02-23,0.513,368.04,0,0.0,38.0,17
POL-100483,CUST-50508,Motor,North,Direct,2023-08-05,2024-07-07,0.525,596.23,0,0.0,18.0,3
POL-100484,CUST-52530,Motor,East,Online,2022-12-04,2023-09-09,0.913,808.03,1,3727.31,32.0,3
POL-100485,CUST-51616,Commercial,North,Online,2022-06-19,2023-01-17,0.934,1874.21,0,0.0,31.0,4
POL-100486,CUST-52954,Motor,Central,Agent,2022-09-01,2023-04-08,0.91,896.9,0,0.0,61.0,12
POL-100487,CUST-51181,Home,West,Agent,2023-01-23,2023-12-11,0.357,263.27,0,0.0,37.0,11
POL-100488,CUST-52983,Motor,North,Broker,2023-07-13,2024-06-17,0.559,604.74,0,0.0,29.0,17
POL-100489,CUST-52507,Commercial,West,Agent,2023-03-19,2023-11-21,0.809,1423.78,0,0.0,35.0,16
POL-100490,CUST-50024,Commercial,West,Broker,2023-11-13,2024-08-07,0.484,748.01,0,0.0,50.0,16
POL-100491,CUST-51148,Motor,North,Agent,2023-09-26,2024-08-16,0.747,787.87,0,0.0,62.0,1
POL-100492,CUST-51217,Commercial,North,Direct,2023-07-04,2024-02-01,0.428,449.94,0,0.0,73.0,13
POL-100493,CUST-50637,Motor,South,Agent,2023-03-17,2023-10-21,0.493,566.95,0,0.0,20.0,17
POL-100494,CUST-52634,Motor,North,Direct,2022-07-31,2023-06-20,0.895,970.87,0,0.0,65.0,19
POL-100495,CUST-50252,Home,East,Broker,2022-10-29,2023-05-31,0.438,311.31,0,0.0,40.0,6
POL-100496,CUST-50776,Commercial,Central,Agent,2022-03-28,2023-02-14,0.973,1055.5,1,15782.18,64.0,15
POL-100497,CUST-50757,Motor,North,Online,2022-10-01,2023-06-30,0.48,369.83,0,0.0,20.0,8
POL-100498,CUST-51255,Motor,West,Broker,2023-11-08,2024-11-06,0.268,199.9,0,0.0,53.0,3
POL-100499,CUST-52092,Motor,East,Direct,2022-11-07,2023-05-12,0.441,329.84,0,0.0,71.0,6
POL-100500,CUST-50020,Home,Central,Online,2022-03-25,2023-03-15,0.378,274.31,0,0.0,20.0,5
POL-100501,CUST-51878,Liability,East,Agent,2023-04-21,2023-11-28,0.63,810.83,0,0.0,63.0,18
POL-100502,CUST-51214,Motor,West,Agent,2023-12-04,2024-06-07,0.335,335.19,0,0.0,24.0,3
POL-100503,CUST-51859,Liability,Central,Agent,2023-09-26,2024-08-05,0.72,685.94,0,0.0,73.0,2
POL-100504,CUST-50185,Motor,North,Agent,2022-07-20,2023-04-25,0.906,1061.56,0,0.0,60.0,11
POL-100505,CUST-52574,Commercial,South,Online,2022-11-28,2023-10-29,0.522,986.85,0,0.0,69.0,11
POL-100506,CUST-51732,Liability,South,Online,2023-01-23,2023-08-11,0.376,434.73,0,0.0,69.0,11
POL-100507,CUST-50758,Home,North,Broker,2022-06-30,2023-01-11,0.55,333.58,0,0.0,36.0,2
POL-100508,CUST-52368,Motor,West,Direct,2022-07-16,2023-04-27,0.839,840.58,0,0.0,41.0,9
POL-100509,CUST-51412,Motor,North,Online,2022-06-22,2023-06-01,0.694,581.4,0,0.0,57.0,18
POL-100510,CUST-51170,Motor,South,Agent,2023-12-28,2024-09-08,0.326,224.07,0,0.0,27.0,1
POL-100511,CUST-50504,Home,North,Agent,2023-06-29,2024-05-22,0.653,458.78,0,0.0,35.0,15
POL-100512,CUST-51471,Liability,West,Online,2023-09-06,2024-08-19,0.601,700.1,0,0.0,23.0,2
POL-100513,CUST-50656,Motor,West,Direct,2023-08-20,2024-07-26,0.495,397.4,0,0.0,68.0,4
POL-100514,CUST-52200,Motor,East,Agent,2023-12-02,2024-09-01,0.333,382.26,0,0.0,32.0,17
POL-100515,CUST-51112,Motor,East,Broker,2022-03-18,2023-01-21,0.986,1087.84,0,0.0,41.0,5
POL-100516,CUST-50355,Home,East,Agent,2023-10-06,2024-07-09,0.382,262.42,0,0.0,43.0,10
POL-100517,CUST-52121,Home,North,Direct,2022-02-18,2022-12-20,0.395,181.76,0,0.0,39.0,7
POL-100518,CUST-52535,Motor,South,Direct,2022-12-14,2023-09-25,0.359,217.28,0,0.0,62.0,12
POL-100519,CUST-52501,Commercial,Central,Agent,2023-03-10,2023-12-12,0.678,1128.52,0,0.0,70.0,8
POL-100520,CUST-51454,Motor,North,Direct,2022-09-19,2023-06-07,0.583,629.18,0,0.0,50.0,8
POL-100521,CUST-50921,Home,West,Broker,2022-04-17,2023-02-12,0.437,284.55,0,0.0,65.0,16
POL-100522,CUST-50664,Motor,North,Direct,2022-05-21,2023-04-05,0.572,348.33,1,2708.84,24.0,11
POL-100523,CUST-51193,Motor,North,Direct,2023-08-26,2024-08-10,0.755,514.29,0,0.0,73.0,11
POL-100524,CUST-50304,Home,South,Broker,2022-08-21,2022-07-22,0.461,242.34,0,0.0,24.0,16
POL-100525,CUST-52662,Home,South,Agent,2022-08-15,2023-03-01,0.936,661.23,0,0.0,21.0,8
POL-100526,CUST-50747,Motor,South,Agent,2023-11-06,2024-08-21,0.48,424.42,0,0.0,19.0,16
POL-100527,CUST-52340,Commercial,Central,Direct,2022-04-16,2022-12-10,0.399,446.38,0,0.0,31.0,14
POL-100528,CUST-51155,Home,Central,Direct,2023-10-31,2024-05-02,0.966,629.57,0,0.0,65.0,17
POL-100529,CUST-52071,Motor,West,Agent,2023-11-04,2024-05-15,0.858,954.39,0,0.0,35.0,9
POL-100530,CUST-52732,Liability,North,Online,2023-03-13,2023-12-27,0.507,500.53,0,0.0,63.0,11
POL-100531,CUST-51221,Liability,Central,Online,2022-05-01,2023-04-21,0.881,694.88,0,0.0,42.0,2
POL-100532,CUST-52894,Motor,Central,Agent,2022-04-24,2023-01-23,0.639,599.97,0,0.0,23.0,2
POL-100533,CUST-51023,Liability,North,Agent,2022-07-27,2023-04-15,0.51,675.01,0,0.0,44.0,2
POL-100534,CUST-50763,Commercial,South,Broker,2023-02-26,2023-09-10,0.88,996.73,0,0.0,31.0,12
POL-100535,CUST-52170,Motor,West,Agent,2022-04-23,2023-02-22,0.814,560.08,0,0.0,34.0,6
POL-100536,CUST-50421,Home,North,Online,2022-11-29,2023-06-07,0.473,321.64,0,0.0,47.0,5
POL-100537,CUST-50279,Motor,North,Direct,2022-03-26,2023-02-25,0.705,562.1,0,0.0,63.0,12
POL-100538,CUST-51104,Home,West,Agent,2023-01-30,2023-12-27,0.527,433.55,1,2454.66,51.0,7
POL-100539,CUST-51630,Liability,South,Broker,2022-01-16,2023-01-15,0.251,294.91,0,0.0,30.0,2
POL-100540,CUST-51404,Motor,East,Agent,2023-06-02,2024-01-20,0.971,662.72,0,0.0,58.0,11
POL-100541,CUST-50182,Home,West,Broker,2022-02-10,2022-09-08,0.662,537.47,0,0.0,57.0,11
POL-100542,CUST-51644,Motor,East,Agent,2022-05-23,2023-01-13,0.699,683.04,0,0.0,31.0,2
POL-100543,CUST-51870,Home,West,Online,2022-05-08,2023-04-01,0.7,453.77,0,0.0,66.0,5
POL-100544,CUST-50854,Commercial,North,Direct,2023-08-30,2024-04-06,0.663,845.59,0,0.0,66.0,4
POL-100545,CUST-51705,Motor,North,Online,2022-02-08,2023-01-19,0.468,459.38,0,0.0,52.0,13
POL-100546,CUST-51064,Home,South,Agent,2022-11-10,2023-06-06,0.979,806.64,0,0.0,34.0,4
POL-100547,CUST-50179,Motor,South,Broker,2023-03-08,2023-09-13,0.716,442.41,0,0.0,38.0,0
POL-100548,CUST-52232,Commercial,South,Online,2023-01-12,2023-08-20,0.753,1051.02,0,0.0,43.0,5
POL-100549,CUST-51259,Commercial,West,Broker,2023-05-12,2024-03-27,0.591,1161.13,0,0.0,28.0,9
POL-100550,CUST-52950,Home,North,Broker,2023-08-10,2024-05-28,0.466,279.69,0,0.0,35.0,15
POL-100551,CUST-50577,Motor,North,Online,2022-10-15,2023-06-17,0.298,183.67,1,1257.57,25.0,1
POL-100552,CUST-50022,Home,South,Direct,2023-08-28,2024-06-25,0.513,245.23,0,0.0,26.0,17
POL-100553,CUST-52394,Home,South,Online,2022-08-21,2023-06-17,0.382,280.31,0,0.0,60.0,6
POL-100554,CUST-52586,Home,North,Broker,2023-12-20,2024-09-28,0.747,551.18,0,,25.0,6
POL-100555,CUST-52739,Home,North,Broker,2023-01-04,2023-10-06,0.909,439.89,0,0.0,44.0,0
POL-100556,CUST-52968,Commercial,East,Broker,2023-06-22,2024-01-06,0.477,590.29,0,0.0,42.0,5
POL-100557,CUST-50944,Motor,North,Broker,2023-10-01,2024-05-16,0.5,465.25,0,0.0,20.0,9
POL-100558,CUST-52036,Motor,North,Agent,2023-08-02,2024-05-06,0.753,755.63,0,0.0,65.0,12
POL-100559,CUST-50087,Liability,Central,Online,2023-09-14,2024-04-06,0.362,287.27,0,0.0,74.0,15
POL-100560,CUST-51252,Motor,North,Broker,2023-01-27,2023-10-22,0.947,820.62,0,0.0,54.0,10
POL-100561,CUST-52692,Liability,North,Broker,2022-02-01,2022-08-21,0.523,560.42,0,0.0,56.0,2
POL-100562,CUST-51903,Home,North,Online,2022-12-26,2023-11-17,0.326,148.52,0,0.0,31.0,7
POL-100563,CUST-52533,Liability,East,Direct,2022-05-13,2022-11-28,0.381,319.85,0,0.0,66.0,14
POL-100564,CUST-52838,Home,West,Agent,2023-10-12,2024-04-26,0.95,791.16,0,0.0,62.0,12
POL-100565,CUST-52390,Commercial,West,Direct,2022-06-22,2023-04-16,0.435,830.06,0,0.0,42.0,11
POL-100566,CUST-52061,Commercial,West,Broker,2022-06-16,2023-01-23,0.747,1002.71,0,0.0,58.0,10
POL-100567,CUST-51069,Home,North,Agent,2022-07-02,2023-03-04,0.367,297.53,0,0.0,72.0,10
POL-100568,CUST-51594,Motor,South,Agent,2023-04-15,2023-12-09,0.396,384.66,0,0.0,52.0,19
POL-100569,CUST-50239,Motor,West,Direct,2023-02-21,2023-09-29,0.909,1071.77,0,0.0,29.0,11
POL-100570,CUST-51731,Motor,West,Direct,2023-11-24,2024-10-10,0.361,422.33,0,0.0,36.0,11
POL-100571,CUST-52924,Liability,South,Online,2022-10-31,2023-09-04,0.264,292.83,0,0.0,28.0,6
POL-100572,CUST-50443,Motor,Central,Broker,2022-07-26,2023-03-07,0.626,546.73,0,0.0,36.0,9
POL-100573,CUST-51480,Commercial,Central,Broker,2022-02-05,2022-12-09,0.897,1040.0,1,17868.97,68.0,14
POL-100574,CUST-52698,Home,West,Agent,2022-01-06,2022-11-14,0.494,328.1,0,0.0,28.0,17
POL-100575,CUST-51069,Motor,West,Online,2022-09-30,2023-07-07,0.346,287.87,0,0.0,68.0,15
POL-100576,CUST-51767,Liability,Central,Online,2023-11-07,2024-08-20,0.987,1114.21,0,0.0,34.0,13
POL-100577,CUST-52331,Motor,West,Online,2023-01-18,2024-01-06,0.758,491.37,0,0.0,46.0,15
POL-100578,CUST-52364,Home,East,Broker,2023-10-15,2024-07-05,0.888,707.16,0,0.0,48.0,0
POL-100579,CUST-52012,Home,South,Agent,2022-03-16,2022-11-22,0.814,694.93,0,0.0,25.0,5
POL-100580,CUST-50188,Motor,South,Broker,2022-03-10,2022-12-15,0.774,556.95,0,0.0,28.0,4
POL-100581,CUST-50125,Motor,Central,Broker,2023-09-01,2024-08-01,0.538,522.67,0,0.0,35.0,13
POL-100582,CUST-52263,Home,South,Agent,2022-03-19,2023-01-24,0.493,385.55,0,0.0,21.0,15
POL-100583,CUST-52875,Motor,West,Agent,2022-02-07,2022-08-19,0.788,728.8,0,0.0,60.0,2
POL-100584,CUST-50803,Commercial,East,Agent,2022-10-22,2023-07-14,0.788,1548.0,0,0.0,49.0,3
POL-100585,CUST-51668,Home,South,Broker,2023-11-07,2024-09-19,0.963,631.87,0,0.0,66.0,9
POL-100586,CUST-50214,Motor,East,Online,2023-05-19,2023-12-26,0.676,511.04,0,0.0,67.0,19
POL-100587,CUST-50564,Motor,North,Direct,2022-03-14,2023-03-12,0.471,412.41,0,0.0,37.0,0
POL-100588,CUST-51453,Motor,West,Direct,2023-09-04,2024-07-30,0.617,546.22,1,3414.63,64.0,17
POL-100589,CUST-50047,Commercial,North,Agent,2023-09-08,2024-08-10,0.71,903.49,0,0.0,21.0,3
POL-100590,CUST-51766,Home,North,Direct,2023-08-08,2024-02-19,0.57,442.06,0,0.0,42.0,5
POL-100591,CUST-51656,Motor,South,Broker,2023-10-21,2024-08-03,0.843,811.44,0,0.0,55.0,12
POL-100592,CUST-50278,Home,East,Agent,2022-06-25,2023-03-30,0.688,409.18,0,0.0,44.0,14
POL-100593,CUST-51782,Home,South,Broker,2023-12-17,2024-10-08,0.257,158.57,0,0.0,60.0,17
POL-100594,CUST-51366,Home,Central,Agent,2022-08-23,2023-07-27,0.677,403.03,0,0.0,66.0,0
POL-100595,CUST-50298,Motor,Central,Online,2023-08-09,2024-04-10,0.725,624.59,0,0.0,42.0,0
POL-100596,CUST-50656,Motor,South,Online,2023-02-27,2023-12-03,0.936,851.03,0,0.0,33.0,9
POL-100597,CUST-51634,Motor,Central,Agent,2023-07-24,2024-05-25,0.56,443.46,0,0.0,51.0,11
POL-100598,CUST-52432,Home,North,Direct,2023-04-04,2024-02-18,0.681,537.36,0,0.0,67.0,5
POL-100599,CUST-51295,Home,North,Broker,2023-04-15,2024-03-03,0.606,507.17,0,0.0,74.0,12
POL-100600,CUST-51896,Motor,South,Agent,2023-03-26,2023-11-23,0.0,588.04,0,0.0,64.0,5
POL-100601,CUST-51312,Motor,Central,Direct,2023-07-23,2024-07-22,0.3,305.48,0,0.0,31.0,18
POL-100602,CUST-52584,Home,East,Direct,2023-06-24,2023-12-22,0.923,773.34,0,0.0,29.0,3
POL-100603,CUST-52925,Motor,West,Direct,2022-04-09,2023-01-05,0.933,661.69,0,0.0,50.0,13
POL-100604,CUST-51267,Home,West,Agent,2023-08-27,2024-06-15,0.661,341.3,0,0.0,40.0,10
POL-100605,CUST-50887,Motor,East,Broker,2023-01-27,2023-08-06,0.667,425.68,0,0.0,52.0,2
POL-100606,CUST-51727,Motor,Central,Agent,2022-08-24,2023-05-14,0.293,251.41,0,0.0,70.0,12
POL-100607,CUST-52652,Home,Central,Agent,2023-01-11,2023-10-28,0.698,403.25,0,0.0,49.0,2
POL-100608,CUST-51798,Motor,East,Agent,2023-12-07,2024-09-25,0.572,531.11,0,0.0,38.0,10
POL-100609,CUST-51033,Home,,Agent,2023-09-19,2024-04-08,0.782,492.48,0,0.0,67.0,12
POL-100610,CUST-52328,Motor,West,Agent,2023-09-01,2024-04-19,0.285,201.83,0,0.0,43.0,1
POL-100611,CUST-50538,Motor,East,Broker,2022-12-04,2023-07-17,0.783,648.13,0,0.0,52.0,4
POL-100612,CUST-50818,Home,North,Direct,2023-07-27,2024-05-21,0.465,207.64,0,0.0,25.0,5
POL-100613,CUST-50456,Motor,South,Agent,2022-10-09,2023-06-07,0.739,676.0,0,0.0,46.0,18
POL-100614,CUST-52738,Home,Central,Agent,2023-05-16,2024-02-26,0.72,397.18,0,0.0,42.0,4
POL-100615,CUST-52821,Commercial,South,Online,2023-04-12,2024-02-21,0.42,474.2,0,0.0,25.0,18
POL-100616,CUST-52875,Liability,West,Online,2022-07-02,2023-05-26,0.58,424.08,0,0.0,30.0,10
POL-100617,CUST-50069,Motor,Central,Agent,2022-07-14,2023-02-13,0.877,894.63,0,0.0,58.0,18
POL-100618,CUST-52697,Motor,West,Broker,2022-02-14,2023-01-28,0.704,522.49,0,0.0,28.0,16
POL-100619,CUST-50657,Motor,South,Agent,2022-04-13,2022-11-09,0.302,298.07,0,0.0,25.0,5
POL-100620,CUST-52857,Commercial,Central,Online,2022-11-13,2023-05-16,0.582,1072.48,0,0.0,21.0,11
POL-100621,CUST-51021,Motor,North,Broker,2022-12-15,2023-06-21,0.484,431.97,0,0.0,19.0,14
POL-100622,CUST-50918,Motor,West,Agent,2022-05-01,2022-12-04,0.731,492.82,0,0.0,42.0,1
POL-100623,CUST-51970,Commercial,South,Direct,2022-11-01,2023-10-09,0.711,1165.16,0,0.0,45.0,13
POL-100624,CUST-52370,Motor,West,Direct,2023-03-18,2023-10-22,0.258,164.5,0,0.0,53.0,9
POL-100625,CUST-51127,Home,East,Agent,2022-06-19,2023-04-23,0.706,556.78,0,0.0,50.0,0
POL-100626,CUST-52473,Home,East,Agent,2022-09-04,2023-05-19,0.801,612.37,0,0.0,48.0,17
POL-100627,CUST-50061,Home,South,Broker,2022-09-26,2023-04-01,0.827,503.23,0,0.0,74.0,5
POL-100628,CUST-52695,Commercial,East,Agent,2023-01-04,2023-09-23,0.294,378.71,0,0.0,32.0,17
POL-100629,CUST-51550,Motor,Central,Agent,2022-09-25,2023-03-29,0.478,486.21,0,0.0,58.0,4
POL-100630,CUST-51610,Home,Central,Online,2023-06-22,2024-03-16,0.566,384.98,0,0.0,22.0,10
POL-100631,CUST-52653,Home,East,Direct,2022-08-28,2023-06-07,0.385,191.33,0,0.0,66.0,7
POL-100632,CUST-50164,Motor,Central,Direct,2022-11-13,2023-08-16,0.566,592.44,0,0.0,38.0,17
POL-100633,CUST-52659,Commercial,Central,Direct,2022-10-05,2023-05-25,0.303,410.26,0,0.0,37.0,19
POL-100634,CUST-50609,Commercial,West,Broker,2022-05-14,2023-04-01,0.335,643.96,0,0.0,25.0,15
POL-100635,CUST-52974,Liability,East,Broker,2023-05-16,2024-03-01,0.752,943.77,0,0.0,47.0,16
POL-100636,CUST-52157,Commercial,North,Direct,2022-06-21,2023-02-03,0.447,578.84,0,0.0,40.0,15
POL-100637,CUST-51027,Motor,East,Agent,2022-08-05,2023-04-22,0.784,585.55,0,0.0,73.0,5
POL-100638,CUST-50198,Motor,South,Agent,2023-08-02,2024-02-18,0.286,237.88,0,0.0,28.0,18
POL-100639,CUST-50367,Motor,North,Agent,2023-11-24,2024-11-09,0.672,721.5,0,0.0,41.0,10
POL-100640,CUST-50365,Motor,Central,Direct,2023-05-05,2024-03-20,0.544,365.97,0,0.0,69.0,6
POL-100641,CUST-50208,Motor,South,Broker,2023-10-31,2024-06-20,0.848,664.03,0,0.0,64.0,3
POL-100642,CUST-51847,Motor,West,Broker,2023-09-16,2024-07-17,0.838,827.25,0,0.0,61.0,14
POL-100643,CUST-52601,Motor,Central,Broker,2022-12-18,2023-10-20,0.532,327.14,0,0.0,47.0,5
POL-100644,CUST-52399,Commercial,East,Online,2023-07-17,2024-05-05,0.717,768.44,0,0.0,67.0,13
POL-100645,CUST-52244,Motor,West,Agent,2022-08-28,2023-03-06,0.421,441.42,0,0.0,30.0,1
POL-100646,CUST-52941,Home,West,Broker,2022-12-03,2023-11-11,0.685,452.58,0,0.0,64.0,12
POL-100647,CUST-51882,Commercial,East,Direct,2023-01-26,2024-01-18,0.311,491.68,0,0.0,51.0,12
POL-100648,CUST-50284,Home,Central,Direct,2023-12-03,2024-11-28,0.576,312.2,0,0.0,37.0,10
POL-100649,CUST-51490,Motor,Central,Broker,2023-09-12,2024-09-08,0.387,352.72,0,0.0,30.0,13
POL-100650,CUST-52274,Home,South,Agent,2022-12-24,2023-12-11,0.913,612.2,0,0.0,47.0,19
POL-100651,CUST-51372,Commercial,Central,Online,2023-04-22,2024-03-04,0.584,838.03,0,0.0,18.0,16
POL-100652,CUST-50921,Commercial,North,Broker,2022-05-28,2022-12-04,0.693,1381.77,0,0.0,58.0,8
POL-100653,CUST-51481,Motor,North,Online,2023-08-11,2024-05-03,0.52,324.64,0,0.0,31.0,17
POL-100654,CUST-52343,Motor,East,Direct,2023-02-08,2023-09-21,0.467,393.16,0,0.0,40.0,19
POL-100655,CUST-51091,Home,West,Online,2023-01-24,2023-09-01,0.402,324.07,1,6308.69,29.0,3
POL-100656,CUST-51059,Motor,East,Agent,2023-07-14,2024-06-12,0.934,,0,0.0,44.0,7
POL-100657,CUST-51424,Commercial,West,Broker,2023-04-08,2024-03-04,0.85,1669.42,0,0.0,39.0,14
POL-100658,CUST-51258,Home,South,Agent,2022-02-22,2022-11-26,0.35,216.53,0,0.0,28.0,10
POL-100659,CUST-50630,Commercial,Central,Agent,2022-07-30,2023-06-11,0.81,950.9,0,0.0,68.0,2
POL-100660,CUST-50839,Liability,Central,Agent,2022-05-10,2022-11-30,0.564,-422.92,0,0.0,61.0,9
POL-100661,CUST-50353,Home,North,Broker,2023-06-21,2024-01-28,0.262,150.9,0,0.0,40.0,7
POL-100662,CUST-52254,Liability,East,Broker,2022-01-26,2023-01-01,0.646,850.74,0,0.0,21.0,14
POL-100663,CUST-50633,Home,South,Direct,2022-05-28,2023-02-15,0.348,292.87,0,0.0,66.0,10
POL-100664,CUST-52935,Motor,West,Agent,2023-03-13,2023-12-19,0.407,378.57,0,0.0,57.0,2
POL-100665,CUST-52912,Commercial,East,Agent,2023-05-23,2024-02-13,0.772,876.19,0,0.0,49.0,0
POL-100666,CUST-52016,Home,South,Broker,2023-01-03,2023-08-08,0.443,280.05,0,0.0,52.0,5
POL-100667,CUST-52972,Liability,South,Direct,2023-09-21,2024-08-19,0.919,893.8,0,0.0,18.0,3
POL-100668,CUST-52590,Motor,South,Agent,2023-11-02,2024-09-18,0.743,544.24,1,1946.09,45.0,17
POL-100669,CUST-52254,Motor,North,Direct,2022-04-07,2023-02-08,0.874,559.57,0,0.0,28.0,5
POL-100670,CUST-51067,Commercial,North,Agent,2023-11-27,2024-07-29,0.711,997.03,0,0.0,55.0,12
POL-100671,CUST-52511,Motor,West,Broker,2023-03-25,2024-01-18,0.902,736.26,0,0.0,71.0,2
POL-100672,CUST-51022,Home,Central,Direct,2023-04-10,2024-04-01,0.521,385.29,0,0.0,48.0,8
POL-100673,CUST-50310,Home,East,Broker,2022-03-11,2023-01-05,0.662,400.57,0,0.0,52.0,18
POL-100674,CUST-51697,Motor,Central,Direct,2023-03-30,2023-12-26,0.637,383.99,0,0.0,56.0,12
POL-100675,CUST-50369,Motor,North,Online,2023-06-14,2024-01-30,0.928,563.21,0,0.0,70.0,5
POL-100676,CUST-50276,Commercial,Central,Agent,2023-02-28,2023-12-02,0.374,640.6,0,0.0,20.0,14
POL-100677,CUST-50277,Motor,East,Agent,2022-03-03,2022-11-07,0.684,675.91,0,0.0,35.0,10
POL-100678,CUST-52734,Commercial,West,Online,2023-01-17,2023-11-06,0.816,961.05,0,0.0,33.0,4
POL-100679,CUST-50189,Commercial,North,Online,2023-11-15,2024-05-21,0.528,1000.15,0,0.0,58.0,19
POL-100680,CUST-51183,Home,West,Direct,2023-06-13,2024-01-14,0.901,650.14,1,5104.73,43.0,18
POL-100681,CUST-52242,Motor,South,Agent,2022-04-11,2023-03-03,0.53,363.93,0,0.0,62.0,11
POL-100682,CUST-52406,Motor,Central,Agent,2023-12-02,2024-08-08,0.38,291.13,0,0.0,44.0,0
POL-100683,CUST-50169,Commercial,West,Online,2023-12-01,2024-08-17,0.688,1378.25,0,0.0,73.0,8
POL-100684,CUST-52681,Motor,Central,Direct,2022-05-04,2023-02-09,0.565,473.25,0,0.0,61.0,10
POL-100685,CUST-52847,Motor,Central,Agent,2023-08-08,2024-04-25,0.261,192.06,0,0.0,19.0,18
POL-100686,CUST-52909,Liability,West,Agent,2022-10-24,2023-09-10,0.302,315.76,0,0.0,74.0,14
POL-100687,CUST-51962,Motor,South,Direct,2023-03-10,2023-10-21,0.396,284.05,0,0.0,72.0,4
POL-100688,CUST-51536,Motor,South,Broker,2022-11-21,2023-10-08,0.827,881.64,0,0.0,20.0,10
POL-100689,CUST-50512,Liability,Central,Online,2023-07-26,2024-02-29,0.919,1131.19,0,0.0,40.0,3
POL-100690,CUST-50370,Motor,West,Broker,2023-12-29,2024-09-02,0.659,706.12,1,3354.61,73.0,9
POL-100691,CUST-52452,Motor,Central,Agent,2023-08-04,2024-05-19,0.329,316.59,0,0.0,65.0,10
POL-100692,CUST-52551,Motor,West,Agent,2023-11-11,2024-10-20,0.651,656.18,0,0.0,44.0,10
POL-100693,CUST-52471,Commercial,West,Broker,2023-11-22,2024-07-02,0.892,1196.37,0,0.0,49.0,8
POL-100694,CUST-51854,Commercial,North,Agent,2022-03-07,2022-12-21,0.812,1548.54,0,0.0,19.0,8
POL-100695,CUST-51691,Commercial,Central,Agent,2022-07-04,2023-01-11,0.468,543.5,1,26927.1,50.0,15
POL-100696,CUST-50580,Liability,South,Agent,2023-06-11,2023-12-22,0.343,295.18,0,0.0,55.0,10
POL-100697,CUST-50272,Motor,South,Agent,2023-03-07,2024-01-23,0.926,1097.91,0,0.0,38.0,0
POL-100698,CUST-50602,Home,North,Online,2022-02-06,2022-12-16,0.891,758.07,0,0.0,35.0,14
POL-100699,CUST-51202,Motor,North,Agent,2022-03-11,2022-11-16,0.29,260.14,0,0.0,65.0,12
POL-100700,CUST-50904,Liability,,Broker,2023-01-15,2023-11-06,0.868,892.64,0,0.0,43.0,13
POL-100701,CUST-51645,Liability,Central,Direct,2023-03-26,2023-12-01,0.323,247.46,0,0.0,33.0,14
POL-100702,CUST-52345,Motor,Central,Agent,2022-05-03,2022-12-20,0.297,293.29,0,0.0,39.0,3
POL-100703,CUST-52231,Commercial,East,Broker,2022-05-06,2023-01-21,0.819,857.08,0,0.0,46.0,19
POL-100704,CUST-52484,Home,South,Online,2022-04-05,2022-11-29,0.652,371.92,0,0.0,32.0,19
POL-100705,CUST-50895,Motor,South,Broker,2023-02-17,2024-01-14,0.561,473.45,1,5334.55,49.0,2
POL-100706,CUST-52807,Home,Central,Broker,2022-01-06,2022-09-19,0.928,762.81,0,0.0,67.0,4
POL-100707,CUST-52619,Liability,North,Online,2023-02-22,2023-10-19,0.879,1186.97,0,0.0,60.0,4
POL-100708,CUST-51046,Motor,North,Online,2022-12-14,2023-09-19,0.293,344.14,0,0.0,31.0,19
POL-100709,CUST-50752,Motor,North,Online,2022-12-07,2023-10-23,0.712,762.06,0,0.0,44.0,18
POL-100710,CUST-52663,Liability,Central,Broker,2023-05-11,2023-12-27,0.829,733.61,1,4875.25,48.0,5
POL-100711,CUST-52994,Motor,North,Direct,2023-01-17,2024-01-06,0.663,412.38,0,0.0,56.0,12
POL-100712,CUST-51395,Motor,Central,Broker,2023-06-16,2024-03-08,0.987,837.22,0,0.0,61.0,4
POL-100713,CUST-50345,Commercial,North,Agent,2023-07-12,2024-05-09,0.765,1007.4,0,0.0,45.0,0
POL-100714,CUST-51819,Home,East,Broker,2023-11-03,2024-10-26,0.328,235.62,0,0.0,35.0,4
POL-100715,CUST-52498,Motor,Central,Online,2023-08-07,2024-04-23,0.399,325.5,0,0.0,55.0,1
POL-100716,CUST-51406,Motor,North,Agent,2023-01-13,2023-08-18,0.87,978.75,0,0.0,25.0,16
POL-100717,CUST-50396,Commercial,South,Online,2022-12-26,2023-11-10,0.998,1391.85,0,0.0,56.0,15
POL-100718,CUST-52206,Home,West,Online,2022-06-22,2022-12-20,0.324,193.77,0,0.0,69.0,3
POL-100719,CUST-52277,Home,Central,Agent,2023-03-14,2023-12-04,0.325,248.12,0,0.0,58.0,11
POL-100720,CUST-52624,Commercial,Central,Agent,2022-04-12,2023-04-09,0.823,1328.22,0,0.0,42.0,4
POL-100721,CUST-52586,Motor,North,Online,2023-11-11,2024-07-25,0.298,,0,0.0,64.0,11
POL-100722,CUST-51433,Commercial,West,Agent,2023-09-09,2024-07-12,0.301,512.25,0,0.0,48.0,17
POL-100723,CUST-50938,Commercial,South,Direct,2022-03-29,2022-12-31,0.917,1454.76,0,0.0,48.0,17
POL-100724,CUST-50496,Liability,East,Agent,2023-07-28,2024-03-03,0.85,643.78,1,10286.99,66.0,16
POL-100725,CUST-50304,Motor,Central,Agent,2022-03-27,2022-11-21,0.911,795.32,0,0.0,29.0,4
POL-100726,CUST-52480,Motor,Central,Agent,2023-06-11,2024-03-14,0.738,842.52,0,0.0,62.0,3
POL-100727,CUST-52999,Home,North,Agent,2022-03-06,2022-09-21,0.492,258.75,0,0.0,56.0,3
POL-100728,CUST-51929,Liability,East,Online,2022-12-23,2023-09-06,0.93,902.5,0,0.0,48.0,2
POL-100729,CUST-52913,Liability,South,Agent,2023-04-26,2024-01-08,0.474,414.89,0,0.0,22.0,12
POL-100730,CUST-50922,Motor,West,Agent,2023-06-17,2024-05-17,0.457,417.91,0,0.0,61.0,13
POL-100731,CUST-52270,Home,Central,Direct,2022-11-02,2023-05-24,0.915,784.34,0,0.0,30.0,17
POL-100732,CUST-51190,Motor,South,Online,2023-11-04,2024-10-05,0.761,593.1,0,0.0,69.0,1
POL-100733,CUST-51159,Home,North,Broker,2023-07-20,2024-04-01,0.922,733.41,0,0.0,63.0,5
POL-100734,CUST-51920,Commercial,North,Direct,2022-06-02,2023-03-30,0.367,684.77,0,0.0,38.0,14
POL-100735,CUST-50403,Commercial,North,Agent,2023-05-05,2024-02-12,0.964,1232.29,0,0.0,42.0,13
POL-100736,CUST-51236,Motor,South,Online,2023-06-18,2024-02-08,0.71,748.84,0,0.0,19.0,8
POL-100737,CUST-51254,Liability,Central,Direct,2022-09-01,2022-08-02,0.751,1024.25,0,0.0,46.0,3
POL-100738,CUST-51291,Motor,South,Online,2023-06-23,2024-01-30,0.936,1088.23,0,0.0,21.0,9
POL-100739,CUST-52161,Home,East,Direct,2023-10-18,2024-04-21,0.536,373.53,0,0.0,74.0,3
POL-100740,CUST-50834,Home,West,Online,2023-08-20,2024-07-04,0.79,394.89,0,0.0,54.0,10
POL-100741,CUST-50457,Home,West,Broker,2023-07-11,2024-05-01,0.73,354.63,0,0.0,31.0,18
POL-100742,CUST-51832,Commercial,South,Direct,2023-04-09,2024-03-19,0.841,1081.38,0,0.0,63.0,3
POL-100743,CUST-50050,Home,North,Direct,2022-07-17,2023-04-08,0.923,641.46,0,0.0,19.0,2
POL-100744,CUST-52964,Motor,North,Agent,2023-08-04,2024-02-03,0.76,626.85,0,0.0,49.0,14
POL-100745,CUST-52712,Motor,South,Online,2022-09-23,2023-03-25,0.301,304.29,0,0.0,24.0,0
POL-100746,CUST-51148,Home,North,Direct,2023-01-24,2023-10-11,0.387,300.27,0,0.0,21.0,19
POL-100747,CUST-52099,Home,East,Online,2022-08-18,2023-04-01,0.965,494.37,0,0.0,31.0,15
POL-100748,CUST-51556,Home,West,Broker,2022-08-17,2023-08-03,0.976,807.05,0,0.0,34.0,8
POL-100749,CUST-52081,Motor,West,Online,2022-04-26,2022-11-14,0.976,615.9,0,0.0,59.0,7
POL-100750,CUST-50657,Motor,Central,Agent,2023-12-03,2024-11-10,0.278,209.23,0,0.0,68.0,7
POL-100751,CUST-52841,Commercial,South,Online,2022-04-18,2022-11-24,0.537,989.17,0,0.0,62.0,7
POL-100752,CUST-52644,Home,West,Agent,2022-03-04,2022-09-22,0.82,421.27,0,0.0,60.0,16
POL-100753,CUST-51562,Home,Central,Direct,2023-11-15,2024-07-03,0.815,431.57,1,3066.33,50.0,15
POL-100754,CUST-52632,Home,North,Agent,2023-02-10,2023-09-04,0.314,269.23,0,0.0,39.0,4
POL-100755,CUST-50954,Motor,West,Direct,2022-11-16,2023-07-28,0.707,804.46,1,667.22,32.0,3
POL-100756,CUST-52356,Motor,North,Broker,2023-06-23,2024-02-19,0.357,385.06,0,0.0,71.0,10
POL-100757,CUST-52728,Motor,East,Online,2022-10-07,2023-07-12,0.62,433.02,0,0.0,47.0,13
POL-100758,CUST-52088,Commercial,Central,Online,2022-04-04,2023-01-08,0.43,547.81,0,0.0,50.0,14
POL-100759,CUST-52957,Motor,East,Broker,2023-06-17,2023-12-14,0.29,213.13,1,9013.48,18.0,6
POL-100760,CUST-50642,Motor,East,Online,2022-05-09,2022-11-28,0.31,219.33,0,0.0,44.0,9
POL-100761,CUST-50061,Liability,West,Direct,2023-02-08,2023-09-06,0.933,1261.16,0,0.0,56.0,2
POL-100762,CUST-51579,Motor,East,Broker,2023-11-24,2024-06-27,0.808,560.58,0,0.0,46.0,9
POL-100763,CUST-50992,Home,West,Agent,2023-11-15,2024-05-30,0.949,719.41,0,0.0,53.0,13
POL-100764,CUST-51917,Motor,Central,Agent,2022-09-21,2023-05-17,0.602,376.46,0,0.0,64.0,6
POL-100765,CUST-51087,Motor,North,Agent,2023-07-24,2024-05-01,0.56,514.4,0,0.0,19.0,6
POL-100766,CUST-52606,Motor,East,Broker,2023-03-24,2023-11-16,0.519,330.68,1,2555.36,69.0,9
POL-100767,CUST-50333,Commercial,Central,Broker,2022-12-16,2023-08-14,0.712,767.31,0,0.0,64.0,17
POL-100768,CUST-52891,Home,South,Broker,2022-04-13,2023-01-05,0.514,274.44,0,0.0,41.0,12
POL-100769,CUST-50664,Commercial,East,Online,2022-10-02,2023-07-11,0.81,1583.13,1,23322.22,61.0,18
POL-100770,CUST-50980,Liability,West,Agent,2023-04-21,2023-12-18,0.851,956.73,0,0.0,21.0,1
POL-100771,CUST-50073,Motor,Central,Online,2023-12-22,2024-07-30,0.907,891.2,0,0.0,35.0,16
POL-100772,CUST-52036,Home,South,Online,2022-01-04,2022-09-17,0.432,243.29,0,0.0,24.0,0
POL-100773,CUST-52089,Motor,Central,Direct,2023-06-08,2023-12-09,0.645,661.48,0,0.0,54.0,6
POL-100774,CUST-52788,Home,West,Broker,2023-09-10,2024-06-07,0.418,305.05,0,0.0,66.0,8
POL-100775,CUST-50320,Commercial,North,Agent,2023-11-26,2024-11-15,0.278,412.44,1,8405.81,52.0,4
POL-100776,CUST-51447,Motor,Central,Online,2022-11-06,2023-07-18,0.781,781.9,0,0.0,58.0,19
POL-100777,CUST-52662,Liability,South,Direct,2022-03-28,2022-10-14,0.662,847.93,0,0.0,26.0,17
POL-100778,CUST-50090,Home,South,Online,2022-07-17,2023-05-24,0.793,674.69,0,0.0,71.0,11
POL-100779,CUST-51751,Motor,East,Agent,2023-09-13,2024-04-03,0.316,375.4,0,0.0,29.0,9
POL-100780,CUST-50689,Motor,East,Broker,2023-10-03,2024-05-06,0.997,882.89,0,0.0,48.0,15
POL-100781,CUST-51068,Home,East,Broker,2023-04-11,2023-11-04,0.996,446.42,0,0.0,56.0,14
POL-100782,CUST-52267,Home,North,Direct,2022-03-31,2023-03-10,0.599,319.54,0,0.0,66.0,9
POL-100783,CUST-52426,Motor,Central,Direct,2022-03-31,2023-03-28,0.9,640.91,1,1971.4,71.0,16
POL-100784,CUST-50017,Home,South,Agent,2022-12-16,2023-09-27,0.433,244.4,0,0.0,52.0,3
POL-100785,CUST-51952,Motor,North,Agent,2023-03-06,2023-12-25,0.803,650.03,1,2305.26,50.0,5
POL-100786,CUST-51182,Liability,East,Agent,2022-01-24,2022-11-20,0.909,1040.54,0,0.0,41.0,0
POL-100787,CUST-52259,Motor,West,Agent,2023-05-16,2024-03-04,0.861,781.6,0,0.0,50.0,2
POL-100788,CUST-52524,Home,North,Agent,2023-02-02,2023-11-10,0.859,615.03,0,0.0,56.0,3
POL-100789,CUST-52633,Commercial,Central,Agent,2022-01-09,2023-01-07,0.597,1194.85,0,0.0,54.0,12
POL-100790,CUST-50306,Commercial,West,Broker,2022-03-11,2023-01-21,0.865,921.06,0,0.0,51.0,17
POL-100791,CUST-52422,Commercial,Central,Direct,2022-11-28,2023-06-12,0.768,790.74,0,0.0,43.0,11
POL-100792,CUST-52893,Liability,West,Direct,2023-06-12,2024-02-19,0.349,398.75,0,0.0,29.0,8
POL-100793,CUST-52337,Motor,North,Agent,2023-08-26,2024-08-21,0.336,309.13,0,0.0,21.0,5
POL-100794,CUST-51130,Motor,South,Agent,2022-11-11,2023-07-24,0.829,731.37,0,0.0,41.0,2
POL-100795,CUST-52189,Home,Central,Direct,2022-08-04,2023-03-09,0.719,578.32,0,0.0,40.0,11
POL-100796,CUST-50203,Motor,East,Broker,2023-12-08,2024-11-13,0.64,441.3,0,0.0,52.0,2
POL-100797,CUST-51132,Commercial,North,Agent,2022-12-01,2023-09-22,0.93,1485.42,0,0.0,69.0,15
POL-100798,CUST-52472,Motor,North,Broker,2022-08-19,2023-05-30,0.745,856.38,0,0.0,57.0,8
POL-100799,CUST-51955,Liability,East,Online,2022-11-19,2023-08-04,0.547,542.54,0,0.0,63.0,7
POL-100800,CUST-50795,Commercial,East,Broker,2022-01-09,2022-07-31,0.56,898.02,1,14546.03,50.0,0
POL-100801,CUST-51697,Home,South,Online,2022-08-09,2023-04-17,0.704,326.92,1,5335.08,70.0,4
POL-100802,CUST-50005,Motor,North,Agent,2023-01-12,2023-09-30,0.82,658.27,0,0.0,71.0,0
POL-100803,CUST-52890,Liability,West,Agent,2023-11-02,2024-10-20,0.673,480.79,0,0.0,26.0,14
POL-100804,CUST-51651,Commercial,East,Agent,2023-06-23,2024-02-15,0.632,1008.65,0,0.0,54.0,9
POL-100805,CUST-51502,Commercial,North,Direct,2023-07-25,2024-02-17,0.795,1283.39,0,0.0,46.0,15
POL-100806,CUST-51000,Commercial,North,Broker,2023-02-02,2023-10-19,0.779,1542.5,0,0.0,73.0,11
POL-100807,CUST-50665,Motor,South,Broker,2022-03-22,2023-03-22,0.873,851.05,0,0.0,51.0,19
POL-100808,CUST-50986,Motor,East,Online,2022-10-13,2023-07-09,0.297,177.24,0,0.0,18.0,15
POL-100809,CUST-51373,Motor,South,Broker,2023-12-29,2024-09-04,0.816,890.07,0,0.0,29.0,2
POL-100810,CUST-51277,Home,North,Agent,2022-02-02,2022-12-03,0.635,366.44,0,0.0,25.0,2
POL-100811,CUST-51243,Home,Central,Direct,2023-10-04,2024-07-30,0.306,227.66,0,0.0,29.0,17
POL-100812,CUST-51524,Motor,West,Agent,2023-05-15,2024-01-05,0.759,570.84,0,0.0,23.0,5
POL-100813,CUST-51405,Liability,East,Broker,2022-07-27,2023-07-22,0.787,950.31,0,0.0,62.0,15
POL-100814,CUST-50929,Motor,South,Online,2023-07-22,2024-05-07,0.643,737.43,0,0.0,46.0,12
POL-100815,CUST-51743,Commercial,West,Broker,2023-09-03,2024-03-11,0.845,925.7,0,0.0,56.0,14
POL-100816,CUST-50738,Home,Central,Agent,2022-02-01,2022-10-14,0.475,318.37,0,0.0,74.0,5
POL-100817,CUST-52844,Motor,West,Broker,2022-03-19,2023-03-05,0.401,367.53,0,0.0,54.0,6
POL-100818,CUST-52001,Motor,South,Agent,2023-05-01,2024-01-09,0.513,392.67,0,0.0,45.0,11
POL-100819,CUST-50843,Commercial,South,Agent,2023-12-31,2024-10-11,0.558,759.88,0,0.0,33.0,0
POL-100820,CUST-52077,Commercial,Central,Broker,2022-01-18,2022-11-07,0.772,1313.41,0,0.0,61.0,6
POL-100821,CUST-52907,Motor,North,Agent,2023-05-01,2024-03-07,0.884,679.89,0,0.0,46.0,10
POL-100822,CUST-52294,Home,South,Agent,2022-04-10,2023-03-18,0.791,353.81,0,0.0,61.0,4
POL-100823,CUST-52338,Home,North,Broker,2023-04-20,2023-11-13,0.38,291.77,0,0.0,19.0,5
POL-100824,CUST-50654,Motor,West,Broker,2023-04-01,2024-01-02,0.525,507.67,0,0.0,27.0,19
POL-100825,CUST-50548,Home,East,Broker,2022-03-08,2022-12-12,0.369,200.26,0,0.0,25.0,5
POL-100826,CUST-51684,Motor,North,Online,2023-05-12,2023-12-06,0.765,892.84,0,0.0,56.0,18
POL-100827,CUST-50841,Commercial,Central,Agent,2023-10-17,2024-08-17,0.436,840.13,0,0.0,47.0,18
POL-100828,CUST-50360,Commercial,East,Agent,2023-09-23,2024-04-11,0.644,1284.03,0,0.0,36.0,13
POL-100829,CUST-52727,Motor,South,Online,2022-01-22,2022-10-13,0.844,759.41,0,0.0,35.0,3
POL-100830,CUST-51035,Commercial,Central,Agent,2022-06-29,2023-02-25,0.753,944.03,1,16849.93,52.0,4
POL-100831,CUST-52404,Motor,West,Online,2022-06-25,2023-01-19,0.474,331.06,0,0.0,73.0,18
POL-100832,CUST-52194,Liability,North,Direct,2022-11-27,2023-10-25,0.5,668.34,0,0.0,74.0,0
POL-100833,CUST-50430,Home,Central,Broker,2022-04-15,2022-11-26,0.74,607.26,0,0.0,44.0,10
POL-100834,CUST-50563,Motor,North,Agent,2023-09-16,2024-04-30,0.662,685.74,0,0.0,56.0,11
POL-100835,CUST-51753,Commercial,Central,Broker,2023-07-22,2024-06-24,0.322,493.68,0,0.0,22.0,16
POL-100836,CUST-51871,Motor,South,Online,2023-08-14,2024-07-22,0.905,745.47,0,0.0,71.0,17
POL-100837,CUST-50830,Commercial,South,Agent,2022-05-25,2022-11-27,0.634,1096.18,0,0.0,19.0,5
POL-100838,CUST-50460,Liability,North,Direct,2022-01-11,2022-08-30,0.605,418.98,0,0.0,37.0,10
POL-100839,CUST-51889,Home,Central,Online,2023-10-27,2024-09-02,0.399,263.95,0,0.0,59.0,12
POL-100840,CUST-50708,Home,East,Direct,2022-07-30,2023-06-19,0.533,388.31,0,0.0,73.0,19
POL-100841,CUST-50520,Home,West,Agent,2023-04-25,2024-04-24,0.5,380.57,0,0.0,27.0,11
POL-100842,CUST-51135,Motor,Central,Direct,2023-10-26,2024-08-04,0.453,391.12,0,0.0,55.0,2
POL-100843,CUST-51055,Motor,East,Direct,2022-01-27,2022-07-27,0.676,701.93,0,0.0,28.0,18
POL-100844,CUST-51206,Liability,South,Agent,2022-01-04,2022-12-12,0.597,448.79,0,0.0,20.0,10
POL-100845,CUST-51165,Motor,West,Online,2022-01-04,2022-08-01,0.917,672.89,0,0.0,42.0,3
POL-100846,CUST-51697,Motor,East,Agent,2022-04-25,2022-11-13,0.956,651.08,0,0.0,50.0,3
POL-100847,CUST-51613,Motor,South,Online,2022-02-07,2022-12-09,0.415,330.84,0,0.0,33.0,4
POL-100848,CUST-50112,Liability,Central,Agent,2023-08-22,2024-06-09,0.325,299.69,0,0.0,73.0,14
POL-100849,CUST-50717,Liability,Central,Agent,2023-03-19,2023-09-26,0.839,790.78,0,0.0,53.0,18
POL-100850,CUST-51513,Motor,South,Direct,2023-12-17,2024-07-15,0.996,868.68,0,0.0,42.0,8
POL-100851,CUST-52183,Motor,West,Agent,2023-08-09,2024-05-24,0.898,767.45,1,2375.79,45.0,1
POL-100852,CUST-50090,Commercial,Central,Agent,2023-12-05,2024-07-19,0.268,405.44,0,0.0,44.0,17
POL-100853,CUST-52427,Motor,West,Agent,2022-06-24,2023-04-27,0.438,456.74,0,0.0,24.0,12
POL-100854,CUST-50282,Liability,North,Online,2022-07-30,2023-04-12,0.283,221.71,0,0.0,52.0,11
POL-100855,CUST-51919,Liability,Central,Agent,2023-09-13,2024-06-28,0.866,802.42,1,7786.6,62.0,1
POL-100856,CUST-50656,Commercial,North,Direct,2022-06-28,2023-03-23,0.686,696.38,0,0.0,42.0,19
POL-100857,CUST-52709,Motor,West,Broker,2022-02-11,2022-10-16,0.635,388.49,0,0.0,42.0,1
POL-100858,CUST-52079,Commercial,East,Broker,2023-05-04,2024-01-02,0.666,1085.92,0,,69.0,12
POL-100859,CUST-52371,Liability,North,Broker,2023-08-08,2024-06-12,0.439,564.97,0,0.0,52.0,11
POL-100860,CUST-52434,Motor,West,Agent,2023-12-08,2024-09-08,0.701,544.69,0,0.0,34.0,10
POL-100861,CUST-50132,Commercial,South,Online,2023-11-09,2024-08-25,0.273,388.46,0,0.0,18.0,11
POL-100862,CUST-52540,Motor,Central,Direct,2022-03-29,2023-01-10,0.735,529.11,0,0.0,64.0,7
POL-100863,CUST-50254,Liability,Central,Online,2023-07-18,2024-02-21,0.801,627.95,1,4582.5,53.0,11
POL-100864,CUST-51628,Home,East,Direct,2023-09-10,2024-08-24,0.755,617.36,0,0.0,53.0,7
POL-100865,CUST-51979,Motor,West,Online,2023-05-25,2024-03-04,0.499,466.77,0,0.0,34.0,9
POL-100866,CUST-52699,Home,North,Online,2023-08-22,2024-06-30,0.87,643.73,0,0.0,28.0,13
POL-100867,CUST-52165,Motor,Central,Broker,2023-09-04,2024-08-13,0.787,881.22,0,0.0,46.0,14
POL-100868,CUST-52135,Motor,West,Online,2022-11-22,2023-11-08,0.346,327.0,0,0.0,61.0,3
POL-100869,CUST-52903,Liability,South,Agent,2022-01-30,2022-11-30,0.396,320.63,0,0.0,34.0,19
POL-100870,CUST-50048,Motor,North,Agent,2022-11-30,2023-10-22,0.728,742.14,0,0.0,48.0,1
POL-100871,CUST-50009,Liability,East,Broker,2022-05-28,2023-02-19,0.467,559.93,0,0.0,74.0,5
POL-100872,CUST-50570,Motor,Central,Broker,2022-03-25,2023-02-05,0.34,286.04,0,0.0,30.0,6
POL-100873,CUST-50710,Home,Central,Broker,2022-04-02,2022-11-27,0.366,256.82,0,0.0,31.0,6
POL-100874,CUST-51499,Liability,North,Broker,2023-05-25,2024-04-01,0.374,380.88,0,0.0,31.0,7
POL-100875,CUST-52495,Home,West,Broker,2023-01-04,2023-07-18,0.608,351.74,1,11590.6,70.0,6
POL-100876,CUST-51178,Commercial,North,Online,2023-01-30,2024-01-15,0.706,1198.44,0,0.0,48.0,8
POL-100877,CUST-52674,Liability,South,Agent,2023-06-28,2024-02-08,0.382,326.9,0,0.0,70.0,15
POL-100878,CUST-51922,Home,East,Agent,2023-02-05,2023-12-04,0.784,451.68,0,0.0,72.0,16
POL-100879,CUST-51393,Commercial,North,Direct,2023-04-05,2023-10-04,0.461,657.74,1,5682.14,41.0,6
POL-100880,CUST-52379,Motor,North,Direct,2022-03-04,2022-09-28,0.484,464.98,0,0.0,21.0,5
POL-100881,CUST-51451,Motor,Central,Online,2023-09-14,2024-09-11,0.418,460.66,0,0.0,35.0,13
POL-100882,CUST-50128,Motor,West,Agent,2022-11-24,2023-10-25,0.839,806.17,0,0.0,48.0,1
POL-100883,CUST-52560,Commercial,West,Agent,2022-04-24,2022-12-01,0.97,1699.41,0,0.0,39.0,8
POL-100884,CUST-50398,Home,East,Online,2023-08-17,2024-03-08,0.619,347.27,0,0.0,18.0,4
POL-100885,CUST-51379,Home,East,Agent,2023-06-21,2024-05-17,0.282,194.28,0,0.0,74.0,12
POL-100886,CUST-50467,Liability,North,Direct,2022-02-08,2023-02-07,0.445,336.97,0,0.0,35.0,1
POL-100887,CUST-52362,Motor,East,Agent,2022-05-21,2022-12-18,0.369,321.27,0,0.0,53.0,16
POL-100888,CUST-51911,Liability,West,Broker,2022-01-12,2022-11-11,0.882,1022.46,0,0.0,71.0,5
POL-100889,CUST-52846,Motor,South,Online,2022-07-17,2023-03-06,0.314,220.41,0,0.0,49.0,10
POL-100890,CUST-52599,Motor,East,Broker,2022-03-14,2023-01-26,0.975,1103.45,0,0.0,57.0,11
POL-100891,CUST-50785,Home,East,Agent,2023-06-03,2024-02-15,0.691,425.01,0,0.0,20.0,9
POL-100892,CUST-50757,Motor,Central,Direct,2023-01-17,2023-08-08,0.638,634.38,0,0.0,57.0,8
POL-100893,CUST-50823,Home,North,Agent,2023-12-17,2024-08-13,0.886,565.21,0,0.0,66.0,5
POL-100894,CUST-50461,Commercial,North,Agent,2023-07-02,2024-04-07,-0.1,476.48,0,0.0,70.0,15
POL-100895,CUST-52815,Commercial,South,Broker,2023-03-23,2024-02-14,0.833,1339.52,0,0.0,22.0,10
POL-100896,CUST-50248,Motor,North,Broker,2023-01-07,2023-07-09,0.337,225.09,0,0.0,31.0,4
POL-100897,CUST-51272,Motor,Central,Direct,2022-02-09,2023-02-02,0.881,1008.93,0,0.0,20.0,5
POL-100898,CUST-50845,Motor,South,Broker,2022-02-21,2022-12-18,0.647,639.07,0,0.0,70.0,8
POL-100899,CUST-50047,Home,South,Broker,2023-03-26,2024-03-02,0.296,189.11,0,0.0,33.0,16
POL-100900,CUST-52492,Motor,South,Agent,2022-01-04,2022-12-22,0.875,872.88,0,,48.0,19
POL-100901,CUST-51507,Motor,Central,Online,2022-01-31,2022-08-27,0.27,202.56,0,0.0,45.0,7
POL-100902,CUST-52633,Commercial,West,Agent,2022-06-09,2022-12-23,0.354,635.61,0,0.0,57.0,7
POL-100903,CUST-51850,Liability,East,Online,2023-10-08,2024-08-27,0.848,820.95,0,0.0,69.0,2
POL-100904,CUST-51487,Commercial,West,Broker,2022-12-02,2023-07-04,0.599,1097.43,0,0.0,36.0,10
POL-100905,CUST-50734,Motor,North,Broker,2023-06-02,2023-12-26,0.911,690.59,0,0.0,63.0,4
POL-100906,CUST-51773,Home,West,Direct,2022-10-28,2023-07-22,0.727,564.87,0,0.0,34.0,16
POL-100907,CUST-52182,Motor,South,Broker,2022-05-07,2023-04-21,0.718,814.56,0,0.0,29.0,10
POL-100908,CUST-50083,Motor,South,Direct,2022-09-28,2023-08-21,0.469,552.76,0,0.0,24.0,4
POL-100909,CUST-50698,Motor,North,Online,2022-03-08,2022-12-09,0.35,370.0,0,0.0,39.0,18
POL-100910,CUST-51085,Liability,North,Online,2023-07-17,2024-02-18,0.971,1135.05,0,0.0,49.0,16
POL-100911,CUST-50358,Home,West,Broker,2022-05-14,2023-01-11,0.329,217.03,0,0.0,62.0,6
POL-100912,CUST-50252,Motor,Central,Direct,2022-10-02,2023-08-06,0.647,425.67,0,0.0,66.0,2
POL-100913,CUST-50748,Home,Central,Broker,2023-12-17,2024-07-13,0.454,307.35,0,0.0,48.0,5
POL-100914,CUST-51022,Liability,South,Direct,2023-03-09,2023-12-11,0.448,480.43,0,0.0,41.0,7
POL-100915,CUST-51601,Motor,West,Agent,2022-12-01,2023-06-01,0.696,440.93,0,0.0,27.0,8
POL-100916,CUST-52440,Commercial,North,Agent,2023-02-01,2023-09-29,0.848,1455.16,0,0.0,70.0,16
POL-100917,CUST-52567,Motor,West,Broker,2023-07-27,2024-03-09,0.833,569.46,0,0.0,40.0,19
POL-100918,CUST-51144,Motor,East,Agent,2022-07-05,2023-05-07,0.902,856.89,1,1954.18,61.0,14
POL-100919,CUST-51587,Commercial,Central,Direct,2023-04-10,2024-03-25,0.47,702.52,0,0.0,53.0,16
POL-100920,CUST-50042,Motor,North,Agent,2023-09-30,2024-04-24,0.599,668.28,0,0.0,71.0,2
POL-100921,CUST-52546,Commercial,West,Agent,2023-02-22,2024-01-16,0.257,321.44,0,0.0,73.0,2
POL-100922,CUST-50704,Motor,East,Direct,2022-11-22,2023-09-20,0.81,564.46,0,0.0,58.0,18
POL-100923,CUST-50192,Home,East,Broker,2022-04-16,2023-04-11,0.477,321.12,0,0.0,55.0,12
POL-100924,CUST-51807,Home,East,Online,2022-07-01,2023-06-15,0.671,425.24,0,0.0,25.0,4
POL-100925,CUST-51117,Commercial,West,Agent,2023-11-22,2024-06-07,0.377,444.38,0,0.0,18.0,15
POL-100926,CUST-51233,Commercial,East,Agent,2023-01-31,2023-12-15,0.865,1416.8,0,0.0,49.0,3
POL-100927,CUST-51305,Home,East,Agent,2022-08-08,2023-05-25,0.863,713.81,0,0.0,58.0,15
POL-100928,CUST-51884,Motor,East,Broker,2022-11-02,2023-05-22,0.908,940.19,0,0.0,60.0,17
POL-100929,CUST-52405,Motor,North,Agent,2023-02-26,2023-10-11,0.284,204.39,0,0.0,32.0,9
POL-100930,CUST-51715,Home,West,Direct,2023-01-28,2024-01-15,0.994,534.24,0,0.0,46.0,13
POL-100931,CUST-51831,Home,West,Agent,2023-05-26,2024-03-01,0.436,294.73,0,0.0,67.0,14
POL-100932,CUST-52426,Motor,East,Online,2022-07-07,2023-03-06,0.482,481.1,0,0.0,23.0,17
POL-100933,CUST-52355,Liability,West,Broker,2023-04-19,2023-12-14,0.437,593.27,0,0.0,39.0,11
POL-100934,CUST-50517,Motor,South,Direct,2022-11-20,2023-10-21,0.451,296.47,0,0.0,71.0,5
POL-100935,CUST-51015,Motor,South,Agent,2023-11-18,2024-07-07,0.664,610.93,0,0.0,29.0,4
POL-100936,CUST-51481,Liability,Central,Agent,2022-04-26,2022-11-21,0.43,586.24,0,0.0,36.0,7
POL-100937,CUST-52802,Home,Central,Broker,2022-04-19,2023-01-30,0.545,262.76,0,0.0,44.0,1
POL-100938,CUST-51820,Commercial,Central,Broker,2022-12-04,2023-12-03,0.742,1485.6,0,0.0,57.0,13
POL-100939,CUST-52440,Motor,North,Broker,2023-01-07,2023-08-09,0.877,762.99,0,0.0,32.0,7
POL-100940,CUST-52384,Motor,East,Agent,2023-05-20,2024-01-02,0.77,786.82,0,0.0,63.0,14
POL-100941,CUST-52746,Home,West,Agent,2022-10-22,2023-07-16,0.696,430.52,0,0.0,31.0,1
POL-100942,CUST-51554,Motor,North,Online,2023-10-30,2024-06-03,0.361,395.45,0,0.0,38.0,6
POL-100943,CUST-50788,Commercial,Central,Agent,2022-12-13,2023-10-10,0.862,1669.82,0,0.0,50.0,7
POL-100944,CUST-51233,Motor,West,Agent,2022-04-05,2022-11-18,0.278,192.98,0,0.0,18.0,1
POL-100945,CUST-50019,Motor,South,Broker,2022-03-29,2022-10-18,0.448,465.74,0,0.0,61.0,16
POL-100946,CUST-52051,Motor,East,Agent,2023-12-12,2024-07-27,0.293,177.95,0,0.0,56.0,11
POL-100947,CUST-51846,Motor,Central,Broker,2022-04-08,2023-03-27,0.751,570.56,0,0.0,65.0,16
POL-100948,CUST-50495,Motor,Central,Direct,2023-11-23,2024-11-10,0.526,485.84,0,0.0,33.0,16
POL-100949,CUST-51477,Commercial,Central,Direct,2022-07-22,2023-04-22,0.739,1202.54,0,0.0,40.0,0
POL-100950,CUST-52148,Home,Central,Direct,2022-03-10,2022-11-19,0.51,302.19,0,0.0,69.0,17
POL-100951,CUST-52336,Motor,West,Agent,2022-08-11,2023-07-09,0.592,447.5,0,0.0,21.0,1
POL-100952,CUST-52327,Home,Central,Agent,2023-03-25,2023-10-27,0.593,301.54,0,0.0,45.0,17
POL-100953,CUST-50292,Motor,Central,Direct,2022-11-09,2023-09-06,0.284,209.49,0,0.0,45.0,13
POL-100954,CUST-51121,Motor,North,Agent,2023-07-28,2024-05-29,0.573,385.33,0,0.0,43.0,16
POL-100955,CUST-51786,Commercial,West,Agent,2023-03-23,2024-01-29,0.731,935.74,0,0.0,42.0,9
POL-100956,CUST-50315,Commercial,South,Broker,2022-10-20,2023-05-28,0.66,1220.08,0,0.0,60.0,3
POL-100957,CUST-50596,Home,East,Direct,2023-04-09,2024-02-16,0.306,170.99,0,0.0,29.0,2
POL-100958,CUST-52828,Motor,North,Agent,2023-12-11,2024-09-29,0.751,852.44,0,0.0,68.0,2
POL-100959,CUST-51543,Motor,West,Online,2022-10-28,2023-10-05,0.482,357.12,0,0.0,69.0,16
POL-100960,CUST-51734,Commercial,Central,Agent,2022-04-23,2022-11-21,0.261,,0,0.0,28.0,10
POL-100961,CUST-50474,Home,East,Online,2022-10-26,2023-08-16,0.367,185.97,0,0.0,73.0,4
POL-100962,CUST-51901,Home,West,Agent,2023-09-06,2024-08-05,0.623,275.0,0,0.0,32.0,2
POL-100963,CUST-52737,Liability,South,Direct,2022-06-08,2023-01-25,0.483,538.6,0,0.0,20.0,1
POL-100964,CUST-52879,Motor,West,Broker,2023-11-24,2024-10-07,0.771,613.69,1,2482.08,40.0,5
POL-100965,CUST-50549,Commercial,North,Online,2023-03-06,2023-09-20,0.43,587.06,0,0.0,63.0,14
POL-100966,CUST-50665,Home,Central,Broker,2023-03-16,2024-01-23,0.83,507.1,0,0.0,66.0,17
POL-100967,CUST-51725,Motor,South,Online,2022-08-20,2023-06-08,0.465,491.86,0,0.0,54.0,12
POL-100968,CUST-52660,Motor,East,Direct,2023-11-03,2024-06-05,0.716,596.32,0,0.0,64.0,19
POL-100969,CUST-50016,Home,Central,Broker,2022-01-27,2022-08-07,0.849,400.3,0,0.0,32.0,7
POL-100970,CUST-50675,Motor,North,Agent,2022-08-07,2023-06-21,0.539,410.1,0,0.0,68.0,6
POL-100971,CUST-50469,Home,Central,Agent,2022-11-02,2023-06-14,0.285,194.95,0,0.0,54.0,13
POL-100972,CUST-52368,Commercial,West,Online,2022-12-15,2023-09-13,0.652,1319.25,0,0.0,25.0,2
POL-100973,CUST-51498,Home,Central,Online,2022-12-13,2023-06-22,0.997,494.64,1,20125.25,25.0,18
POL-100974,CUST-52143,Home,East,Agent,2022-04-18,2023-04-12,0.977,561.17,1,7604.31,33.0,15
POL-100975,CUST-50122,Home,South,Agent,2022-06-14,2023-03-23,0.416,268.21,0,0.0,21.0,0
POL-100976,CUST-50396,Home,East,Agent,2022-03-11,2023-02-27,0.817,689.53,0,0.0,34.0,3
POL-100977,CUST-51628,Commercial,East,Agent,2023-02-22,2023-09-19,0.509,572.65,0,0.0,74.0,12
POL-100978,CUST-51259,Motor,Central,Agent,2022-09-14,2023-04-20,0.37,394.91,0,0.0,31.0,14
POL-100979,CUST-50553,Liability,East,Online,2023-02-18,2023-12-08,0.749,885.28,0,0.0,54.0,4
POL-100980,CUST-50782,Motor,East,Agent,2023-03-07,2023-12-24,0.626,486.61,0,0.0,73.0,14
POL-100981,CUST-52179,Motor,North,Online,2023-05-28,2024-04-19,0.654,690.22,0,0.0,32.0,9
POL-100982,CUST-50041,Commercial,South,Online,2023-02-04,2024-01-22,0.871,1392.29,1,7490.09,57.0,13
POL-100983,CUST-52604,Motor,East,Agent,2023-04-19,2024-03-16,0.502,349.87,0,0.0,43.0,8
POL-100984,CUST-50478,Motor,South,Broker,2023-03-05,2023-09-27,0.75,573.76,0,0.0,34.0,9
POL-100985,CUST-52275,Motor,South,Broker,2023-04-22,2023-12-15,0.525,414.94,0,0.0,72.0,7
POL-100986,CUST-51889,Commercial,North,Agent,2023-03-27,2024-03-10,0.282,378.69,0,0.0,55.0,3
POL-100987,CUST-50190,Home,Central,Direct,2022-08-19,2023-05-28,0.534,404.73,0,0.0,43.0,3
POL-100988,CUST-52293,Motor,Central,Broker,2022-06-29,2023-06-05,0.963,951.32,0,0.0,64.0,3
POL-100989,CUST-51489,Home,South,Agent,2023-07-29,2024-05-08,0.612,483.37,0,0.0,69.0,16
POL-100990,CUST-50903,Motor,North,Online,2022-09-08,2023-03-16,0.331,297.54,0,0.0,62.0,8
POL-100991,CUST-50333,Liability,Central,Agent,2023-02-05,2023-10-30,0.766,709.67,0,0.0,67.0,7
POL-100992,CUST-50346,Motor,Central,Agent,2022-05-24,2023-04-22,0.973,618.16,0,0.0,36.0,17
POL-100993,CUST-51227,Home,Central,Online,2022-11-11,2023-09-08,0.931,725.03,0,0.0,37.0,17
POL-100994,CUST-50883,Home,East,Agent,2023-01-22,2023-08-14,0.679,316.72,0,0.0,31.0,4
POL-100995,CUST-52518,Home,West,Agent,2023-04-02,2023-11-07,0.532,300.49,0,0.0,57.0,7
POL-100996,CUST-51628,Liability,West,Agent,2023-01-20,2023-12-24,0.686,785.37,0,0.0,63.0,8
POL-100997,CUST-50123,Motor,South,Agent,2022-09-21,2023-09-18,0.862,904.83,0,0.0,55.0,16
POL-100998,CUST-52630,Commercial,East,Broker,2023-12-04,2024-10-19,0.896,971.75,0,0.0,52.0,13
POL-100999,CUST-50754,Motor,South,Direct,2023-01-10,2023-07-27,0.864,826.44,0,0.0,61.0,10
POL-101000,CUST-51819,Home,West,Broker,2023-08-14,2024-06-04,0.592,292.16,0,0.0,28.0,4
POL-101001,CUST-52479,Motor,Central,Broker,2023-06-22,2024-05-21,0.339,354.44,0,0.0,38.0,7
POL-101002,CUST-52003,Motor,North,Agent,2023-02-12,2023-12-08,0.677,696.81,0,0.0,58.0,0
POL-101003,CUST-51217,Motor,North,Broker,2023-10-10,2024-07-26,0.367,381.71,0,0.0,20.0,14
POL-101004,CUST-50022,Motor,South,Online,2022-04-04,2022-12-26,0.296,187.35,0,0.0,69.0,18
POL-101005,CUST-50706,Liability,North,Direct,2023-11-04,2024-06-16,0.624,667.53,0,0.0,27.0,15
POL-101006,CUST-51708,Commercial,North,Direct,2023-09-13,2024-05-02,0.742,934.52,0,0.0,62.0,6
POL-101007,CUST-52848,Motor,Central,Agent,2023-01-03,2023-11-17,0.891,793.0,1,5240.75,53.0,9
POL-101008,CUST-50107,Home,East,Broker,2023-06-20,2023-12-29,0.837,722.67,0,0.0,66.0,19
POL-101009,CUST-50467,Commercial,West,Online,2023-01-15,2023-07-29,0.893,988.4,0,0.0,62.0,8
POL-101010,CUST-51074,Motor,East,Online,2022-07-16,2023-03-26,0.82,777.74,0,0.0,47.0,16
POL-101011,CUST-52365,Motor,West,Direct,2023-08-07,2024-06-26,0.777,538.6,0,0.0,61.0,11
POL-101012,CUST-52850,Commercial,West,Broker,2022-06-29,2023-04-27,0.258,395.44,0,0.0,37.0,9
POL-101013,CUST-50534,Motor,North,Agent,2022-08-18,2023-06-03,0.72,651.55,0,0.0,51.0,11
POL-101014,CUST-51741,Home,North,Agent,2023-01-15,2023-10-21,0.34,214.88,0,0.0,70.0,4
POL-101015,CUST-52889,Motor,East,Agent,2023-09-04,2024-03-22,0.294,286.82,0,0.0,22.0,8
POL-101016,CUST-52995,Motor,South,Broker,2022-10-08,2023-06-06,0.367,431.09,0,0.0,38.0,6
POL-101017,CUST-52358,Home,Central,Agent,2022-12-27,2023-07-09,0.867,679.26,0,0.0,18.0,15
POL-101018,CUST-52335,Commercial,South,Broker,2022-01-31,2022-12-18,0.808,1606.22,0,0.0,48.0,12
POL-101019,CUST-50829,Liability,South,Broker,2022-03-26,2023-02-08,0.962,784.96,0,0.0,62.0,7
POL-101020,CUST-50928,Motor,East,Broker,2022-02-10,2022-09-26,0.984,1167.0,0,0.0,20.0,16
POL-101021,CUST-52950,Commercial,North,Broker,2022-02-22,2022-10-14,0.92,1218.76,0,0.0,49.0,9
POL-101022,CUST-51868,Liability,Central,Agent,2023-09-27,2024-05-23,0.35,248.3,0,0.0,41.0,19
POL-101023,CUST-50343,Home,North,Broker,2023-09-07,2024-08-17,0.909,566.6,0,0.0,62.0,12
POL-101024,CUST-50207,Liability,Central,Online,2023-08-23,2024-05-19,0.879,751.45,0,0.0,30.0,17
POL-101025,CUST-52578,Liability,West,Broker,2022-02-10,2022-12-28,0.903,1091.56,0,0.0,27.0,19
POL-101026,CUST-50389,Commercial,Central,Online,2022-02-26,2022-11-16,0.364,401.58,0,0.0,23.0,6
POL-101027,CUST-52098,Liability,South,Broker,2022-07-24,2023-05-29,0.338,358.93,0,0.0,41.0,5
POL-101028,CUST-50965,Home,Central,Direct,2023-02-17,2023-11-22,0.943,527.7,0,0.0,45.0,16
POL-101029,CUST-50521,Home,Central,Broker,2022-09-01,2023-04-20,0.38,199.01,0,0.0,70.0,4
POL-101030,CUST-50342,Liability,East,Direct,2022-12-22,2023-11-29,0.526,676.8,0,0.0,44.0,15
POL-101031,CUST-51639,Commercial,South,Online,2022-05-07,2023-03-14,0.592,910.64,0,0.0,27.0,3
POL-101032,CUST-52411,Motor,North,Broker,2023-06-18,2024-05-06,0.343,270.5,0,0.0,57.0,17
POL-101033,CUST-50035,Motor,North,Direct,2022-08-18,2023-08-09,0.265,275.32,0,0.0,21.0,13
POL-101034,CUST-52111,Motor,East,Online,2022-02-18,2022-10-02,0.996,1098.24,0,0.0,37.0,10
POL-101035,CUST-51719,Commercial,Central,Direct,2023-06-27,2024-01-10,0.907,1327.59,0,0.0,55.0,8
POL-101036,CUST-52382,Motor,East,Agent,2023-10-22,2024-08-05,0.934,656.94,0,0.0,32.0,12
POL-101037,CUST-51746,Motor,Central,Agent,2022-01-11,2022-09-08,0.463,549.41,0,0.0,51.0,7
POL-101038,CUST-50378,Home,West,Online,2022-11-15,2023-08-03,0.415,244.77,0,0.0,43.0,7
POL-101039,CUST-51225,Motor,West,Direct,2023-08-27,2024-04-06,0.569,408.13,1,4360.77,72.0,4
POL-101040,CUST-52961,Liability,West,Online,2023-05-31,2024-02-09,0.59,446.55,0,0.0,34.0,3
POL-101041,CUST-52473,Home,Central,Agent,2023-09-18,2024-05-28,0.254,123.89,0,0.0,69.0,17
POL-101042,CUST-51054,Motor,Central,Direct,2022-10-31,2023-07-03,0.834,964.2,0,0.0,53.0,14
POL-101043,CUST-52792,Motor,North,Online,2022-09-29,2023-08-13,0.998,1155.95,1,3771.22,60.0,8
POL-101044,CUST-50022,Commercial,East,Online,2023-06-02,2024-03-18,0.647,990.27,0,0.0,27.0,16
POL-101045,CUST-51601,Home,East,Direct,2022-04-23,2023-01-16,0.541,397.3,0,0.0,19.0,12
POL-101046,CUST-52321,Home,Central,Agent,2022-06-24,2023-01-10,0.545,433.47,0,0.0,59.0,11
POL-101047,CUST-52021,Motor,South,Direct,2023-03-15,2023-12-26,0.322,298.39,0,0.0,45.0,2
POL-101048,CUST-50536,Liability,Central,Direct,2023-05-03,2023-12-01,0.45,514.6,0,0.0,35.0,10
POL-101049,CUST-50437,Commercial,East,Agent,2022-03-29,2022-11-22,0.627,1251.79,0,0.0,69.0,2
POL-101050,CUST-52230,Commercial,Central,Agent,2023-01-07,2023-09-21,0.574,683.13,0,0.0,36.0,13
POL-101051,CUST-52994,Motor,West,Online,2022-09-24,2023-04-18,0.659,446.52,0,0.0,,1
POL-101052,CUST-52292,Liability,South,Agent,2023-01-02,2023-09-11,0.887,1066.69,0,0.0,59.0,10
POL-101053,CUST-52573,Commercial,Central,Broker,2023-12-01,2024-07-17,0.419,724.4,0,0.0,72.0,7
POL-101054,CUST-52731,Motor,North,Direct,2022-02-25,2023-01-29,0.271,191.23,0,0.0,69.0,2
POL-101055,CUST-52847,Liability,North,Online,2023-12-28,2024-12-01,0.279,249.27,0,0.0,55.0,9
POL-101056,CUST-52369,Commercial,East,Direct,2022-11-25,2023-05-24,0.351,600.4,0,0.0,24.0,4
POL-101057,CUST-52334,Commercial,South,Agent,2023-07-18,2024-05-05,0.678,1028.38,0,0.0,24.0,4
POL-101058,CUST-52369,Commercial,North,Agent,2022-11-06,2023-09-01,0.856,1645.13,0,0.0,57.0,17
POL-101059,CUST-50968,Motor,Central,Agent,2022-08-16,2023-04-23,0.915,1000.19,0,0.0,47.0,6
POL-101060,CUST-51621,Home,North,Agent,2023-07-17,2024-04-09,0.726,468.57,0,0.0,25.0,8
POL-101061,CUST-50665,Motor,East,Online,2023-05-17,2024-04-07,0.552,547.46,0,0.0,57.0,0
POL-101062,CUST-51592,Home,South,Broker,2022-04-16,2022-12-22,0.366,261.05,0,0.0,71.0,6
POL-101063,CUST-51533,Motor,South,Agent,2023-05-30,2023-12-07,0.551,358.03,0,0.0,21.0,7
POL-101064,CUST-50205,Motor,South,Online,2023-07-04,2024-03-09,0.499,423.27,0,0.0,65.0,14
POL-101065,CUST-50247,Liability,South,Agent,2022-10-11,2023-05-26,0.903,891.95,0,0.0,37.0,2
POL-101066,CUST-52852,Motor,West,Agent,2023-11-07,2024-07-15,0.615,694.29,0,0.0,40.0,18
POL-101067,CUST-51655,Commercial,South,Broker,2023-04-13,2023-11-21,0.42,803.7,0,0.0,58.0,2
POL-101068,CUST-50098,Motor,West,Agent,2022-09-01,2023-03-27,0.467,293.88,0,0.0,32.0,13
POL-101069,CUST-51109,Motor,East,Agent,2022-01-08,2023-01-06,0.352,386.45,0,0.0,26.0,0
POL-101070,CUST-52673,Motor,West,Online,2023-05-08,2023-11-27,0.939,900.46,0,0.0,72.0,16
POL-101071,CUST-52183,Motor,East,Online,2022-06-02,2023-04-09,0.288,174.14,0,0.0,37.0,13
POL-101072,CUST-52470,Home,South,Direct,2023-07-07,2024-05-15,0.26,155.91,0,0.0,27.0,16
POL-101073,CUST-51877,Motor,East,Direct,2023-01-19,2023-11-09,0.387,434.76,0,0.0,57.0,18
POL-101074,CUST-52101,Home,West,Agent,2022-12-07,2023-11-21,0.858,505.77,0,0.0,30.0,16
POL-101075,CUST-50739,Home,East,Online,2022-04-30,2022-10-27,0.643,467.83,0,0.0,62.0,12
POL-101076,CUST-52525,Motor,Central,Broker,2023-06-04,2024-01-26,0.719,669.8,0,0.0,22.0,16
POL-101077,CUST-52200,Motor,East,Agent,2022-05-02,2022-12-02,0.518,490.01,0,0.0,47.0,1
POL-101078,CUST-50718,Motor,South,Agent,2022-11-01,2023-08-15,0.302,266.09,0,0.0,40.0,12
POL-101079,CUST-50933,Motor,North,Broker,2023-09-03,2024-06-27,0.892,786.74,0,0.0,72.0,19
POL-101080,CUST-52301,Motor,South,Agent,2023-11-03,2024-10-15,0.394,446.04,1,4858.06,47.0,7
POL-101081,CUST-50745,Commercial,North,Agent,2023-12-24,2024-08-30,0.275,394.63,0,0.0,70.0,19
POL-101082,CUST-52007,Home,North,Agent,2023-12-01,2024-07-11,0.68,351.61,0,0.0,32.0,10
POL-101083,CUST-51255,Commercial,South,Broker,2023-02-10,2024-01-27,0.312,449.6,0,0.0,44.0,9
POL-101084,CUST-50861,Commercial,South,Agent,2022-05-27,2023-03-28,0.322,566.37,0,0.0,64.0,6
POL-101085,CUST-50473,Home,Central,Broker,2023-09-05,2024-07-23,0.85,544.22,0,0.0,27.0,2
POL-101086,CUST-52164,Motor,West,Agent,2023-08-09,2024-04-27,0.619,637.94,0,0.0,70.0,17
POL-101087,CUST-50975,Motor,West,Broker,2023-12-24,2024-09-12,0.431,317.94,0,0.0,62.0,14
POL-101088,CUST-51668,Home,East,Agent,2023-04-21,2023-12-29,0.511,351.02,0,0.0,56.0,8
POL-101089,CUST-50779,Motor,North,Broker,2022-04-14,2023-02-27,0.797,884.09,0,0.0,31.0,19
POL-101090,CUST-50442,Motor,Central,Direct,2023-01-03,2023-08-10,0.3,272.98,0,0.0,64.0,3
POL-101091,CUST-50065,Liability,East,Direct,2022-11-24,2023-11-20,0.337,378.4,0,0.0,66.0,15
POL-101092,CUST-52818,Motor,East,Agent,2023-09-08,2024-04-07,0.712,711.21,0,0.0,34.0,9
POL-101093,CUST-50902,Motor,West,Broker,2022-10-14,2023-07-06,0.705,729.75,0,0.0,51.0,12
POL-101094,CUST-51728,Liability,North,Online,2022-08-28,2023-04-23,0.979,906.85,0,0.0,21.0,0
POL-101095,CUST-51400,Motor,East,Agent,2022-02-28,2022-12-24,0.531,513.99,0,0.0,40.0,12
POL-101096,CUST-51109,Motor,West,Broker,2023-09-02,2024-07-04,0.299,251.94,0,0.0,26.0,13
POL-101097,CUST-52489,Motor,West,Broker,2023-07-06,2024-06-20,0.653,540.44,0,0.0,49.0,19
POL-101098,CUST-52732,Motor,East,Online,2022-01-31,2022-12-23,0.729,639.88,0,0.0,49.0,6
POL-101099,CUST-50541,Liability,Central,Broker,2022-11-13,2023-06-27,0.355,342.85,0,0.0,48.0,1
POL-101100,CUST-50093,Home,Central,Online,2022-12-17,2023-07-23,0.665,296.08,0,0.0,56.0,1
POL-101101,CUST-50982,Home,North,Direct,2022-12-09,2023-11-18,0.398,300.9,0,0.0,70.0,2
POL-101102,CUST-50309,Motor,North,Broker,2023-11-02,2024-07-29,0.884,833.33,0,0.0,29.0,5
POL-101103,CUST-50088,Motor,East,Agent,2022-04-20,2022-11-04,0.876,592.93,0,0.0,30.0,16
POL-101104,CUST-52415,Home,Central,Broker,2022-08-12,2023-07-11,0.572,313.12,0,0.0,30.0,3
POL-101105,CUST-50225,Motor,East,Agent,2022-05-13,2023-03-09,0.975,934.6,0,0.0,70.0,2
POL-101106,CUST-50211,Motor,South,Broker,2022-06-28,2022-12-29,0.985,889.67,0,0.0,23.0,0
POL-101107,CUST-51068,Home,East,Agent,2023-10-25,2024-09-14,0.347,259.54,0,0.0,19.0,7
POL-101108,CUST-51703,Commercial,Central,Direct,2023-11-18,2024-09-05,0.526,795.09,0,0.0,27.0,12
POL-101109,CUST-51499,Liability,North,Direct,2022-02-02,2022-11-23,0.7,885.79,0,0.0,61.0,5
POL-101110,CUST-52237,Commercial,East,Online,2023-04-07,2024-03-12,0.314,343.4,0,0.0,51.0,9
POL-101111,CUST-52244,Home,West,Agent,2022-06-19,2023-03-18,0.537,375.97,0,0.0,70.0,4
POL-101112,CUST-50049,Commercial,South,Online,2022-05-21,2023-02-10,0.446,620.89,0,0.0,29.0,16
POL-101113,CUST-52289,Liability,North,Online,2022-08-02,2023-05-23,0.964,864.22,0,0.0,40.0,0
POL-101114,CUST-50128,Motor,West,Online,2022-05-22,2022-12-24,0.559,646.47,0,0.0,49.0,4
POL-101115,CUST-52741,Motor,West,Direct,2022-12-24,2023-07-20,0.822,911.57,0,0.0,22.0,11
POL-101116,CUST-50917,Motor,West,Agent,2023-12-28,2024-11-28,0.54,380.33,0,0.0,70.0,16
POL-101117,CUST-52723,Liability,West,Online,2023-03-05,2023-10-11,0.349,253.17,0,0.0,63.0,8
POL-101118,CUST-52997,Liability,West,Broker,2023-06-12,2024-03-11,0.897,1149.0,0,0.0,26.0,1
POL-101119,CUST-50304,Commercial,South,Direct,2022-12-27,2023-08-14,0.25,296.71,0,0.0,66.0,11
POL-101120,CUST-51142,Motor,North,Agent,2022-01-11,2022-08-21,0.292,335.01,0,0.0,43.0,5
POL-101121,CUST-50336,Liability,Central,Agent,2022-03-03,2022-12-19,0.523,458.27,0,0.0,37.0,6
POL-101122,CUST-52905,Motor,South,Agent,2022-07-16,2023-06-10,0.765,642.55,0,0.0,71.0,18
POL-101123,CUST-51490,Motor,Central,Broker,2022-06-27,2023-03-16,0.506,314.61,0,0.0,47.0,18
POL-101124,CUST-52512,Home,East,Broker,2023-09-06,2024-03-29,0.3,200.19,0,0.0,30.0,5
POL-101125,CUST-51768,Commercial,East,Online,2023-09-08,2024-04-20,0.488,588.8,0,0.0,64.0,11
POL-101126,CUST-52543,Commercial,North,Agent,2023-09-16,2024-04-13,0.434,630.4,0,0.0,58.0,10
POL-101127,CUST-51793,Motor,Central,Agent,2023-04-11,2024-03-20,0.254,290.08,0,0.0,28.0,19
POL-101128,CUST-50145,Motor,East,Agent,2023-02-11,2023-10-08,0.651,485.18,0,0.0,56.0,18
POL-101129,CUST-51458,Home,Central,Agent,2023-04-19,2023-12-24,0.337,239.12,1,4970.19,53.0,7
POL-101130,CUST-51964,Motor,West,Broker,2022-10-24,2023-05-05,0.466,333.28,0,0.0,33.0,0
POL-101131,CUST-52943,Commercial,North,Direct,2023-05-05,2024-01-22,0.731,1194.45,0,0.0,42.0,0
POL-101132,CUST-52498,Motor,Central,Online,2023-08-03,2024-07-17,0.794,609.04,0,0.0,65.0,0
POL-101133,CUST-51526,Motor,East,Agent,2023-07-11,2024-03-23,0.448,448.24,0,0.0,27.0,15
POL-101134,CUST-52417,Motor,North,Agent,2023-03-25,2024-01-20,0.497,523.6,0,0.0,59.0,14
POL-101135,CUST-52805,Commercial,East,Direct,2022-02-12,2022-09-13,0.435,830.37,0,0.0,65.0,16
POL-101136,CUST-52627,Commercial,West,Agent,2023-06-14,2024-01-06,0.968,1885.06,0,0.0,71.0,2
POL-101137,CUST-52964,Motor,West,Direct,2022-09-25,2023-08-07,0.393,290.26,0,0.0,36.0,1
POL-101138,CUST-51077,Motor,South,Broker,2023-06-27,2024-01-05,0.387,259.97,0,0.0,33.0,3
POL-101139,CUST-51332,Liability,Central,Online,2023-01-29,2023-10-19,0.584,420.06,0,0.0,71.0,12
POL-101140,CUST-50042,Home,South,Agent,2023-10-06,2024-05-31,0.392,292.68,0,0.0,44.0,0
POL-101141,CUST-50401,Motor,East,Online,2022-09-05,2023-03-07,0.368,259.88,0,0.0,50.0,13
POL-101142,CUST-52449,Motor,Central,Online,2023-11-11,2024-08-15,0.322,344.89,0,,47.0,17
POL-101143,CUST-50977,Liability,North,Agent,2023-09-09,2024-09-02,0.73,983.94,0,0.0,47.0,2
POL-101144,CUST-51316,Commercial,East,Broker,2022-08-30,2023-03-10,0.709,826.12,0,0.0,53.0,14
POL-101145,CUST-51075,Motor,East,Broker,2022-12-19,2023-11-15,0.738,563.52,0,0.0,42.0,11
POL-101146,CUST-52780,Motor,West,Agent,2023-01-23,2023-10-30,0.83,752.66,0,0.0,40.0,18
POL-101147,CUST-52664,Motor,West,Online,2023-07-16,2024-05-25,0.495,421.33,0,0.0,40.0,4
POL-101148,CUST-52218,Motor,West,Agent,2023-05-19,2023-12-02,0.939,796.68,0,0.0,55.0,4
POL-101149,CUST-52885,Motor,South,Agent,2023-09-14,2024-08-20,0.8,579.34,1,3545.32,64.0,0
POL-101150,CUST-51640,Motor,East,Agent,2022-09-28,2023-03-29,0.854,959.97,0,0.0,49.0,14
POL-101151,CUST-50508,Motor,North,Broker,2023-01-04,2023-12-18,0.791,791.43,0,0.0,56.0,17
POL-101152,CUST-51904,Motor,Central,Online,2022-11-11,2023-09-09,0.519,356.32,0,0.0,41.0,0
POL-101153,CUST-50060,Home,South,Direct,2023-10-26,2024-06-24,0.462,201.4,0,0.0,62.0,9
POL-101154,CUST-51259,Home,East,Direct,2022-08-11,2023-02-08,0.567,,0,0.0,40.0,14
POL-101155,CUST-52491,Commercial,West,Agent,2023-03-05,2023-12-23,0.323,333.04,0,0.0,42.0,15
POL-101156,CUST-50540,Motor,West,Direct,2022-03-29,2022-10-11,0.588,657.88,0,0.0,21.0,18
POL-101157,CUST-51675,Commercial,North,Broker,2023-09-13,2024-07-02,0.282,437.77,0,0.0,32.0,14
POL-101158,CUST-52331,Liability,West,Broker,2022-10-08,2023-08-27,0.253,334.98,0,0.0,60.0,18
POL-101159,CUST-52253,Liability,South,Broker,2022-09-06,2023-04-23,0.949,1153.5,0,0.0,22.0,19
POL-101160,CUST-51775,Motor,East,Online,2023-03-02,2023-10-12,0.767,864.51,0,0.0,30.0,18
POL-101161,CUST-50995,Motor,North,Direct,2022-12-31,2023-08-09,0.671,696.21,0,0.0,62.0,8
POL-101162,CUST-50726,Home,West,Direct,2023-09-12,2024-04-20,0.506,346.23,0,0.0,67.0,8
POL-101163,CUST-50475,Motor,East,Broker,2023-01-23,2023-08-12,0.678,473.22,0,0.0,41.0,8
POL-101164,CUST-52209,Motor,North,Agent,2023-01-13,2023-08-27,0.919,944.69,0,0.0,41.0,19
POL-101165,CUST-50793,Motor,North,Broker,2022-03-18,2023-01-14,0.739,700.15,0,0.0,47.0,5
POL-101166,CUST-51949,Home,West,Direct,2022-01-17,2022-09-10,0.702,443.19,0,0.0,61.0,15
POL-101167,CUST-50145,Commercial,North,Direct,2022-10-18,2023-09-08,0.595,941.27,0,0.0,44.0,12
POL-101168,CUST-50875,Motor,,Direct,2023-12-30,2024-11-26,0.509,373.2,0,0.0,27.0,1
POL-101169,CUST-51157,Liability,West,Agent,2023-11-01,2024-09-17,0.774,745.7,1,2993.35,42.0,9
POL-101170,CUST-52318,Commercial,Central,Agent,2023-04-05,2024-01-10,0.986,1125.09,0,0.0,32.0,3
POL-101171,CUST-50297,Motor,North,Agent,2023-04-06,2023-11-30,0.569,477.28,1,7606.55,56.0,14
POL-101172,CUST-51411,Motor,South,Direct,2022-10-13,2023-09-30,0.544,474.82,0,0.0,26.0,8
POL-101173,CUST-51391,Motor,North,Online,2022-05-10,2022-12-14,0.571,631.17,0,0.0,52.0,7
POL-101174,CUST-50964,Liability,Central,Broker,2022-01-07,2022-09-30,0.569,596.11,0,0.0,25.0,1
POL-101175,CUST-52397,Commercial,East,Direct,2022-09-05,2023-05-27,0.993,1923.94,0,0.0,73.0,2
POL-101176,CUST-52941,Home,Central,Direct,2022-08-20,2023-07-04,0.78,666.18,0,0.0,54.0,15
POL-101177,CUST-50142,Home,North,Agent,2022-05-20,2023-02-25,0.519,236.28,0,0.0,25.0,17
POL-101178,CUST-52797,Motor,West,Agent,2022-07-09,2023-06-02,0.529,502.71,0,0.0,72.0,5
POL-101179,CUST-52690,Liability,North,Agent,2022-01-19,2023-01-04,0.573,510.7,0,0.0,50.0,16
POL-101180,CUST-52527,Liability,North,Online,2023-03-20,2023-11-27,0.278,353.06,0,0.0,52.0,11
POL-101181,CUST-50369,Commercial,East,Agent,2023-11-09,2024-10-16,0.646,979.65,0,0.0,21.0,7
POL-101182,CUST-51163,Home,South,Broker,2023-05-20,2023-12-17,0.859,401.92,0,0.0,28.0,9
POL-101183,CUST-51967,Motor,South,Broker,2022-11-24,2023-11-09,0.745,538.58,0,0.0,64.0,13
POL-101184,CUST-50612,Motor,North,Direct,2022-11-03,2023-06-04,0.399,397.39,0,0.0,44.0,18
POL-101185,CUST-50721,Motor,East,Agent,2022-08-13,2023-07-17,0.796,511.33,0,0.0,53.0,9
POL-101186,CUST-51689,Home,South,Online,2022-04-14,2022-12-22,0.79,472.83,0,0.0,74.0,6
POL-101187,CUST-52534,Commercial,Central,Agent,2023-03-13,2024-03-06,0.447,849.16,0,0.0,42.0,15
POL-101188,CUST-50488,Liability,West,Online,2023-02-18,2023-09-10,0.717,506.23,0,0.0,39.0,10
POL-101189,CUST-50031,Motor,East,Broker,2022-01-06,2022-09-29,0.708,714.54,0,0.0,63.0,7
POL-101190,CUST-52987,Motor,West,Broker,2022-10-31,2023-10-13,0.88,877.28,0,0.0,21.0,9
POL-101191,CUST-51264,Motor,East,Direct,2022-07-22,2023-01-26,0.352,276.62,0,0.0,43.0,10
POL-101192,CUST-50228,Liability,East,Broker,2022-05-05,2022-12-20,0.396,302.28,0,0.0,66.0,2
POL-101193,CUST-52885,Commercial,Central,Agent,2023-05-29,2023-12-10,0.614,687.03,0,0.0,30.0,1
POL-101194,CUST-50820,Home,East,Direct,2023-01-19,2023-09-15,0.283,241.86,0,0.0,35.0,13
POL-101195,CUST-50338,Home,East,Broker,2023-04-08,2023-12-16,0.562,409.01,2,7339.42,44.0,3
POL-101196,CUST-52005,Home,East,Broker,2023-06-05,2024-03-26,0.841,502.23,0,0.0,22.0,10
POL-101197,CUST-52281,Motor,West,Direct,2023-12-18,2024-08-01,0.362,394.93,0,0.0,22.0,15
POL-101198,CUST-50379,Motor,West,Direct,2023-08-10,2024-03-06,0.595,390.61,0,0.0,32.0,4
POL-101199,CUST-52179,Motor,East,Broker,2023-03-29,2023-10-26,0.992,665.16,0,0.0,69.0,7
POL-101200,CUST-51133,Motor,North,Agent,2023-10-04,2024-09-22,0.629,448.19,0,0.0,30.0,19
POL-101201,CUST-50957,Home,West,Agent,2022-12-15,2023-12-07,0.624,477.6,0,0.0,59.0,0
POL-101202,CUST-52000,Motor,East,Broker,2023-12-20,2024-07-28,0.669,560.82,0,0.0,42.0,15
POL-101203,CUST-50181,Commercial,Central,Agent,2023-07-10,2024-02-11,0.39,650.21,0,0.0,61.0,3
POL-101204,CUST-50504,Home,Central,Agent,2023-04-21,2023-10-28,0.36,192.56,0,0.0,36.0,18
POL-101205,CUST-52499,Home,North,Direct,2023-10-22,2024-10-14,0.758,584.68,0,0.0,67.0,8
POL-101206,CUST-52956,Liability,Central,Agent,2023-01-12,2023-11-19,0.547,676.06,0,0.0,39.0,0
POL-101207,CUST-52714,Motor,Central,Agent,2023-06-11,2024-04-27,0.467,392.69,0,0.0,63.0,14
POL-101208,CUST-52349,Home,Central,Online,2022-07-27,2023-03-18,0.274,143.8,0,0.0,65.0,2
POL-101209,CUST-50383,Motor,East,Direct,2023-12-05,2024-09-29,-0.1,858.34,0,0.0,42.0,7
POL-101210,CUST-50926,Commercial,South,Direct,2023-04-01,2023-10-09,0.274,349.34,0,0.0,56.0,10
POL-101211,CUST-52543,Home,West,Broker,2023-07-25,2024-05-25,0.812,404.67,0,0.0,24.0,14
POL-101212,CUST-52139,Motor,Central,Direct,2022-12-03,2023-09-16,0.536,515.31,0,0.0,46.0,8
POL-101213,CUST-52499,Motor,East,Online,2023-09-25,2024-05-23,0.699,629.23,0,0.0,39.0,17
POL-101214,CUST-51232,Commercial,Central,Agent,2022-02-24,2023-01-02,0.436,789.25,1,5950.01,72.0,9
POL-101215,CUST-51731,Home,South,Agent,2022-03-25,2023-01-19,0.367,205.84,0,0.0,71.0,6
POL-101216,CUST-52210,Home,Central,Agent,2023-01-06,2023-09-24,0.65,345.66,0,0.0,62.0,6
POL-101217,CUST-52350,Motor,North,Online,2023-06-19,2024-01-19,0.772,753.56,0,0.0,72.0,16
POL-101218,CUST-52177,Home,Central,Agent,2023-08-14,2024-02-14,0.397,293.09,1,3546.71,73.0,13
POL-101219,CUST-50118,Home,Central,Broker,2022-11-18,2023-11-07,0.577,353.93,0,0.0,61.0,2
POL-101220,CUST-50607,Motor,West,Broker,2023-04-20,2023-12-08,0.583,500.33,0,0.0,51.0,15
POL-101221,CUST-51488,Home,West,Online,2023-02-08,2023-10-02,0.412,200.9,0,0.0,29.0,8
POL-101222,CUST-52097,Home,East,Agent,2023-12-03,2024-10-04,0.674,429.83,0,0.0,64.0,6
POL-101223,CUST-52900,Commercial,Central,Broker,2023-04-23,2023-12-06,0.359,714.68,0,0.0,29.0,1
POL-101224,CUST-50902,Motor,North,Online,2022-11-01,2023-07-08,0.632,418.79,0,0.0,28.0,19
POL-101225,CUST-52325,Motor,South,Agent,2023-12-09,2024-10-16,0.335,312.54,0,0.0,68.0,1
POL-101226,CUST-51992,Liability,North,Broker,2022-03-20,2023-01-04,0.614,428.95,0,0.0,24.0,19
POL-101227,CUST-50804,Commercial,South,Agent,2023-12-20,2024-10-17,0.484,,0,0.0,26.0,1
POL-101228,CUST-50519,Motor,East,Agent,2022-04-23,2022-10-20,0.589,617.2,0,0.0,47.0,10
POL-101229,CUST-51870,Liability,South,Agent,2022-07-30,2023-04-19,0.575,618.17,0,0.0,51.0,2
POL-101230,CUST-50984,Motor,East,Agent,2023-08-23,2024-05-17,0.931,598.89,0,0.0,20.0,9
POL-101231,CUST-50637,Commercial,South,Agent,2023-06-20,2024-04-12,0.617,909.22,0,0.0,39.0,16
POL-101232,CUST-50655,Motor,South,Direct,2023-12-10,2024-07-05,0.864,554.73,1,2422.3,30.0,11
POL-101233,CUST-50666,Motor,East,Broker,2023-07-02,2024-01-27,0.419,,1,1978.64,35.0,10
POL-101234,CUST-50273,Liability,South,Broker,2023-04-11,2024-02-26,0.514,623.74,0,0.0,28.0,2
POL-101235,CUST-50568,Motor,Central,Direct,2022-09-10,2023-07-12,0.306,229.09,0,0.0,56.0,18
POL-101236,CUST-52927,Commercial,Central,Online,2022-01-04,2022-11-30,0.566,834.96,0,0.0,44.0,7
POL-101237,CUST-50569,Home,Central,Agent,2022-04-01,2022-11-17,0.752,489.66,0,0.0,72.0,10
POL-101238,CUST-51226,Motor,North,Agent,2022-08-06,2023-08-06,0.879,969.27,0,0.0,18.0,17
POL-101239,CUST-51497,Liability,East,Agent,2022-01-30,2022-09-17,0.674,518.54,0,0.0,62.0,12
POL-101240,CUST-52106,Home,West,Online,2023-01-06,2023-11-03,0.73,491.2,0,0.0,69.0,14
POL-101241,CUST-50929,Commercial,South,Online,2023-07-22,2024-02-17,0.383,400.71,0,0.0,45.0,3
POL-101242,CUST-52480,Commercial,South,Broker,2023-12-05,2024-11-19,0.278,308.51,0,0.0,57.0,9
POL-101243,CUST-52333,Motor,West,Agent,2022-12-24,2023-08-22,0.844,613.02,0,0.0,43.0,10
POL-101244,CUST-51525,Motor,North,Broker,2023-10-01,2024-08-25,0.375,383.71,0,0.0,51.0,3
POL-101245,CUST-52682,Motor,West,Direct,2023-12-21,2024-08-18,0.318,196.99,0,0.0,69.0,7
POL-101246,CUST-51044,Home,East,Agent,2023-09-20,2024-08-12,0.953,804.48,0,0.0,48.0,16
POL-101247,CUST-51462,Motor,West,Agent,2022-12-06,2023-08-27,0.973,826.53,0,0.0,50.0,18
POL-101248,CUST-51794,Motor,West,Agent,2022-08-26,2023-03-05,0.712,778.93,1,5102.55,74.0,16
POL-101249,CUST-50573,Commercial,East,Direct,2023-12-15,2024-07-17,0.534,662.27,0,0.0,46.0,18
POL-101250,CUST-50245,Motor,East,Online,2022-06-26,2023-04-29,0.875,696.5,0,0.0,27.0,19
POL-101251,CUST-52993,Commercial,North,Agent,2022-10-28,2023-05-31,0.404,708.18,0,0.0,56.0,3
POL-101252,CUST-50145,Home,Central,Online,2022-02-24,2022-10-13,0.572,342.38,0,0.0,57.0,17
POL-101253,CUST-50141,Motor,North,Broker,2023-08-03,2024-05-09,0.518,464.62,0,0.0,31.0,12
POL-101254,CUST-50304,Motor,Central,Direct,2023-04-20,2023-12-03,0.935,1006.53,0,0.0,59.0,17
POL-101255,CUST-51648,Motor,Central,Online,2022-03-03,2022-09-22,0.94,923.46,0,0.0,21.0,12
POL-101256,CUST-50804,Home,West,Broker,2022-06-12,2023-04-04,0.738,588.02,0,0.0,36.0,2
POL-101257,CUST-50658,Motor,West,Agent,2023-02-10,2023-12-15,0.333,215.27,1,5741.19,66.0,11
POL-101258,CUST-52581,Commercial,North,Agent,2023-01-30,2023-12-12,0.612,998.9,0,0.0,53.0,15
POL-101259,CUST-52812,Commercial,Central,Online,2023-08-09,2024-07-29,0.434,705.35,0,0.0,52.0,2
POL-101260,CUST-52627,Motor,East,Broker,2022-07-14,2023-02-02,0.914,873.99,0,0.0,53.0,10
POL-101261,CUST-50974,Commercial,South,Agent,2023-11-07,2024-07-23,0.354,570.88,0,0.0,27.0,13
POL-101262,CUST-50255,Liability,West,Broker,2022-11-21,2023-07-02,0.291,344.12,0,0.0,72.0,9
POL-101263,CUST-52874,Motor,,Agent,2023-08-24,2024-08-05,0.778,853.62,0,0.0,34.0,15
POL-101264,CUST-51637,Liability,South,Agent,2022-06-24,2023-03-31,0.59,497.67,0,0.0,62.0,2
POL-101265,CUST-52918,Motor,South,Online,2022-01-27,2022-08-13,0.879,577.69,0,0.0,74.0,6
POL-101266,CUST-50502,Home,North,Broker,2022-02-10,2022-12-15,0.306,142.63,1,1481.56,31.0,19
POL-101267,CUST-52828,Motor,Central,Agent,2022-09-30,2023-04-05,0.851,586.56,0,0.0,54.0,10
POL-101268,CUST-50928,Commercial,West,Broker,2023-11-27,2024-07-14,0.278,467.26,0,0.0,20.0,3
POL-101269,CUST-52378,Commercial,South,Online,2022-02-05,2022-12-16,0.271,389.63,0,0.0,54.0,2
POL-101270,CUST-50330,Liability,West,Agent,2022-09-27,2023-06-28,0.596,551.75,0,0.0,43.0,11
POL-101271,CUST-52223,Liability,West,Agent,2022-03-21,2023-02-05,0.416,545.05,0,0.0,22.0,18
POL-101272,CUST-51420,Motor,North,Broker,2023-11-12,2024-08-24,0.695,785.77,0,0.0,56.0,0
POL-101273,CUST-52858,Home,North,Agent,2023-05-08,2024-04-08,0.269,179.66,0,0.0,73.0,2
POL-101274,CUST-50443,Motor,South,Agent,2023-07-11,2024-04-20,0.277,240.38,0,0.0,22.0,7
POL-101275,CUST-50671,Motor,North,Agent,2023-06-05,2023-12-12,0.795,600.95,0,0.0,68.0,4
POL-101276,CUST-51908,Motor,Central,Agent,2023-04-25,2023-11-04,0.408,354.41,0,0.0,66.0,2
POL-101277,CUST-52429,Liability,North,Direct,2023-07-19,2024-06-07,0.742,718.17,0,0.0,49.0,5
POL-101278,CUST-52664,Home,Central,Agent,2022-01-06,2022-07-12,0.812,354.86,1,3524.54,69.0,12
POL-101279,CUST-50340,Motor,East,Broker,2023-09-24,2024-05-31,0.294,307.63,0,0.0,35.0,16
POL-101280,CUST-50020,Liability,North,Direct,2023-06-25,2023-12-24,0.827,816.13,0,0.0,59.0,6
POL-101281,CUST-51085,Commercial,Central,Agent,2023-06-24,2024-02-15,0.451,559.78,0,0.0,57.0,14
POL-101282,CUST-50292,Motor,North,Agent,2022-10-15,2023-08-01,0.542,537.35,0,0.0,51.0,16
POL-101283,CUST-51205,Home,Central,Online,2023-08-08,2024-03-07,0.315,197.91,0,0.0,65.0,0
POL-101284,CUST-51430,Commercial,North,Broker,2022-10-06,2023-06-29,0.879,1172.09,0,0.0,67.0,17
POL-101285,CUST-52985,Home,West,Direct,2022-02-05,2023-02-05,0.671,358.43,0,0.0,62.0,3
POL-101286,CUST-50100,Home,South,Broker,2023-10-25,2024-05-05,0.628,288.67,0,0.0,51.0,13
POL-101287,CUST-50962,Home,East,Online,2022-06-21,2022-12-29,0.976,636.66,0,0.0,73.0,15
POL-101288,CUST-51015,Motor,Central,Agent,2022-03-16,2022-11-01,0.501,410.01,0,0.0,49.0,16
POL-101289,CUST-51664,Home,West,Agent,2023-03-30,2024-02-26,0.918,414.48,0,0.0,54.0,8
POL-101290,CUST-50961,Motor,South,Online,2022-06-20,2023-03-02,0.79,851.92,0,0.0,28.0,13
POL-101291,CUST-51900,Motor,North,Agent,2023-09-19,2024-07-13,0.946,1017.83,0,0.0,36.0,0
POL-101292,CUST-52547,Motor,South,Broker,2022-11-20,2023-05-25,0.931,825.39,0,0.0,69.0,8
POL-101293,CUST-52033,Home,Central,Agent,2022-01-04,2022-11-16,0.993,792.5,0,0.0,46.0,19
POL-101294,CUST-51981,Motor,East,Agent,2023-11-26,2024-06-05,0.349,307.54,0,0.0,47.0,3
POL-101295,CUST-50360,Motor,West,Direct,2023-01-11,2023-11-19,0.847,589.09,0,0.0,64.0,3
POL-101296,CUST-52661,Motor,East,Broker,2022-07-11,2023-02-03,0.853,770.23,0,0.0,36.0,14
POL-101297,CUST-51677,Liability,East,Broker,2023-05-10,2024-04-13,0.733,660.01,0,0.0,33.0,10
POL-101298,CUST-50494,Motor,North,Agent,2023-01-23,2023-09-15,0.459,396.65,0,0.0,18.0,9
POL-101299,CUST-51904,Motor,North,Agent,2022-01-22,2022-08-24,0.974,1142.06,1,2452.94,31.0,4
POL-101300,CUST-51460,Motor,West,Direct,2023-07-09,2024-03-07,0.403,325.04,0,0.0,47.0,3
POL-101301,CUST-52710,Commercial,South,Agent,2022-10-20,2023-04-18,0.625,771.33,0,0.0,59.0,14
POL-101302,CUST-51943,Motor,South,Broker,2023-05-26,2023-12-22,0.641,430.42,0,0.0,36.0,7
POL-101303,CUST-52871,Motor,South,Broker,2023-10-16,2024-08-02,0.371,415.87,0,,,15
POL-101304,CUST-52924,Commercial,West,Agent,2023-03-22,2023-11-12,0.792,815.89,0,0.0,30.0,8
POL-101305,CUST-50705,Commercial,Central,Agent,2023-05-06,2024-01-06,0.317,613.73,0,0.0,64.0,7
POL-101306,CUST-50876,Home,West,Direct,2022-07-05,2023-05-31,0.77,354.82,0,0.0,47.0,4
POL-101307,CUST-50631,Home,West,Broker,2022-06-23,2023-01-12,0.886,673.94,0,0.0,26.0,13
POL-101308,CUST-50691,Liability,Central,Agent,2022-10-30,2023-07-10,0.512,454.37,0,0.0,52.0,5
POL-101309,CUST-52051,Liability,East,Online,2023-09-15,2024-04-16,0.782,670.52,0,0.0,37.0,18
POL-101310,CUST-52847,Commercial,North,Agent,2023-01-18,2023-10-14,0.368,440.73,0,0.0,67.0,8
POL-101311,CUST-51468,Commercial,East,Direct,2022-09-12,2023-05-11,0.884,1017.96,0,0.0,33.0,16
POL-101312,CUST-52425,Commercial,Central,Agent,2023-07-24,2024-01-28,0.964,1043.27,1,11273.35,67.0,9
POL-101313,CUST-52230,Liability,West,Broker,2023-09-15,2024-03-26,0.365,289.21,0,0.0,57.0,8
POL-101314,CUST-50782,Motor,South,Broker,2023-10-21,2024-09-23,0.769,726.82,0,0.0,25.0,9
POL-101315,CUST-52545,Liability,South,Agent,2022-08-07,2023-02-13,0.629,677.31,0,0.0,61.0,8
POL-101316,CUST-51436,Commercial,Central,Direct,2023-06-03,2024-04-23,0.649,843.89,0,0.0,59.0,9
POL-101317,CUST-50032,Home,North,Agent,2023-03-07,2024-02-20,0.78,568.67,0,0.0,43.0,17
POL-101318,CUST-52146,Motor,Central,Broker,2022-11-24,2023-08-17,0.617,649.66,0,0.0,27.0,14
POL-101319,CUST-52636,Motor,West,Direct,2022-10-17,2023-06-12,0.7,824.74,0,0.0,45.0,0
POL-101320,CUST-50735,Commercial,Central,Broker,2022-03-25,2023-02-12,0.423,618.16,0,0.0,52.0,1
POL-101321,CUST-50796,Home,South,Broker,2022-07-20,2023-07-17,0.534,318.57,0,0.0,25.0,0
POL-101322,CUST-52197,Motor,West,Agent,2023-02-06,2023-08-27,0.899,1055.46,0,0.0,37.0,13
POL-101323,CUST-52908,Home,South,Agent,2023-10-10,2024-10-03,0.332,279.84,0,0.0,58.0,4
POL-101324,CUST-50780,Motor,North,Online,2023-09-25,2024-09-14,0.698,800.28,0,0.0,49.0,7
POL-101325,CUST-51290,Home,East,Broker,2022-05-17,2022-12-09,0.388,270.91,0,0.0,74.0,16
POL-101326,CUST-52037,Home,Central,Direct,2023-05-11,2023-11-17,0.885,621.35,0,0.0,30.0,2
POL-101327,CUST-52557,Home,South,Broker,2022-03-03,2023-01-09,0.684,572.33,0,0.0,62.0,3
POL-101328,CUST-50100,Motor,North,Broker,2023-05-08,2023-11-18,0.552,486.03,0,0.0,42.0,1
POL-101329,CUST-50599,Motor,,Agent,2022-09-07,2023-06-25,0.437,315.52,0,0.0,30.0,5
POL-101330,CUST-52682,Motor,Central,Agent,2022-11-25,2023-06-05,0.578,682.75,0,0.0,72.0,1
POL-101331,CUST-51575,Home,Central,Broker,2023-06-08,2024-04-11,0.968,773.88,0,0.0,53.0,12
POL-101332,CUST-52274,Liability,Central,Agent,2022-11-07,2023-06-18,0.632,457.85,0,0.0,48.0,14
POL-101333,CUST-50189,Commercial,Central,Agent,2023-08-13,2024-02-26,0.602,679.75,0,0.0,34.0,3
POL-101334,CUST-50272,Commercial,Central,Broker,2023-01-25,2023-08-05,0.81,1547.38,0,0.0,68.0,10
POL-101335,CUST-52204,Motor,Central,Broker,2023-12-31,2024-08-02,0.534,413.39,0,0.0,19.0,6
POL-101336,CUST-51127,Motor,West,Broker,2023-04-11,2024-01-16,0.571,576.34,0,0.0,24.0,1
POL-101337,CUST-52826,Commercial,South,Direct,2022-08-05,2023-02-15,0.503,570.7,0,0.0,28.0,9
POL-101338,CUST-51292,Home,East,Broker,2023-07-20,2024-06-13,0.363,184.41,0,0.0,55.0,13
POL-101339,CUST-52529,Motor,South,Agent,2022-10-25,2023-08-13,0.785,816.15,0,0.0,23.0,4
POL-101340,CUST-51630,Home,East,Direct,2023-01-25,2023-09-17,0.905,777.41,0,0.0,63.0,15
POL-101341,CUST-52041,Home,West,Broker,2022-04-10,2023-04-08,0.929,605.67,0,0.0,29.0,19
POL-101342,CUST-51961,Motor,South,Broker,2022-03-29,2023-01-25,0.911,565.31,0,0.0,56.0,1
POL-101343,CUST-50356,Motor,North,Online,2023-02-24,2023-12-25,0.589,432.57,0,0.0,63.0,3
POL-101344,CUST-52383,Home,West,Agent,2022-05-17,2022-12-15,0.463,243.68,0,0.0,68.0,5
POL-101345,CUST-52951,Motor,Central,Broker,2023-12-30,2024-11-06,0.728,838.28,0,0.0,34.0,16
POL-101346,CUST-51160,Motor,Central,Agent,2023-09-17,2024-06-27,0.966,815.68,0,0.0,22.0,2
POL-101347,CUST-51031,Commercial,North,Agent,2023-05-27,2024-05-24,0.795,1571.63,0,0.0,61.0,9
POL-101348,CUST-51791,Liability,East,Broker,2023-06-21,2024-03-15,0.621,792.19,0,0.0,43.0,10
POL-101349,CUST-51898,Motor,East,Agent,2023-03-11,2024-01-11,0.767,662.1,0,0.0,72.0,2
POL-101350,CUST-51149,Motor,East,Agent,2022-02-14,2022-10-15,0.829,505.52,0,0.0,28.0,0
POL-101351,CUST-50818,Home,West,Broker,2022-10-14,2023-04-19,0.939,804.03,1,13361.88,50.0,2
POL-101352,CUST-52913,Motor,East,Agent,2022-12-28,2023-07-19,0.822,494.02,0,0.0,24.0,1
POL-101353,CUST-52481,Commercial,Central,Broker,2023-10-31,2024-10-06,0.575,1083.28,0,0.0,45.0,10
POL-101354,CUST-51715,Commercial,Central,Agent,2022-06-10,2023-04-23,0.455,652.67,0,0.0,18.0,18
POL-101355,CUST-51135,Motor,West,Broker,2022-12-29,2023-09-02,0.625,483.92,0,0.0,60.0,7
POL-101356,CUST-51056,Commercial,East,Broker,2022-09-09,2023-07-15,0.496,708.99,1,7672.03,52.0,5
POL-101357,CUST-51172,Motor,East,Broker,2022-04-09,2022-10-06,0.957,772.64,0,0.0,23.0,4
POL-101358,CUST-51778,Home,Central,Direct,2022-03-17,2022-09-19,0.631,462.57,0,0.0,46.0,19
POL-101359,CUST-50013,Liability,South,Online,2022-09-24,2023-06-25,0.604,651.65,0,0.0,42.0,19
POL-101360,CUST-51971,Motor,Central,Agent,2022-03-02,2022-12-23,0.511,382.16,0,0.0,56.0,12
POL-101361,CUST-51726,Motor,East,Broker,2022-02-19,2023-02-08,0.73,663.47,0,0.0,46.0,9
POL-101362,CUST-50433,Commercial,North,Online,2022-09-14,2023-08-01,0.64,912.66,0,0.0,44.0,3
POL-101363,CUST-50752,Home,West,Direct,2022-05-28,2023-01-10,0.347,289.25,0,0.0,65.0,18
POL-101364,CUST-50831,Motor,South,Online,2023-02-10,2024-01-07,0.902,1015.62,0,0.0,47.0,0
POL-101365,CUST-52765,Motor,East,Direct,2022-01-13,2022-10-11,0.519,499.44,0,0.0,64.0,3
POL-101366,CUST-52804,Motor,Central,Direct,2022-08-09,2023-07-08,0.574,671.23,0,0.0,68.0,13
POL-101367,CUST-52349,Home,West,Agent,2022-11-27,2023-06-27,0.404,241.11,0,0.0,66.0,3
POL-101368,CUST-52044,Motor,West,Agent,2023-12-05,2024-06-06,0.665,430.48,0,0.0,72.0,2
POL-101369,CUST-52856,Motor,North,Broker,2023-04-09,2023-10-16,0.777,484.35,0,0.0,57.0,11
POL-101370,CUST-52203,Motor,Central,Broker,2023-10-05,2024-10-03,0.911,993.81,0,0.0,50.0,0
POL-101371,CUST-51169,Home,South,Direct,2022-09-08,2023-03-21,0.289,173.53,0,0.0,48.0,5
POL-101372,CUST-51075,Commercial,North,Online,2022-11-25,2023-11-14,0.98,1850.41,0,0.0,29.0,12
POL-101373,CUST-51985,Home,Central,Agent,2022-11-03,2023-09-14,0.778,492.54,0,0.0,65.0,3
POL-101374,CUST-51225,Home,North,Broker,2023-10-10,2024-05-04,0.463,203.19,0,0.0,57.0,15
POL-101375,CUST-51355,Commercial,South,Online,2023-12-02,2024-11-06,0.403,625.29,0,0.0,67.0,1
POL-101376,CUST-52917,Motor,North,Online,2023-12-04,2024-06-27,0.472,447.81,0,0.0,57.0,12
POL-101377,CUST-52728,Motor,West,Online,2023-07-03,2024-01-25,0.907,783.33,0,0.0,45.0,1
POL-101378,CUST-51819,Motor,Central,Direct,2023-01-03,2023-10-17,0.469,512.91,0,0.0,34.0,14
POL-101379,CUST-50972,Motor,East,Online,2023-01-30,2023-09-20,0.597,583.98,0,0.0,74.0,15
POL-101380,CUST-51326,Liability,Central,Broker,2023-12-17,2024-08-07,0.779,729.31,0,0.0,59.0,15
POL-101381,CUST-50985,Motor,Central,Agent,2022-07-27,2023-02-28,0.904,924.62,0,0.0,67.0,5
POL-101382,CUST-51257,Commercial,Central,Agent,2022-09-11,2022-08-12,0.744,996.52,0,0.0,51.0,4
POL-101383,CUST-51097,Motor,North,Broker,2023-10-17,2024-04-18,0.815,891.56,0,0.0,47.0,19
POL-101384,CUST-51335,Home,South,Online,2022-10-10,2023-05-23,0.38,211.11,0,0.0,19.0,14
POL-101385,CUST-51493,Motor,South,Broker,2022-06-21,2023-03-30,0.908,,0,0.0,21.0,3
POL-101386,CUST-51928,Motor,West,Direct,2023-02-14,2023-11-11,0.457,384.78,0,0.0,58.0,0
POL-101387,CUST-52663,Motor,Central,Broker,2022-08-26,2023-07-02,0.346,226.7,0,0.0,30.0,7
POL-101388,CUST-51585,Home,South,Direct,2023-10-13,2024-05-20,0.982,694.56,0,0.0,22.0,13
POL-101389,CUST-50622,Home,West,Agent,2023-10-26,2024-08-21,0.401,240.7,0,0.0,62.0,7
POL-101390,CUST-50555,Commercial,North,Broker,2022-08-12,2023-06-29,0.352,583.89,0,0.0,53.0,16
POL-101391,CUST-51953,Liability,East,Agent,2023-01-22,2023-10-01,0.72,760.59,0,0.0,24.0,10
POL-101392,CUST-52994,Home,West,Broker,2023-12-20,2024-08-03,0.489,221.05,0,0.0,46.0,19
POL-101393,CUST-50917,Liability,South,Broker,2023-06-26,2024-04-04,0.35,289.32,0,0.0,44.0,17
POL-101394,CUST-50264,Motor,North,Direct,2022-06-07,2023-03-21,0.701,709.24,0,0.0,18.0,9
POL-101395,CUST-50247,Motor,East,Broker,2023-03-08,2023-09-21,0.819,715.2,0,0.0,52.0,16
POL-101396,CUST-50822,Motor,West,Online,2023-03-29,2024-01-08,0.845,737.3,0,0.0,40.0,8
POL-101397,CUST-52860,Home,Central,Online,2023-04-23,2023-11-17,0.367,159.66,0,0.0,68.0,0
POL-101398,CUST-52341,Home,West,Agent,2022-01-19,2022-10-31,0.668,377.7,0,0.0,24.0,6
POL-101399,CUST-52357,Home,West,Agent,2022-08-07,2023-07-26,0.86,623.11,0,0.0,66.0,8
POL-101400,CUST-50998,Commercial,East,Agent,2023-09-16,2024-06-21,0.371,710.57,0,0.0,18.0,19
POL-101401,CUST-52856,Motor,Central,Agent,2022-06-26,2023-05-13,0.406,380.23,0,0.0,61.0,16
POL-101402,CUST-51222,Commercial,Central,Agent,2022-08-07,2023-04-01,0.252,394.07,0,0.0,62.0,2
POL-101403,CUST-51200,Home,Central,Online,2022-08-24,2023-08-10,0.643,410.31,0,0.0,41.0,0
POL-101404,CUST-52813,Home,Central,Online,2022-05-10,2023-04-06,0.396,288.47,0,0.0,33.0,10
POL-101405,CUST-52270,Motor,East,Agent,2022-04-24,2023-04-09,0.793,848.42,0,0.0,26.0,10
POL-101406,CUST-50866,Motor,Central,Direct,2022-09-11,2023-07-25,0.972,705.97,0,0.0,37.0,14
POL-101407,CUST-51953,Motor,West,Online,2023-10-01,2024-07-27,0.407,415.07,0,0.0,56.0,5
POL-101408,CUST-51051,Commercial,West,Broker,2022-01-02,2022-10-06,0.737,930.47,0,0.0,59.0,16
POL-101409,CUST-51857,Home,West,Online,2022-07-26,2023-07-13,0.409,183.15,0,0.0,28.0,8
POL-101410,CUST-50411,Motor,North,Online,2022-02-14,2023-01-17,0.264,168.81,0,0.0,18.0,6
POL-101411,CUST-50120,Commercial,Central,Online,2023-02-14,2023-10-29,0.819,869.97,0,0.0,49.0,8
POL-101412,CUST-52891,Home,South,Direct,2022-07-02,2023-01-13,0.576,320.02,0,0.0,51.0,18
POL-101413,CUST-50215,Liability,West,Broker,2023-08-02,2024-01-29,0.96,742.31,0,0.0,73.0,7
POL-101414,CUST-51203,Home,Central,Agent,2023-03-04,2023-10-13,0.651,306.61,0,0.0,61.0,11
POL-101415,CUST-50585,Home,North,Online,2023-07-27,2024-02-03,0.368,183.28,0,0.0,49.0,17
POL-101416,CUST-50044,Home,South,Agent,2023-04-09,2023-11-14,0.587,264.49,0,0.0,51.0,0
POL-101417,CUST-52248,Home,Central,Broker,2022-11-17,2023-06-05,0.402,234.41,0,0.0,54.0,10
POL-101418,CUST-50849,Motor,South,Agent,2023-09-21,2024-09-17,0.909,985.88,0,0.0,43.0,14
POL-101419,CUST-52395,Motor,West,Broker,2022-12-14,2023-06-29,0.768,710.01,0,0.0,56.0,18
POL-101420,CUST-51649,Liability,East,Agent,2023-11-25,2024-09-16,0.506,369.67,0,0.0,29.0,1
POL-101421,CUST-51941,Commercial,Central,Online,2023-12-28,2024-08-29,0.646,901.52,0,0.0,65.0,14
POL-101422,CUST-52005,Home,East,Broker,2023-03-06,2023-10-04,0.752,466.65,0,0.0,67.0,16
POL-101423,CUST-50576,Home,East,Broker,2023-05-08,2024-03-13,0.837,425.89,0,0.0,42.0,7
POL-101424,CUST-51367,Commercial,North,Broker,2022-07-06,2023-07-01,0.31,432.02,0,0.0,44.0,14
POL-101425,CUST-52332,Motor,East,Broker,2023-08-18,2024-07-10,0.267,212.36,0,0.0,46.0,9
POL-101426,CUST-50702,Motor,East,Direct,2023-05-06,2024-05-01,0.336,298.64,1,8171.06,64.0,13
POL-101427,CUST-50340,Motor,West,Online,2023-10-21,2024-08-05,0.546,551.4,0,0.0,28.0,7
POL-101428,CUST-51243,Motor,West,Online,2022-07-14,2023-05-15,0.6,527.94,0,0.0,37.0,3
POL-101429,CUST-52682,Motor,West,Broker,2023-07-29,2024-02-21,0.352,224.93,0,0.0,53.0,16
POL-101430,CUST-50965,Commercial,East,Online,2022-12-10,2023-11-13,0.558,597.65,0,0.0,57.0,4
POL-101431,CUST-51154,Motor,North,Broker,2022-05-16,2023-03-31,0.581,652.66,0,0.0,34.0,3
POL-101432,CUST-50378,Commercial,South,Direct,2022-05-05,2022-12-18,0.332,571.1,0,0.0,24.0,17
POL-101433,CUST-52181,Liability,East,Direct,2023-02-15,2023-10-18,0.937,1065.2,0,0.0,46.0,18
POL-101434,CUST-51012,Motor,Central,Broker,2022-08-22,2023-06-11,0.699,795.71,0,0.0,54.0,12
POL-101435,CUST-50508,Commercial,West,Broker,2022-03-16,2022-09-14,0.541,846.46,0,0.0,61.0,11
POL-101436,CUST-50306,Home,Central,Direct,2022-11-08,2023-10-06,0.63,293.58,0,0.0,18.0,7
POL-101437,CUST-50942,Liability,Central,Agent,2023-04-22,2023-12-10,0.486,571.57,0,0.0,19.0,12
POL-101438,CUST-50610,Home,North,Direct,2022-08-21,2023-03-02,0.891,449.44,0,0.0,40.0,12
POL-101439,CUST-51485,Motor,North,Broker,2023-11-29,2024-07-27,0.681,675.13,0,0.0,50.0,10
POL-101440,CUST-51279,Motor,East,Broker,2023-07-24,2024-06-23,0.621,517.55,0,0.0,18.0,13
POL-101441,CUST-51489,Liability,South,Online,2023-01-10,2023-08-29,0.933,658.1,0,0.0,27.0,11
POL-101442,CUST-51100,Motor,Central,Agent,2023-11-14,2024-08-20,0.878,551.42,0,0.0,41.0,17
POL-101443,CUST-50291,Commercial,East,Agent,2022-11-13,2023-10-10,0.86,1215.63,0,0.0,33.0,13
POL-101444,CUST-52331,Motor,North,Broker,2022-04-12,2022-10-15,0.419,397.53,1,2931.24,58.0,7
POL-101445,CUST-51644,Home,South,Agent,2022-01-27,2022-12-14,0.365,185.48,0,0.0,19.0,13
POL-101446,CUST-50553,Home,South,Agent,2023-11-16,2024-07-06,0.768,368.89,0,0.0,68.0,4
POL-101447,CUST-50225,Motor,North,Direct,2023-12-02,2024-10-06,0.601,492.13,0,0.0,27.0,4
POL-101448,CUST-52819,Motor,South,Agent,2023-06-24,2024-01-24,0.763,,0,0.0,43.0,16
POL-101449,CUST-52771,Motor,East,Direct,2022-03-17,2022-10-08,0.82,870.42,1,8216.85,74.0,11
POL-101450,CUST-50566,Commercial,Central,Agent,2022-08-03,2023-06-25,0.471,805.13,0,0.0,55.0,1
POL-101451,CUST-51265,Commercial,West,Agent,2022-01-30,2022-12-26,0.463,669.84,0,0.0,74.0,7
POL-101452,CUST-51747,Motor,North,Broker,2022-02-07,2023-02-04,0.618,530.21,0,0.0,19.0,19
POL-101453,CUST-51317,Home,East,Online,2022-06-29,2023-04-30,0.455,242.09,0,0.0,59.0,12
POL-101454,CUST-52508,Motor,West,Broker,2023-02-22,2023-11-15,0.75,507.45,0,0.0,22.0,17
POL-101455,CUST-51730,Commercial,South,Agent,2022-02-17,2022-09-21,0.81,835.17,0,0.0,52.0,10
POL-101456,CUST-50796,Commercial,East,Broker,2023-12-20,2024-08-10,0.604,1140.38,0,0.0,36.0,0
POL-101457,CUST-52345,Commercial,Central,Broker,2022-11-29,2023-09-25,0.793,1204.27,0,0.0,62.0,3
POL-101458,CUST-52624,Commercial,North,Direct,2022-07-12,2023-03-13,0.633,644.45,0,0.0,25.0,1
POL-101459,CUST-50208,Motor,East,Agent,2023-01-12,2023-10-08,0.785,714.24,0,0.0,69.0,14
POL-101460,CUST-52554,Motor,West,Agent,2023-07-31,2024-02-27,0.419,313.71,0,0.0,45.0,15
POL-101461,CUST-52108,Commercial,West,Broker,2022-08-17,2023-05-05,0.804,1164.81,0,0.0,47.0,9
POL-101462,CUST-52753,Motor,Central,Direct,2022-02-04,2022-09-16,0.786,782.14,0,0.0,50.0,14
POL-101463,CUST-52731,Motor,South,Online,2022-02-07,2022-08-26,0.45,484.56,0,0.0,20.0,11
POL-101464,CUST-50148,Motor,East,Broker,2023-09-14,2024-04-05,0.667,674.86,0,0.0,35.0,14
POL-101465,CUST-51317,Commercial,Central,Direct,2022-03-23,2022-12-24,0.891,1714.95,0,0.0,58.0,13
POL-101466,CUST-50214,Home,Central,Broker,2023-04-09,2023-12-13,0.437,234.18,0,0.0,72.0,9
POL-101467,CUST-50039,Liability,Central,Broker,2022-10-08,2023-04-24,0.802,914.05,0,0.0,74.0,13
POL-101468,CUST-52751,Motor,West,Direct,2023-07-22,2024-04-22,0.965,1085.09,0,0.0,48.0,6
POL-101469,CUST-50742,Motor,South,Agent,2022-02-14,2022-09-12,0.9,700.7,1,2655.35,32.0,14
POL-101470,CUST-50182,Motor,South,Online,2023-10-18,2024-04-17,0.551,589.94,0,0.0,45.0,18
POL-101471,CUST-52823,Commercial,West,Agent,2023-05-25,2023-12-15,0.705,1388.37,0,0.0,44.0,4
POL-101472,CUST-51223,Motor,South,Direct,2022-11-24,2023-08-14,0.994,972.24,0,0.0,40.0,13
POL-101473,CUST-50354,Liability,West,Broker,2022-06-01,2023-05-24,0.676,,0,0.0,38.0,2
POL-101474,CUST-50764,Home,East,Online,2023-12-15,2024-07-26,0.336,183.86,0,0.0,67.0,7
POL-101475,CUST-50040,Commercial,East,Agent,2022-08-09,2023-03-29,0.284,484.27,0,0.0,40.0,13
POL-101476,CUST-52031,Commercial,South,Online,2022-12-25,2023-08-07,0.843,1596.78,0,0.0,19.0,5
POL-101477,CUST-52807,Home,West,Agent,2022-10-15,2023-06-18,0.568,252.37,0,0.0,59.0,4
POL-101478,CUST-51173,Commercial,East,Agent,2022-06-18,2023-04-27,0.435,585.61,0,0.0,55.0,7
POL-101479,CUST-52589,Motor,South,Online,2022-11-01,2023-06-28,0.511,375.06,0,0.0,39.0,2
POL-101480,CUST-51029,Commercial,South,Agent,2022-04-21,2023-02-17,0.818,1180.69,0,0.0,53.0,12
POL-101481,CUST-51381,Commercial,East,Direct,2022-01-02,2022-12-15,0.599,1075.21,0,0.0,71.0,2
POL-101482,CUST-50641,Home,West,Broker,2022-07-31,2023-07-21,0.901,587.65,0,0.0,70.0,6
POL-101483,CUST-50016,Motor,Central,Online,2022-03-23,2023-01-01,0.801,723.61,0,0.0,63.0,6
POL-101484,CUST-50489,Liability,South,Direct,2022-10-30,2023-09-07,0.981,1082.82,0,0.0,51.0,19
POL-101485,CUST-51751,Liability,North,Agent,2023-09-22,2024-09-06,0.916,952.41,0,0.0,19.0,19
POL-101486,CUST-50297,Home,Central,Online,2022-04-29,2023-03-21,0.441,-323.12,0,0.0,47.0,1
POL-101487,CUST-52450,Liability,North,Agent,2022-01-01,2022-08-24,0.744,565.01,0,0.0,64.0,3
POL-101488,CUST-52751,Home,Central,Direct,2022-03-23,2022-10-13,0.265,117.63,0,0.0,66.0,14
POL-101489,CUST-50858,Motor,North,Direct,2023-01-06,2023-07-26,0.993,1079.33,0,0.0,62.0,5
POL-101490,CUST-50811,Home,South,Direct,2022-07-20,2023-06-29,0.446,286.26,0,0.0,74.0,12
POL-101491,CUST-50518,Motor,Central,Direct,2022-12-24,2023-10-03,0.749,578.67,0,0.0,47.0,18
POL-101492,CUST-51229,Home,North,Online,2022-01-22,2022-09-14,0.887,559.85,0,0.0,24.0,3
POL-101493,CUST-52713,Home,North,Broker,2022-09-01,2023-05-03,0.37,264.97,0,0.0,46.0,19
POL-101494,CUST-51170,Motor,West,Online,2022-10-27,2023-06-16,0.886,591.33,0,0.0,36.0,1
POL-101495,CUST-52303,Motor,North,Agent,2022-11-11,2023-10-06,0.259,234.8,0,0.0,65.0,4
POL-101496,CUST-50965,Commercial,North,Broker,2023-02-07,2023-11-27,0.581,655.0,0,0.0,62.0,10
POL-101497,CUST-51344,Commercial,West,Direct,2023-07-24,2024-07-01,0.604,1140.03,0,0.0,42.0,17
POL-101498,CUST-51480,Liability,Central,Agent,2022-12-08,2023-08-01,0.531,569.12,0,0.0,40.0,11
POL-101499,CUST-52715,Motor,West,Broker,2023-09-07,2024-05-31,0.69,743.45,0,0.0,27.0,2
POL-101500,CUST-51496,Commercial,Central,Direct,2023-01-22,2023-08-12,0.936,1635.02,0,0.0,20.0,4
POL-101501,CUST-51824,Motor,East,Broker,2022-07-10,2023-07-05,0.495,534.64,0,0.0,35.0,15
POL-101502,CUST-52562,Motor,West,Agent,2022-06-17,2023-03-19,0.684,546.09,0,0.0,31.0,11
POL-101503,CUST-52832,Commercial,Central,Agent,2022-08-24,2023-06-02,0.908,1050.15,0,0.0,33.0,0
POL-101504,CUST-52684,Motor,East,Agent,2023-03-13,2023-11-24,0.83,934.17,0,0.0,74.0,10
POL-101505,CUST-50309,Commercial,North,Agent,2022-06-27,2023-02-12,0.281,537.53,0,0.0,56.0,8
POL-101506,CUST-50336,Motor,South,Agent,2023-10-30,2024-10-20,0.957,1072.36,0,0.0,49.0,0
POL-101507,CUST-51309,Motor,West,Online,2022-12-17,2023-09-13,0.285,337.33,0,0.0,28.0,4
POL-101508,CUST-51053,Home,Central,Agent,2023-09-23,2024-07-24,0.692,479.37,0,0.0,65.0,18
POL-101509,CUST-52037,Motor,West,Online,2023-05-14,2023-11-16,0.682,613.76,0,0.0,54.0,14
POL-101510,CUST-51296,Motor,East,Online,2022-09-01,2023-04-20,0.84,898.31,0,0.0,47.0,1
POL-101511,CUST-51223,Motor,South,Agent,2022-06-16,2023-05-11,0.361,238.45,0,0.0,44.0,0
POL-101512,CUST-50271,Motor,West,Online,2023-06-28,2024-01-10,0.385,408.45,0,0.0,49.0,6
POL-101513,CUST-51049,Commercial,Central,Agent,2022-08-30,2023-03-16,0.814,,0,0.0,65.0,9
POL-101514,CUST-51714,Motor,South,Direct,2022-06-30,2023-05-26,0.362,339.71,0,0.0,59.0,9
POL-101515,CUST-52086,Home,East,Online,2023-11-11,2024-07-05,0.602,362.62,0,0.0,45.0,13
POL-101516,CUST-50506,Home,East,Online,2022-12-19,2023-08-06,0.0,574.32,0,0.0,56.0,3
POL-101517,CUST-51817,Home,South,Agent,2022-02-05,2022-11-17,0.738,613.36,0,0.0,70.0,0
POL-101518,CUST-51718,Home,East,Agent,2022-12-28,2023-08-01,0.408,205.04,0,0.0,36.0,13
POL-101519,CUST-50847,Home,North,Agent,2022-12-03,2023-06-08,0.478,271.99,0,0.0,69.0,17
POL-101520,CUST-52669,Commercial,East,Online,2023-09-23,2024-03-21,0.977,1657.47,0,0.0,52.0,3
POL-101521,CUST-51332,Motor,North,Agent,2023-06-04,2023-12-15,0.587,640.28,0,0.0,28.0,7
POL-101522,CUST-50791,Commercial,East,Broker,2022-05-20,2022-12-15,0.283,474.55,0,0.0,73.0,12
POL-101523,CUST-52120,Motor,Central,Agent,2022-04-20,2023-02-23,0.415,392.82,0,0.0,57.0,3
POL-101524,CUST-50565,Home,North,Broker,2023-03-17,2023-11-07,0.507,238.9,0,0.0,39.0,17
POL-101525,CUST-51880,Home,South,Broker,2022-02-04,2022-08-16,1.0,622.23,0,0.0,30.0,4
POL-101526,CUST-52046,Motor,West,Agent,2022-08-21,2023-02-19,0.477,536.46,0,0.0,70.0,10
POL-101527,CUST-51359,Motor,Central,Broker,2022-04-11,2023-01-04,0.27,218.75,0,0.0,64.0,6
POL-101528,CUST-50611,Motor,Central,Broker,2022-01-16,2022-12-18,0.635,521.78,0,0.0,20.0,13
POL-101529,CUST-50780,Motor,North,Broker,2023-11-02,2024-07-01,0.313,252.82,0,0.0,54.0,3
POL-101530,CUST-50665,Home,South,Broker,2022-03-07,2022-09-14,0.456,269.69,0,0.0,24.0,1
POL-101531,CUST-50343,Motor,Central,Broker,2022-01-07,2022-08-17,0.994,830.82,0,0.0,34.0,10
POL-101532,CUST-52993,Commercial,East,Direct,2023-11-13,2024-08-11,0.778,1400.37,0,0.0,50.0,17
POL-101533,CUST-52520,Commercial,Central,Broker,2022-05-18,2022-12-19,0.288,425.34,0,0.0,32.0,12
POL-101534,CUST-51565,Motor,North,Broker,2023-08-20,2024-08-15,0.587,561.3,0,0.0,47.0,15
POL-101535,CUST-52460,Motor,North,Agent,2022-01-23,2022-12-10,0.379,325.27,0,0.0,42.0,8
POL-101536,CUST-51972,Motor,South,Agent,2022-04-23,2022-12-23,0.342,381.31,0,0.0,51.0,2
POL-101537,CUST-51839,Commercial,North,Online,2022-03-22,2023-03-13,0.69,825.54,0,0.0,63.0,8
POL-101538,CUST-52151,Motor,Central,Online,2023-05-31,2024-01-26,0.629,420.25,0,0.0,26.0,19
POL-101539,CUST-51714,Motor,Central,Agent,2023-03-29,2023-10-21,0.807,675.94,0,0.0,63.0,15
POL-101540,CUST-51680,Liability,South,Broker,2022-12-14,2023-12-03,0.919,1244.66,0,0.0,30.0,14
POL-101541,CUST-50408,Home,North,Broker,2022-06-26,2023-06-19,0.435,320.9,0,0.0,19.0,6
POL-101542,CUST-51831,Motor,North,Direct,2022-03-06,2022-10-30,0.942,905.9,0,0.0,43.0,11
POL-101543,CUST-51340,Commercial,South,Agent,2023-02-20,2023-12-07,0.638,900.34,0,0.0,35.0,12
POL-101544,CUST-50738,Liability,West,Online,2022-06-18,2023-01-16,0.0,394.48,0,0.0,28.0,13
POL-101545,CUST-51451,Home,Central,Agent,2023-03-07,2023-12-31,0.884,750.65,0,0.0,42.0,17
POL-101546,CUST-52500,Motor,East,Online,2023-05-17,2024-03-20,0.277,235.18,0,0.0,67.0,13
POL-101547,CUST-51384,Home,Central,Agent,2023-09-13,2024-07-21,0.67,497.55,0,0.0,51.0,4
POL-101548,CUST-51429,Motor,Central,Agent,2022-12-27,2023-10-08,0.791,852.07,0,0.0,59.0,4
POL-101549,CUST-50726,Home,West,Agent,2022-01-04,2022-11-10,0.46,330.91,0,0.0,26.0,12
POL-101550,CUST-52417,Motor,North,Agent,2022-07-24,2023-05-03,0.898,658.59,0,0.0,22.0,17
POL-101551,CUST-50371,Home,Central,Online,2023-09-15,2024-08-12,0.43,240.36,0,0.0,37.0,18
POL-101552,CUST-52512,Commercial,Central,Broker,2023-01-25,2023-08-26,0.88,913.73,0,0.0,62.0,12
POL-101553,CUST-52794,Liability,East,Agent,2023-03-28,2023-12-22,0.309,417.46,0,0.0,68.0,10
POL-101554,CUST-50532,Commercial,East,Online,2022-12-01,2023-08-15,0.37,689.0,0,0.0,23.0,16
POL-101555,CUST-51669,Motor,West,Agent,2022-04-29,2023-02-02,0.536,447.77,0,0.0,45.0,19
POL-101556,CUST-51757,Motor,East,Agent,2023-10-17,2024-05-10,0.891,1003.26,0,0.0,40.0,0
POL-101557,CUST-52587,Home,South,Agent,2023-07-19,2024-03-15,0.358,179.25,0,0.0,60.0,6
POL-101558,CUST-50978,Motor,West,Broker,2023-12-28,2024-12-19,0.907,562.35,1,2475.15,29.0,6
POL-101559,CUST-52015,Motor,West,Online,2023-09-17,2024-04-03,0.422,285.06,0,0.0,45.0,11
POL-101560,CUST-50298,Commercial,North,Agent,2022-08-01,2022-07-02,0.589,1125.97,0,0.0,66.0,5
POL-101561,CUST-52460,Motor,West,Direct,2022-07-05,2023-05-04,0.515,355.6,0,0.0,44.0,6
POL-101562,CUST-52273,Motor,North,Agent,2022-07-01,2023-03-26,0.339,215.45,0,0.0,62.0,0
POL-101563,CUST-50647,Home,East,Agent,2023-11-02,2024-05-06,0.958,492.92,0,0.0,53.0,0
POL-101564,CUST-50375,Liability,North,Direct,2023-02-11,2023-08-16,0.579,562.05,0,0.0,52.0,8
POL-101565,CUST-50318,Home,Central,Direct,2022-11-28,2023-07-17,0.768,498.78,0,0.0,32.0,19
POL-101566,CUST-52487,Motor,West,Broker,2023-12-08,2024-06-24,0.681,500.79,0,0.0,74.0,5
POL-101567,CUST-51841,Home,East,Agent,2023-03-17,2023-09-30,0.626,490.58,0,0.0,32.0,4
POL-101568,CUST-51113,Liability,East,Agent,2023-10-26,2024-05-22,0.712,957.25,0,0.0,71.0,5
POL-101569,CUST-51648,Motor,West,Direct,2023-12-20,2024-07-22,0.924,709.68,1,3156.83,74.0,19
POL-101570,CUST-51675,Home,North,Broker,2022-02-27,2023-01-28,0.0,648.68,0,0.0,47.0,13
POL-101571,CUST-50289,Commercial,East,Broker,2022-09-21,2023-07-16,0.649,1197.53,0,0.0,67.0,13
POL-101572,CUST-51318,Commercial,West,Agent,2023-06-20,2023-12-22,0.734,1405.1,0,0.0,58.0,3
POL-101573,CUST-51833,Motor,South,Direct,2023-08-17,2024-06-08,0.705,444.52,0,0.0,60.0,18
POL-101574,CUST-51822,Liability,East,Agent,2022-04-19,2022-11-10,0.575,,0,0.0,21.0,3
POL-101575,CUST-50545,Motor,South,Direct,2022-08-21,2023-05-06,0.719,678.47,0,0.0,25.0,19
POL-101576,CUST-52784,Motor,North,Direct,2023-02-05,2023-08-11,0.583,360.16,0,0.0,21.0,19
POL-101577,CUST-50324,Motor,Central,Agent,2023-08-07,2024-02-19,0.818,853.52,0,0.0,19.0,11
POL-101578,CUST-52586,Home,East,Broker,2022-03-24,2022-10-14,0.977,526.51,0,0.0,65.0,17
POL-101579,CUST-52955,Motor,South,Broker,2023-03-15,2023-11-30,0.97,1037.18,0,0.0,27.0,19
POL-101580,CUST-52252,Commercial,South,Broker,2022-08-05,2023-04-28,0.866,1429.23,0,0.0,18.0,11
POL-101581,CUST-51667,Commercial,West,Online,2022-06-07,2023-02-07,0.701,1061.82,0,0.0,71.0,15
POL-101582,CUST-50578,Motor,North,Broker,2023-01-12,2023-11-03,0.812,494.44,1,6948.33,33.0,11
POL-101583,CUST-50989,Commercial,East,Agent,2022-10-30,2023-09-09,0.384,-736.52,0,0.0,64.0,10
POL-101584,CUST-51646,Liability,South,Agent,2023-04-10,2024-02-19,0.609,479.42,0,0.0,72.0,6
POL-101585,CUST-50294,Motor,Central,Direct,2022-08-20,2023-06-03,0.443,,1,3518.87,47.0,13
POL-101586,CUST-52123,Commercial,West,Agent,2023-08-24,2024-05-31,0.253,433.51,0,0.0,70.0,5
POL-101587,CUST-52750,Liability,West,Direct,2022-02-27,2022-11-25,0.975,715.38,0,0.0,73.0,3
POL-101588,CUST-52227,Commercial,North,Agent,2023-09-22,2024-05-03,0.898,1405.68,0,0.0,26.0,5
POL-101589,CUST-52827,Home,North,Agent,2022-01-22,2022-10-19,0.635,540.64,0,0.0,26.0,0
POL-101590,CUST-51422,Commercial,East,Agent,2023-06-22,2023-12-20,0.441,860.68,0,0.0,39.0,18
POL-101591,CUST-50770,Commercial,South,Online,2022-09-10,2023-09-04,0.77,895.89,0,0.0,49.0,5
POL-101592,CUST-50050,Motor,West,Direct,2022-10-07,2023-06-12,0.576,402.07,0,0.0,62.0,15
POL-101593,CUST-51305,Motor,West,Broker,2022-01-14,2022-11-30,0.853,585.51,0,0.0,28.0,8
POL-101594,CUST-50345,Home,South,Agent,2023-05-28,2024-05-19,1.0,762.18,0,0.0,29.0,6
POL-101595,CUST-51936,Motor,North,Online,2022-05-01,2023-01-28,0.512,353.61,0,0.0,35.0,4
POL-101596,CUST-52406,Motor,South,Online,2023-04-27,2024-04-01,0.433,274.27,0,0.0,33.0,16
POL-101597,CUST-50333,Motor,East,Broker,2023-06-14,2024-03-09,0.451,373.09,1,3628.08,71.0,10
POL-101598,CUST-51549,Commercial,South,Direct,2023-09-10,2024-04-01,0.32,638.85,0,0.0,40.0,8
POL-101599,CUST-51610,Commercial,South,Online,2023-06-01,2023-12-02,0.546,725.02,0,0.0,67.0,13
POL-101600,CUST-50933,Motor,South,Agent,2022-08-09,2023-03-02,0.263,269.82,0,0.0,21.0,16
POL-101601,CUST-50655,Motor,North,Agent,2023-06-24,2024-06-13,0.336,228.7,0,0.0,23.0,13
POL-101602,CUST-52140,Motor,West,Broker,2023-08-26,2024-05-20,0.454,437.92,0,0.0,63.0,9
POL-101603,CUST-50675,Motor,Central,Broker,2022-08-20,2023-04-16,0.37,348.09,0,0.0,32.0,17
POL-101604,CUST-50095,Home,Central,Direct,2022-04-01,2022-12-19,0.799,660.3,0,0.0,22.0,17
POL-101605,CUST-51809,Motor,Central,Broker,2023-10-12,2024-05-26,0.329,336.02,0,0.0,51.0,19
POL-101606,CUST-50202,Liability,West,Agent,2022-04-18,2023-03-25,0.899,691.2,0,0.0,26.0,1
POL-101607,CUST-50930,Motor,West,Broker,2023-03-10,2024-03-09,0.416,347.72,0,0.0,21.0,17
POL-101608,CUST-50262,Motor,North,Direct,2022-06-22,2023-01-03,0.331,197.05,0,0.0,41.0,3
POL-101609,CUST-51651,Commercial,South,Agent,2022-04-02,2023-02-09,0.258,324.98,0,0.0,49.0,12
POL-101610,CUST-50652,Motor,West,Agent,2023-07-21,2024-03-19,0.786,921.93,0,0.0,48.0,13
POL-101611,CUST-50786,Motor,Central,Agent,2022-04-15,2022-10-20,0.442,382.85,0,0.0,51.0,4
POL-101612,CUST-51198,Motor,Central,Online,2023-05-05,2024-04-20,0.632,702.28,0,0.0,19.0,0
POL-101613,CUST-51463,Home,West,Agent,2023-05-21,2023-11-28,0.334,148.4,0,0.0,34.0,18
POL-101614,CUST-52157,Motor,North,Agent,2022-02-13,2022-09-19,0.989,1106.33,0,0.0,37.0,17
POL-101615,CUST-52796,Commercial,Central,Direct,2022-05-07,2022-11-07,0.344,659.7,0,0.0,34.0,3
POL-101616,CUST-51809,Home,South,Agent,2023-08-03,2024-04-26,0.559,401.13,0,0.0,49.0,12
POL-101617,CUST-51454,Commercial,North,Direct,2023-01-06,2023-10-24,0.889,1007.23,0,0.0,31.0,3
POL-101618,CUST-51751,Home,West,Broker,2022-03-30,2022-11-24,0.434,353.36,0,0.0,54.0,11
POL-101619,CUST-51504,Commercial,North,Online,2023-12-25,2024-07-05,0.45,867.76,0,0.0,71.0,6
POL-101620,CUST-50016,Home,South,Agent,2022-07-13,2023-01-30,0.856,446.19,0,0.0,55.0,15
POL-101621,CUST-51478,Home,West,Agent,2022-01-03,2022-12-22,0.455,383.12,1,7033.15,40.0,11
POL-101622,CUST-52231,Home,Central,Agent,2023-11-06,2024-09-30,0.252,205.73,0,0.0,42.0,9
POL-101623,CUST-52569,Home,Central,Online,2022-01-13,2023-01-02,0.571,298.59,0,0.0,51.0,13
POL-101624,CUST-50275,Motor,North,Online,2023-02-08,2023-11-13,0.259,214.79,0,0.0,59.0,9
POL-101625,CUST-52045,Home,North,Agent,2023-12-26,2024-10-02,0.932,540.67,0,0.0,35.0,0
POL-101626,CUST-50330,Motor,Central,Agent,2023-02-26,2024-01-18,0.731,651.65,0,0.0,20.0,11
POL-101627,CUST-50091,Home,South,Agent,2023-03-03,2023-12-22,0.687,563.22,0,0.0,58.0,15
POL-101628,CUST-50137,Motor,North,Agent,2022-10-11,2023-06-29,0.401,447.21,0,0.0,55.0,9
POL-101629,CUST-50353,Motor,East,Agent,2022-04-03,2022-11-23,0.775,542.13,0,0.0,23.0,3
POL-101630,CUST-50252,Motor,West,Online,2023-02-23,2023-11-20,0.758,699.58,0,0.0,53.0,0
POL-101631,CUST-51733,Motor,Central,Agent,2023-10-18,2024-04-26,0.295,269.26,0,0.0,22.0,5
POL-101632,CUST-52761,Motor,East,Online,2022-03-08,2022-10-09,0.911,786.18,0,0.0,54.0,15
POL-101633,CUST-52280,Motor,West,Agent,2023-10-05,2024-08-17,0.685,698.87,0,0.0,60.0,6
POL-101634,CUST-52193,Home,East,Online,2022-10-30,2023-10-06,0.844,602.91,0,0.0,18.0,19
POL-101635,CUST-50351,Motor,Central,Broker,2023-01-27,2023-08-13,0.447,339.13,0,0.0,59.0,6
POL-101636,CUST-52814,Liability,East,Agent,2022-05-01,2022-11-15,0.342,316.3,0,0.0,24.0,8
POL-101637,CUST-51508,Commercial,West,Direct,2023-03-30,2023-10-11,0.777,1489.27,0,0.0,33.0,15
POL-101638,CUST-50093,Motor,Central,Agent,2022-05-14,2023-04-06,0.845,666.56,0,0.0,58.0,12
POL-101639,CUST-51927,Motor,Central,Online,2022-07-19,2023-03-13,0.54,463.98,0,0.0,38.0,0
POL-101640,CUST-52113,Motor,East,Direct,2023-06-11,2024-02-06,0.268,314.6,0,0.0,73.0,1
POL-101641,CUST-51202,Motor,East,Online,2022-02-06,2022-08-07,0.864,954.79,0,0.0,72.0,3
POL-101642,CUST-52146,Home,East,Online,2022-11-23,2023-11-18,0.405,298.63,0,0.0,74.0,17
POL-101643,CUST-52080,Home,North,Agent,2023-03-11,2023-11-26,0.504,285.24,0,0.0,23.0,0
POL-101644,CUST-51742,Home,South,Broker,2022-04-07,2023-03-01,0.721,509.66,0,0.0,28.0,1
POL-101645,CUST-51027,Motor,West,Direct,2022-08-04,2023-06-11,0.325,317.53,0,0.0,28.0,15
POL-101646,CUST-52995,Commercial,North,Agent,2022-09-08,2023-04-02,0.304,435.55,0,0.0,51.0,12
POL-101647,CUST-51869,Motor,West,Broker,2023-04-30,2024-03-24,0.269,165.84,0,0.0,42.0,19
POL-101648,CUST-51386,Commercial,East,Agent,2023-12-14,2024-09-21,0.937,1299.64,0,0.0,60.0,4
POL-101649,CUST-52297,Liability,East,Direct,2023-09-03,2024-06-21,0.484,500.74,0,0.0,34.0,13
POL-101650,CUST-50728,Motor,Central,Agent,2022-05-19,2022-12-22,-0.1,864.45,0,0.0,29.0,2
POL-101651,CUST-52867,Commercial,South,Agent,2022-01-14,2022-12-17,0.992,1739.38,0,0.0,54.0,11
POL-101652,CUST-52207,Commercial,West,Online,2022-02-07,2023-01-26,0.752,845.66,0,0.0,53.0,2
POL-101653,CUST-51916,Home,West,Online,2023-03-11,2023-11-21,0.644,363.74,0,0.0,57.0,18
POL-101654,CUST-50799,Motor,Central,Agent,2022-04-25,2022-11-08,0.641,580.36,0,0.0,35.0,8
POL-101655,CUST-51054,Commercial,Central,Agent,2022-06-18,2023-05-21,0.533,785.05,0,0.0,48.0,5
POL-101656,CUST-52848,Motor,East,Direct,2023-09-11,2024-08-21,0.7,418.63,0,0.0,70.0,19
POL-101657,CUST-52163,Motor,South,Agent,2023-09-30,2024-06-30,0.969,1115.69,0,0.0,52.0,1
POL-101658,CUST-50333,Home,West,Direct,2023-09-05,2024-06-18,0.841,694.96,0,0.0,71.0,15
POL-101659,CUST-52413,Motor,Central,Direct,2022-07-05,2023-02-11,0.568,650.15,0,0.0,42.0,10
POL-101660,CUST-50356,Motor,South,Agent,2023-03-29,2023-10-07,0.499,424.15,0,0.0,20.0,13
POL-101661,CUST-51243,Liability,South,Agent,2023-03-22,2024-03-11,0.913,1148.28,1,4483.1,61.0,5
POL-101662,CUST-51251,Motor,East,Agent,2022-05-16,2023-02-09,0.352,357.84,0,0.0,44.0,17
POL-101663,CUST-51087,Home,North,Agent,2023-02-09,2023-09-28,0.887,581.96,0,0.0,20.0,9
POL-101664,CUST-51486,Home,South,Broker,2023-01-19,2023-11-23,0.441,206.16,0,0.0,25.0,8
POL-101665,CUST-50457,Motor,North,Agent,2022-10-17,2023-04-19,0.787,546.86,0,0.0,35.0,9
POL-101666,CUST-51983,Commercial,West,Online,2023-07-03,2024-01-13,0.855,1074.57,0,0.0,28.0,5
POL-101667,CUST-52030,Home,East,Direct,2023-05-10,2023-12-21,0.608,500.28,0,0.0,57.0,6
POL-101668,CUST-52555,Home,West,Agent,2023-01-24,2023-10-14,0.394,284.77,0,0.0,52.0,2
POL-101669,CUST-51334,Home,North,Broker,2023-06-14,2024-02-17,0.884,760.8,0,0.0,36.0,9
POL-101670,CUST-51591,Liability,East,Broker,2023-07-12,2024-02-11,0.526,565.23,0,0.0,22.0,9
POL-101671,CUST-50398,Liability,West,Broker,2023-02-18,2023-10-21,0.491,365.36,1,9301.36,22.0,7
POL-101672,CUST-51042,Motor,West,Broker,2022-07-15,2023-03-14,0.633,556.58,0,0.0,71.0,19
POL-101673,CUST-51684,Motor,West,Agent,2023-07-08,2024-04-10,0.576,381.03,0,0.0,37.0,2
POL-101674,CUST-51249,Home,North,Agent,2023-06-08,2024-03-18,0.762,628.8,0,0.0,24.0,18
POL-101675,CUST-52969,Liability,East,Agent,2023-12-19,2024-11-27,0.353,309.58,0,0.0,58.0,17
POL-101676,CUST-50831,Commercial,East,Agent,2022-04-20,2023-03-16,0.577,701.19,0,0.0,67.0,0
POL-101677,CUST-50153,Motor,Central,Direct,2022-11-03,2023-06-25,0.919,826.57,0,0.0,24.0,14
POL-101678,CUST-52602,Commercial,West,Online,2023-11-06,2024-10-18,0.277,508.07,0,0.0,71.0,4
POL-101679,CUST-51546,Motor,Central,Direct,2023-01-11,2023-10-14,0.593,532.9,0,0.0,59.0,0
POL-101680,CUST-50213,Motor,,Online,2023-11-20,2024-06-21,0.745,460.22,0,0.0,32.0,17
POL-101681,CUST-52807,Home,East,Broker,2022-01-10,2022-09-10,0.916,692.9,0,0.0,62.0,2
POL-101682,CUST-50622,Motor,West,Agent,2022-01-26,2022-12-09,0.695,427.61,0,0.0,41.0,5
POL-101683,CUST-52877,Home,North,Online,2023-08-05,2024-07-02,0.868,604.39,0,0.0,54.0,1
POL-101684,CUST-51032,Motor,West,Agent,2022-09-19,2023-05-26,0.417,401.19,0,0.0,25.0,2
POL-101685,CUST-51025,Commercial,South,Agent,2023-01-15,2023-08-12,0.515,631.72,0,0.0,31.0,1
POL-101686,CUST-50635,Liability,North,Online,2022-11-09,2023-06-12,0.957,949.68,0,0.0,62.0,16
POL-101687,CUST-50514,Motor,West,Direct,2022-10-25,2023-05-12,0.914,547.2,0,0.0,63.0,1
POL-101688,CUST-52401,Home,East,Online,2023-11-17,2024-09-21,0.668,372.15,0,0.0,18.0,15
POL-101689,CUST-51262,Commercial,East,Agent,2022-03-10,2022-12-08,0.607,997.69,0,0.0,30.0,3
POL-101690,CUST-51669,Motor,South,Direct,2023-07-18,2024-04-06,0.588,449.28,0,0.0,52.0,18
POL-101691,CUST-50955,Commercial,West,Agent,2023-10-12,2024-08-11,0.294,312.62,0,0.0,69.0,16
POL-101692,CUST-51270,Home,West,Agent,2023-04-25,2024-03-24,0.919,667.77,1,3292.76,56.0,12
POL-101693,CUST-51447,Motor,West,Online,2022-10-16,2023-09-08,0.864,895.73,0,0.0,58.0,16
POL-101694,CUST-50931,Commercial,West,Broker,2022-04-27,2022-11-18,0.592,1119.43,0,0.0,40.0,5
POL-101695,CUST-51787,Motor,West,Direct,2023-05-14,2024-02-27,0.46,513.34,0,0.0,21.0,15
POL-101696,CUST-51396,Motor,North,Online,2022-12-09,2023-11-18,0.507,451.39,0,0.0,61.0,4
POL-101697,CUST-52304,Motor,North,Online,2022-04-20,2023-03-09,0.342,286.38,0,0.0,63.0,12
POL-101698,CUST-52332,Commercial,Central,Agent,2022-09-20,2023-05-19,0.791,1273.24,2,60439.03,43.0,18
POL-101699,CUST-51902,Liability,South,Agent,2023-12-03,2024-08-12,0.668,821.49,0,0.0,46.0,14
POL-101700,CUST-50310,Motor,East,Online,2022-07-13,2023-06-23,0.426,373.95,0,0.0,31.0,5
POL-101701,CUST-52676,Motor,South,Broker,2022-05-11,2022-11-13,0.717,851.17,0,0.0,43.0,14
POL-101702,CUST-52086,Motor,Central,Broker,2023-05-13,2024-02-14,0.984,958.73,0,0.0,31.0,17
POL-101703,CUST-52207,Home,Central,Agent,2022-05-26,2022-12-13,0.342,194.16,0,0.0,41.0,17
POL-101704,CUST-51948,Motor,East,Agent,2023-11-03,2024-10-14,0.594,633.95,0,0.0,25.0,14
POL-101705,CUST-51555,Motor,West,Online,2023-09-20,2024-03-25,0.621,425.2,0,0.0,52.0,14
POL-101706,CUST-51691,Motor,East,Broker,2023-12-19,2024-06-20,0.375,431.92,0,0.0,32.0,15
POL-101707,CUST-50357,Home,West,Direct,2023-10-29,2024-06-26,0.649,377.53,0,0.0,59.0,14
POL-101708,CUST-52756,Home,Central,Agent,2022-06-27,2023-01-30,0.704,514.84,0,0.0,47.0,2
POL-101709,CUST-52411,Home,West,Agent,2022-06-04,2023-03-03,0.368,259.58,0,0.0,69.0,16
POL-101710,CUST-52728,Motor,North,Broker,2022-09-08,2023-05-01,0.366,238.65,0,0.0,30.0,3
POL-101711,CUST-52142,Home,East,Online,2022-12-09,2023-08-12,0.892,666.49,1,6170.71,33.0,11
POL-101712,CUST-50794,Home,Central,Agent,2023-10-05,2024-07-16,0.484,275.56,0,0.0,31.0,6
POL-101713,CUST-51008,Home,North,Agent,2023-06-20,2024-03-30,0.723,433.39,0,0.0,53.0,4
POL-101714,CUST-52600,Motor,South,Broker,2023-04-16,2024-04-03,0.72,469.75,0,0.0,24.0,5
POL-101715,CUST-50695,Motor,South,Agent,2023-10-04,2024-06-29,0.879,946.68,0,0.0,57.0,1
POL-101716,CUST-51844,Home,West,Broker,2023-04-17,2024-01-26,0.805,649.92,0,0.0,64.0,8
POL-101717,CUST-51974,Motor,North,Broker,2022-10-04,2023-08-06,0.88,593.9,0,0.0,56.0,8
POL-101718,CUST-50549,Home,West,Agent,2022-10-29,2023-05-29,0.719,,0,0.0,25.0,8
POL-101719,CUST-50252,Motor,North,Direct,2023-01-13,2023-11-13,0.587,662.9,0,0.0,46.0,1
POL-101720,CUST-50100,Motor,Central,Agent,2022-03-06,2023-02-09,0.545,355.83,0,0.0,48.0,12
POL-101721,CUST-52361,Home,South,Direct,2023-06-26,2024-02-20,0.534,462.92,0,0.0,40.0,3
POL-101722,CUST-50872,Motor,East,Online,2023-04-22,2023-11-21,0.0,337.11,0,0.0,44.0,17
POL-101723,CUST-50680,Motor,West,Online,2023-06-18,2024-02-17,0.347,380.39,0,0.0,61.0,0
POL-101724,CUST-52727,Commercial,South,Direct,2023-01-25,2023-09-13,0.568,898.39,0,0.0,65.0,1
POL-101725,CUST-51780,Motor,North,Broker,2023-07-26,2024-05-09,0.542,631.2,1,4849.07,35.0,6
POL-101726,CUST-50073,Liability,Central,Agent,2023-11-25,2024-10-30,0.276,253.35,0,0.0,36.0,8
POL-101727,CUST-50910,Motor,North,Broker,2023-02-21,2023-12-08,0.456,369.23,0,0.0,29.0,19
POL-101728,CUST-51425,Commercial,East,Agent,2022-11-21,2023-06-12,0.814,1520.54,0,0.0,40.0,10
POL-101729,CUST-51431,Commercial,North,Direct,2022-03-18,2022-11-11,0.683,1185.92,0,0.0,49.0,7
POL-101730,CUST-52351,Motor,West,Agent,2023-07-23,2024-05-26,0.855,814.22,0,0.0,58.0,16
POL-101731,CUST-52401,Home,South,Broker,2023-10-22,2024-06-19,0.657,468.88,0,0.0,33.0,4
POL-101732,CUST-50095,Home,Central,Broker,2023-05-26,2024-03-10,0.891,650.67,0,0.0,30.0,17
POL-101733,CUST-50861,Home,South,Direct,2023-09-24,2024-07-29,0.847,385.18,0,0.0,19.0,8
POL-101734,CUST-51801,Motor,West,Agent,2023-09-21,2024-05-19,0.324,215.49,0,0.0,23.0,6
POL-101735,CUST-50099,Liability,North,Broker,2023-08-06,2024-06-01,0.983,796.57,0,0.0,20.0,6
POL-101736,CUST-51712,Commercial,North,Broker,2023-01-03,2023-09-14,0.261,311.75,0,-500.0,29.0,0
POL-101737,CUST-50232,Liability,South,Online,2022-03-14,2022-10-05,0.698,882.44,0,0.0,57.0,13
POL-101738,CUST-51719,Commercial,Central,Direct,2022-01-03,2022-09-09,0.844,1194.62,0,0.0,62.0,11
POL-101739,CUST-50223,Commercial,Central,Agent,2022-05-30,2023-02-16,0.499,754.37,0,0.0,73.0,12
POL-101740,CUST-52216,Commercial,West,Online,2022-11-11,2023-05-10,0.699,772.91,0,0.0,49.0,13
POL-101741,CUST-51377,Home,South,Agent,2023-06-27,2024-06-07,0.522,423.78,0,0.0,43.0,0
POL-101742,CUST-52853,Commercial,South,Agent,2022-11-29,2023-09-03,0.295,302.5,0,0.0,69.0,17
POL-101743,CUST-50249,Home,South,Agent,2022-01-17,2022-07-22,0.256,120.36,0,0.0,26.0,10
POL-101744,CUST-52609,Motor,South,Broker,2022-06-03,2023-05-10,0.321,346.1,0,0.0,53.0,13
POL-101745,CUST-51238,Home,East,Direct,2023-12-16,2024-11-19,0.324,158.98,0,0.0,64.0,0
POL-101746,CUST-51462,Motor,West,Broker,2023-12-23,2024-06-22,0.708,755.47,0,0.0,46.0,15
POL-101747,CUST-52093,Liability,South,Online,2022-10-03,2023-05-01,0.644,596.59,1,2235.69,32.0,13
POL-101748,CUST-51866,Home,North,Broker,2023-08-11,2024-04-14,0.592,456.33,0,0.0,53.0,7
POL-101749,CUST-52639,Home,East,Agent,2023-06-10,2024-03-10,0.769,350.55,1,7334.98,74.0,18
POL-101750,CUST-52494,Motor,South,Broker,2023-11-11,2024-09-20,0.263,209.89,0,0.0,31.0,13
POL-101751,CUST-50664,Home,East,Direct,2023-10-10,2024-06-24,0.453,291.22,0,0.0,50.0,18
POL-101752,CUST-50824,Motor,West,Broker,2023-04-04,2024-01-22,0.833,805.76,0,0.0,20.0,16
POL-101753,CUST-52630,Home,Central,Broker,2022-10-16,2023-04-15,0.932,742.73,0,0.0,31.0,4
POL-101754,CUST-52430,Home,East,Broker,2023-04-03,2024-01-30,0.579,312.72,0,0.0,61.0,19
POL-101755,CUST-52934,Home,Central,Broker,2022-08-21,2023-08-06,0.311,223.91,0,0.0,46.0,14
POL-101756,CUST-52747,Motor,South,Agent,2022-09-12,2023-06-16,0.849,581.82,1,2876.65,29.0,3
POL-101757,CUST-51877,Home,West,Online,2023-03-21,2023-12-10,0.914,712.1,0,0.0,37.0,15
POL-101758,CUST-52887,Home,Central,Agent,2023-02-22,2023-10-15,0.56,469.85,0,0.0,24.0,8
POL-101759,CUST-52211,Commercial,South,Agent,2023-03-01,2024-02-21,0.433,460.27,0,0.0,62.0,17
POL-101760,CUST-52662,Commercial,West,Direct,2022-10-08,2023-04-12,0.283,310.18,0,0.0,71.0,3
POL-101761,CUST-51449,Commercial,East,Online,2022-10-26,2023-06-16,0.693,1257.35,0,0.0,24.0,5
POL-101762,CUST-52896,Motor,Central,Direct,2022-01-08,2022-08-01,0.932,1042.66,0,0.0,31.0,6
POL-101763,CUST-50224,Motor,South,Broker,2023-03-16,2024-02-20,0.758,743.36,1,1351.01,66.0,9
POL-101764,CUST-52723,Liability,Central,Online,2023-02-25,2023-11-21,0.488,489.16,0,0.0,68.0,12
POL-101765,CUST-52879,Liability,West,Broker,2023-11-14,2024-10-30,0.732,888.34,0,0.0,61.0,4
POL-101766,CUST-52367,Motor,West,Broker,2023-01-04,2023-11-03,0.874,675.89,0,0.0,58.0,14
POL-101767,CUST-52835,Home,North,Broker,2022-12-08,2023-09-17,0.607,524.7,0,0.0,67.0,0
POL-101768,CUST-51261,Motor,North,Broker,2022-02-19,2022-11-22,0.865,951.12,0,0.0,39.0,6
POL-101769,CUST-50968,Motor,West,Broker,2022-05-24,2022-12-27,0.544,610.83,0,0.0,69.0,13
POL-101770,CUST-50401,Liability,East,Online,2022-09-04,2023-06-15,0.511,650.22,0,0.0,68.0,5
POL-101771,CUST-50587,Liability,South,Agent,2022-10-03,2023-08-06,0.687,910.93,0,0.0,31.0,8
POL-101772,CUST-52599,Liability,Central,Agent,2022-09-22,2023-09-16,0.599,437.42,0,0.0,22.0,12
POL-101773,CUST-50196,Motor,East,Broker,2022-10-15,2023-07-24,0.983,1116.33,0,0.0,47.0,4
POL-101774,CUST-50600,Home,East,Broker,2023-07-16,2024-07-04,0.637,345.19,0,0.0,61.0,19
POL-101775,CUST-51493,Commercial,South,Direct,2022-04-06,2023-03-27,0.539,743.58,0,0.0,66.0,16
POL-101776,CUST-51078,Home,Central,Online,2022-08-31,2023-06-04,0.546,324.78,0,0.0,26.0,19
POL-101777,CUST-52774,Motor,South,Direct,2022-04-29,2023-01-15,0.661,484.71,0,0.0,39.0,9
POL-101778,CUST-50089,Home,South,Online,2022-08-13,2023-03-07,0.516,322.13,0,0.0,61.0,6
POL-101779,CUST-50122,Motor,West,Agent,2023-05-15,2023-12-30,0.792,709.46,0,0.0,21.0,19
POL-101780,CUST-50816,Home,North,Agent,2022-02-04,2023-01-13,0.535,266.71,0,0.0,59.0,14
POL-101781,CUST-51834,Commercial,East,Agent,2022-09-05,2023-03-29,0.538,742.39,0,0.0,34.0,15
POL-101782,CUST-51067,Motor,East,Direct,2022-01-18,2022-09-28,0.713,571.93,0,0.0,19.0,3
POL-101783,CUST-52506,Motor,South,Agent,2023-11-29,2024-10-03,0.296,294.94,0,0.0,31.0,17
POL-101784,CUST-50287,Home,West,Agent,2023-06-15,2024-01-25,0.742,509.06,1,5081.48,60.0,10
POL-101785,CUST-51139,Home,North,Broker,2022-06-27,2023-06-23,0.629,468.47,0,0.0,67.0,15
POL-101786,CUST-51947,Motor,Central,Agent,2022-05-25,2023-03-21,0.59,626.25,0,0.0,22.0,16
POL-101787,CUST-51835,Motor,Central,Direct,2022-03-14,2022-09-15,0.789,782.58,0,0.0,44.0,2
POL-101788,CUST-51552,Commercial,North,Online,2022-12-12,2023-07-25,0.819,1031.83,0,0.0,29.0,1
POL-101789,CUST-51331,Motor,East,Agent,2023-07-05,2024-05-17,0.885,790.98,0,0.0,56.0,1
POL-101790,CUST-50282,Home,North,Broker,2023-03-03,2024-02-06,0.531,337.98,0,0.0,62.0,12
POL-101791,CUST-50196,Home,West,Agent,2023-10-06,2024-09-22,0.495,230.74,0,0.0,72.0,18
POL-101792,CUST-50163,Motor,South,Agent,2022-09-08,2023-08-12,0.786,885.99,0,0.0,38.0,0
POL-101793,CUST-51513,Home,East,Agent,2022-07-23,2023-02-01,0.686,324.95,0,0.0,35.0,2
POL-101794,CUST-52654,Home,Central,Broker,2022-12-15,2023-10-26,0.724,621.03,0,0.0,35.0,9
POL-101795,CUST-50267,Home,West,Broker,2022-05-28,2022-12-14,0.667,298.67,0,0.0,61.0,7
POL-101796,CUST-50195,Home,Central,Direct,2023-12-14,2024-06-25,0.83,623.06,0,0.0,43.0,2
POL-101797,CUST-52054,Motor,West,Online,2022-05-16,2023-03-20,0.393,301.08,0,,19.0,12
POL-101798,CUST-51501,Motor,East,Agent,2022-12-16,2023-09-10,0.667,755.92,0,0.0,72.0,18
POL-101799,CUST-50930,Home,North,Direct,2023-01-17,2023-11-13,0.369,292.11,0,0.0,23.0,4
POL-101800,CUST-50053,Home,North,Direct,2022-02-11,2023-01-15,0.555,246.89,0,0.0,70.0,0
POL-101801,CUST-52407,Motor,East,Agent,2022-12-08,2023-06-18,0.748,454.83,0,0.0,27.0,4
POL-101802,CUST-51977,Motor,East,Agent,2022-11-28,2023-09-02,0.62,591.42,1,1286.83,48.0,3
POL-101803,CUST-51761,Commercial,East,Agent,2022-07-09,2023-06-09,0.535,624.26,0,0.0,35.0,9
POL-101804,CUST-50702,Motor,Central,Agent,2022-04-04,2022-12-21,0.914,551.53,0,0.0,57.0,2
POL-101805,CUST-52805,Liability,North,Agent,2022-02-02,2022-11-06,0.83,1120.4,0,0.0,40.0,7
POL-101806,CUST-50188,Home,West,Agent,2022-01-07,2022-10-06,0.645,457.09,0,0.0,38.0,2
POL-101807,CUST-52213,Motor,West,Online,2022-12-18,2023-12-01,0.963,579.19,0,0.0,45.0,13
POL-101808,CUST-52182,Home,West,Online,2022-03-07,2022-02-05,0.568,367.43,0,0.0,73.0,9
POL-101809,CUST-52174,Motor,South,Broker,2023-12-02,2024-11-09,0.841,579.23,0,0.0,31.0,1
POL-101810,CUST-51805,Liability,East,Direct,2022-06-28,2023-05-25,0.376,465.62,0,0.0,30.0,0
POL-101811,CUST-50913,Liability,North,Online,2023-04-22,2024-03-18,0.464,327.43,0,0.0,21.0,9
POL-101812,CUST-51367,Commercial,North,Broker,2023-05-07,2024-01-18,0.504,701.31,0,0.0,60.0,11
POL-101813,CUST-51325,Home,Central,Broker,2022-12-28,2023-09-29,0.329,176.77,0,0.0,56.0,3
POL-101814,CUST-52598,Liability,West,Direct,2023-10-08,2024-06-12,0.626,850.66,0,0.0,52.0,6
POL-101815,CUST-52236,Home,Central,Online,2022-03-22,2022-11-03,0.394,184.35,0,0.0,19.0,12
POL-101816,CUST-51429,Commercial,West,Direct,2022-06-20,2023-05-28,0.726,1267.37,0,0.0,63.0,9
POL-101817,CUST-52166,Motor,South,Agent,2022-07-04,2023-04-04,0.393,345.61,0,0.0,64.0,2
POL-101818,CUST-52908,Liability,Central,Direct,2022-04-09,2023-02-17,0.343,427.42,0,0.0,71.0,7
POL-101819,CUST-52076,Home,West,Agent,2022-08-04,2023-02-18,0.977,514.86,0,0.0,70.0,3
POL-101820,CUST-51069,Motor,North,Agent,2022-08-17,2023-07-09,0.744,821.3,0,0.0,33.0,18
POL-101821,CUST-50023,Liability,North,Broker,2023-07-13,2024-05-10,0.952,1273.73,0,0.0,58.0,16
POL-101822,CUST-52634,Home,West,Direct,2022-08-09,2023-08-09,0.617,324.84,0,0.0,40.0,6
POL-101823,CUST-50051,Liability,West,Agent,2023-10-02,2024-04-23,0.275,234.44,0,0.0,51.0,4
POL-101824,CUST-51527,Motor,North,Agent,2023-07-19,2024-04-24,0.681,795.67,0,0.0,36.0,2
POL-101825,CUST-50202,Home,East,Direct,2023-10-21,2024-07-22,0.669,416.39,0,0.0,55.0,14
POL-101826,CUST-52638,Commercial,Central,Agent,2022-03-18,2022-12-23,0.261,486.18,0,0.0,72.0,18
POL-101827,CUST-50094,Motor,West,Online,2023-12-20,2024-06-27,0.896,982.24,0,0.0,55.0,5
POL-101828,CUST-52050,Commercial,Central,Broker,2023-03-25,2023-12-18,0.715,951.32,0,0.0,70.0,12
POL-101829,CUST-52318,Home,South,Broker,2023-12-19,2024-08-10,0.809,413.88,0,0.0,71.0,4
POL-101830,CUST-52197,Motor,North,Agent,2022-09-17,2023-07-08,0.62,504.11,0,0.0,24.0,18
POL-101831,CUST-51640,Home,South,Online,2023-11-27,2024-07-07,0.714,493.29,0,0.0,72.0,5
POL-101832,CUST-51772,Motor,West,Online,2023-03-06,2023-11-21,0.443,394.61,0,0.0,64.0,1
POL-101833,CUST-51514,Commercial,Central,Agent,2022-02-22,2022-12-14,0.98,1727.59,0,0.0,42.0,17
POL-101834,CUST-52271,Commercial,West,Direct,2022-10-27,2023-05-06,0.551,866.19,0,0.0,52.0,18
POL-101835,CUST-50256,Home,North,Direct,2022-04-11,2023-03-03,0.372,291.5,0,0.0,53.0,7
POL-101836,CUST-52670,Home,East,Agent,2023-11-19,2024-09-27,0.292,139.9,0,0.0,62.0,18
POL-101837,CUST-52323,Motor,North,Broker,2022-08-11,2023-02-17,0.727,622.5,0,0.0,63.0,4
POL-101838,CUST-52905,Motor,West,Online,2022-06-12,2022-12-21,0.988,597.3,0,0.0,23.0,5
POL-101839,CUST-50278,Commercial,East,Broker,2023-02-08,2024-01-12,0.922,1048.88,0,0.0,18.0,10
POL-101840,CUST-50627,Motor,East,Online,2022-11-07,2023-06-27,0.777,615.58,0,0.0,32.0,12
POL-101841,CUST-50665,Motor,East,Agent,2022-03-12,2023-02-15,0.993,1123.48,0,0.0,48.0,7
POL-101842,CUST-51237,Motor,West,Online,2023-08-20,2024-05-18,0.792,650.38,0,0.0,66.0,15
POL-101843,CUST-52456,Home,North,Online,2023-09-10,2024-05-10,0.504,278.55,0,0.0,55.0,15
POL-101844,CUST-52360,Commercial,Central,Agent,2023-06-27,2024-02-12,0.701,1188.79,0,0.0,25.0,2
POL-101845,CUST-52077,Motor,East,Broker,2023-03-27,2024-01-23,0.31,314.21,0,0.0,58.0,19
POL-101846,CUST-51188,Motor,East,Direct,2022-10-21,2023-05-09,0.416,366.66,0,0.0,44.0,3
POL-101847,CUST-50277,Motor,South,Online,2023-01-31,2023-10-12,0.563,431.63,0,0.0,39.0,10
POL-101848,CUST-52083,Motor,North,Agent,2023-01-16,2023-09-17,0.401,310.61,0,0.0,61.0,8
POL-101849,CUST-50221,Motor,West,Agent,2022-05-01,2022-11-25,0.965,680.71,1,4617.11,34.0,9
POL-101850,CUST-50612,Commercial,South,Direct,2022-03-01,2022-11-01,0.997,1378.88,0,0.0,53.0,2
POL-101851,CUST-51219,Home,Central,Broker,2022-07-04,2023-04-08,0.528,267.71,0,0.0,28.0,6
POL-101852,CUST-52329,Motor,West,Direct,2022-11-28,2023-09-30,0.782,764.44,0,0.0,39.0,0
POL-101853,CUST-51810,Home,East,Broker,2022-04-28,2022-11-10,0.556,457.2,0,0.0,49.0,19
POL-101854,CUST-50311,Commercial,North,Online,2022-03-19,2023-02-24,0.355,451.94,0,0.0,53.0,2
POL-101855,CUST-50740,Motor,East,Agent,2023-09-14,2024-08-22,0.503,371.78,0,0.0,70.0,9
POL-101856,CUST-52547,Motor,Central,Online,2022-10-01,2023-08-05,0.425,480.0,0,0.0,34.0,4
POL-101857,CUST-51755,Commercial,East,Broker,2023-03-03,2024-02-17,0.496,789.41,0,0.0,69.0,3
POL-101858,CUST-51972,Motor,West,Online,2023-01-18,2023-10-04,0.411,423.01,0,0.0,64.0,7
POL-101859,CUST-51078,Commercial,North,Agent,2023-06-21,2024-05-18,0.334,640.44,0,0.0,38.0,19
POL-101860,CUST-52445,Commercial,East,Direct,2023-06-25,2024-05-05,0.413,697.95,0,0.0,25.0,9
POL-101861,CUST-51765,Commercial,West,Online,2022-08-05,2023-05-16,0.929,1643.03,0,0.0,32.0,19
POL-101862,CUST-50243,Motor,East,Direct,2023-09-11,2024-04-11,0.314,259.12,0,0.0,55.0,16
POL-101863,CUST-52176,Motor,Central,Agent,2022-09-29,2023-07-09,0.494,569.69,0,0.0,62.0,8
POL-101864,CUST-50865,Commercial,East,Broker,2023-09-02,2024-08-14,0.646,1117.23,0,0.0,52.0,18
POL-101865,CUST-52529,Home,Central,Agent,2022-10-23,2023-10-21,0.516,240.0,0,0.0,59.0,6
POL-101866,CUST-51915,Motor,West,Agent,2022-03-23,2022-12-11,0.638,605.56,0,0.0,23.0,10
POL-101867,CUST-50587,Home,Central,Direct,2023-07-09,2024-02-20,0.283,134.45,0,0.0,46.0,13
POL-101868,CUST-50087,Motor,East,Online,2022-01-23,2022-12-08,0.736,666.57,0,0.0,67.0,11
POL-101869,CUST-50255,Home,East,Direct,2023-07-18,2024-01-28,0.673,317.93,1,11347.51,40.0,16
POL-101870,CUST-50738,Liability,South,Agent,2022-02-01,2022-08-28,0.761,849.49,0,0.0,69.0,3
POL-101871,CUST-50355,Home,West,Agent,2022-05-31,2023-03-11,0.675,426.64,0,0.0,25.0,9
POL-101872,CUST-51975,Home,Central,Broker,2023-03-17,2024-03-15,0.578,389.59,0,0.0,73.0,13
POL-101873,CUST-50496,Liability,North,Agent,2023-11-19,2024-07-17,0.513,580.3,0,0.0,62.0,6
POL-101874,CUST-51339,Home,Central,Online,2022-10-26,2023-07-15,0.42,227.91,0,0.0,53.0,17
POL-101875,CUST-50973,Motor,Central,Agent,2022-03-30,2022-11-24,0.625,490.7,0,0.0,53.0,6
POL-101876,CUST-51973,Home,West,Agent,2022-06-20,2023-03-08,0.27,173.67,0,0.0,71.0,6
POL-101877,CUST-50085,Motor,East,Direct,2023-10-17,2024-04-15,0.496,462.25,0,0.0,39.0,6
POL-101878,CUST-51206,Motor,Central,Agent,2023-06-15,2024-03-31,0.758,867.58,0,0.0,27.0,13
POL-101879,CUST-52497,Home,South,Broker,2022-03-15,2022-12-30,0.332,194.79,0,0.0,70.0,2
POL-101880,CUST-50738,Motor,West,Broker,2022-10-08,2023-06-03,0.297,281.28,0,0.0,23.0,2
POL-101881,CUST-52547,Motor,Central,Agent,2022-07-13,2023-02-27,0.739,845.35,0,0.0,55.0,15
POL-101882,CUST-50515,Home,Central,Broker,2022-05-10,2023-03-27,0.548,408.55,0,0.0,33.0,4
POL-101883,CUST-52139,Motor,East,Broker,2023-09-10,2024-04-11,0.851,672.6,0,0.0,70.0,2
POL-101884,CUST-50846,Home,South,Direct,2023-03-27,2023-10-01,0.953,585.13,0,0.0,73.0,5
POL-101885,CUST-51069,Motor,Central,Agent,2022-05-12,2022-11-15,0.968,1082.1,0,0.0,45.0,7
POL-101886,CUST-51566,Home,West,Broker,2023-04-21,2024-03-30,0.569,355.03,0,0.0,48.0,0
POL-101887,CUST-52120,Commercial,West,Direct,2022-10-29,2023-07-03,0.448,569.33,0,0.0,43.0,16
POL-101888,CUST-51579,Motor,West,Agent,2022-02-14,2022-08-31,0.706,639.8,0,0.0,42.0,2
POL-101889,CUST-51723,Commercial,Central,Agent,2022-11-25,2023-11-03,0.721,867.93,0,0.0,71.0,8
POL-101890,CUST-50867,Motor,East,Agent,2022-05-16,2022-12-09,0.717,674.92,0,0.0,34.0,4
POL-101891,CUST-51987,Motor,East,Agent,2022-06-29,2023-02-26,0.491,581.81,0,0.0,72.0,5
POL-101892,CUST-50212,Motor,Central,Agent,2023-10-04,2024-04-04,0.298,349.17,0,0.0,55.0,0
POL-101893,CUST-50263,Motor,East,Online,2023-06-03,2024-04-04,0.408,391.77,0,0.0,72.0,18
POL-101894,CUST-50478,Motor,South,Broker,2022-04-08,2023-02-12,0.366,410.78,0,0.0,52.0,18
POL-101895,CUST-52624,Commercial,West,Broker,2023-09-14,2024-07-30,0.343,631.94,0,0.0,64.0,2
POL-101896,CUST-51839,Commercial,South,Agent,2023-02-24,2023-10-10,0.945,1871.03,0,0.0,45.0,3
POL-101897,CUST-51046,Liability,North,Agent,2023-10-01,2024-05-29,0.26,334.09,0,0.0,44.0,17
POL-101898,CUST-51875,Liability,South,Direct,2023-06-30,2024-06-18,0.701,913.6,1,2595.57,32.0,8
POL-101899,CUST-50807,Motor,North,Direct,2022-09-05,2023-08-03,0.961,703.05,0,0.0,29.0,1
POL-101900,CUST-52197,Motor,Central,Online,2023-01-26,2023-07-31,0.52,358.29,1,3142.95,20.0,2
POL-101901,CUST-51172,Motor,Central,Agent,2023-01-23,2023-11-27,0.645,400.65,0,0.0,39.0,8
POL-101902,CUST-51856,Home,South,Agent,2023-06-10,2024-05-06,0.772,555.95,0,0.0,74.0,11
POL-101903,CUST-50741,Commercial,Central,Direct,2022-07-01,2023-04-11,0.488,957.7,0,0.0,71.0,12
POL-101904,CUST-50106,Motor,West,Agent,2022-09-01,2023-06-27,0.608,721.3,1,2898.57,57.0,3
POL-101905,CUST-52982,Motor,Central,Agent,2022-06-28,2022-12-25,0.863,951.15,0,0.0,38.0,7
POL-101906,CUST-51959,Motor,North,Agent,2022-08-05,2023-02-06,0.809,881.37,0,0.0,47.0,5
POL-101907,CUST-51938,Commercial,North,Agent,2022-04-28,2022-10-31,0.856,1319.67,0,0.0,61.0,10
POL-101908,CUST-51809,Home,Central,Online,2022-01-27,2022-08-24,0.991,624.48,0,0.0,18.0,6
POL-101909,CUST-52689,Commercial,South,Online,2023-11-18,2024-11-16,0.528,879.08,0,0.0,70.0,4
POL-101910,CUST-50055,Home,East,Direct,2022-02-24,2022-12-18,0.81,359.52,0,0.0,67.0,16
POL-101911,CUST-52853,Motor,Central,Broker,2023-10-11,2024-08-31,0.702,749.47,0,0.0,73.0,11
POL-101912,CUST-51377,Motor,South,Direct,2022-01-03,2022-08-25,0.75,739.65,0,0.0,23.0,9
POL-101913,CUST-51743,Commercial,North,Direct,2023-07-22,2024-07-10,0.805,956.02,0,0.0,72.0,2
POL-101914,CUST-52813,Commercial,West,Direct,2022-08-28,2023-04-01,0.812,1348.11,0,0.0,52.0,1
POL-101915,CUST-52401,Motor,East,Broker,2023-01-13,2023-12-26,0.914,869.84,1,969.87,49.0,15
POL-101916,CUST-51050,Motor,North,Online,2022-07-26,2023-01-27,0.512,544.7,0,0.0,28.0,19
POL-101917,CUST-52715,Motor,South,Agent,2022-12-25,2023-06-26,0.74,809.04,0,0.0,46.0,11
POL-101918,CUST-50249,Motor,East,Direct,2022-11-26,2023-06-08,0.46,343.06,1,5545.87,38.0,0
POL-101919,CUST-50450,Motor,Central,Online,2023-01-22,2023-12-15,0.696,751.41,0,0.0,74.0,9
POL-101920,CUST-50681,Motor,South,Online,2022-10-15,2023-05-30,0.813,571.82,0,0.0,37.0,5
POL-101921,CUST-50807,Home,East,Online,2023-01-27,2023-10-17,0.843,510.09,0,0.0,30.0,1
POL-101922,CUST-52020,Commercial,North,Broker,2023-08-26,2024-05-19,0.565,856.0,1,18195.15,71.0,2
POL-101923,CUST-51204,Commercial,South,Direct,2022-11-14,2023-10-06,0.632,1157.83,0,0.0,28.0,9
POL-101924,CUST-52550,Commercial,South,Agent,2022-09-21,2023-05-23,0.5,964.8,0,0.0,69.0,8
POL-101925,CUST-51868,Liability,East,Direct,2022-04-07,2022-10-05,0.377,263.07,0,0.0,72.0,11
POL-101926,CUST-51816,Liability,West,Agent,2022-09-20,2023-05-29,0.445,530.33,0,0.0,35.0,13
POL-101927,CUST-52304,Motor,North,Broker,2022-04-02,2022-11-21,0.934,1043.39,0,0.0,57.0,5
POL-101928,CUST-51231,Motor,North,Online,2022-05-14,2023-03-25,0.482,560.48,0,0.0,63.0,5
POL-101929,CUST-51035,Motor,West,Online,2023-11-27,2024-10-11,0.981,740.06,1,10791.99,48.0,13
POL-101930,CUST-50324,Commercial,South,Broker,2022-03-07,2022-09-20,0.431,513.13,0,0.0,57.0,3
POL-101931,CUST-52528,Motor,West,Agent,2022-12-18,2023-11-10,0.792,706.36,0,0.0,25.0,1
POL-101932,CUST-50698,Motor,North,Broker,2023-09-02,2024-03-13,0.68,769.15,0,0.0,47.0,17
POL-101933,CUST-51963,Home,West,Agent,2023-11-27,2024-09-17,0.773,441.36,0,0.0,47.0,4
POL-101934,CUST-52371,Home,Central,Agent,2022-04-18,2022-12-26,0.733,478.79,0,0.0,50.0,2
POL-101935,CUST-51116,Home,East,Online,2022-04-30,2022-12-22,0.78,675.54,0,0.0,71.0,14
POL-101936,CUST-50490,Commercial,East,Broker,2022-09-29,2023-06-25,0.929,1372.94,0,0.0,65.0,10
POL-101937,CUST-52042,Home,South,Agent,2023-02-09,2023-10-04,0.673,475.58,1,6464.44,52.0,2
POL-101938,CUST-50975,Commercial,South,Direct,2023-12-02,2024-10-24,0.301,609.68,0,0.0,40.0,17
POL-101939,CUST-52556,Motor,North,Agent,2022-06-01,2023-05-26,0.453,368.52,0,0.0,41.0,4
POL-101940,CUST-51336,Commercial,East,Broker,2022-05-01,2023-03-28,0.781,1009.07,0,0.0,19.0,13
POL-101941,CUST-51007,Home,Central,Agent,2022-07-04,2023-03-22,0.621,345.72,0,0.0,49.0,13
POL-101942,CUST-52181,Motor,North,Agent,2023-10-01,2024-06-30,0.661,635.96,0,0.0,32.0,16
POL-101943,CUST-51160,Liability,East,Broker,2022-01-22,2022-10-12,0.697,555.94,0,0.0,68.0,14
POL-101944,CUST-52390,Liability,Central,Direct,2022-10-05,2023-08-28,0.537,428.99,0,0.0,62.0,14
POL-101945,CUST-52075,Commercial,East,Broker,2022-03-28,2023-01-04,0.83,1061.6,0,0.0,70.0,1
POL-101946,CUST-52653,Liability,West,Online,2022-04-25,2023-01-17,0.793,838.27,0,0.0,74.0,18
POL-101947,CUST-51289,Motor,South,Online,2023-11-01,2024-07-14,0.786,862.47,0,0.0,40.0,2
POL-101948,CUST-50260,Motor,West,Online,2022-01-02,2022-09-08,0.786,715.19,0,0.0,42.0,5
POL-101949,CUST-50533,Motor,Central,Online,2022-08-23,2023-06-01,0.918,973.7,0,0.0,52.0,8
POL-101950,CUST-50015,Commercial,East,Online,2023-10-31,2024-09-03,0.697,1384.88,0,0.0,42.0,5
POL-101951,CUST-52562,Commercial,West,Online,2023-03-20,2023-12-05,0.975,1721.95,0,0.0,33.0,11
POL-101952,CUST-50729,Liability,West,Agent,2022-02-22,2023-01-18,0.339,382.04,0,0.0,58.0,1
POL-101953,CUST-50604,Commercial,North,Agent,2022-12-06,2023-11-04,0.724,740.88,0,0.0,43.0,9
POL-101954,CUST-51818,Home,North,Direct,2023-12-10,2024-08-25,0.788,495.35,0,0.0,71.0,6
POL-101955,CUST-50739,Motor,West,Online,2022-10-20,2023-10-04,0.608,458.73,0,0.0,30.0,12
POL-101956,CUST-52937,Motor,South,Online,2023-01-21,2023-08-21,0.466,419.35,0,0.0,43.0,10
POL-101957,CUST-52603,Home,East,Direct,2023-01-24,2024-01-12,0.663,561.41,0,0.0,48.0,15
POL-101958,CUST-51352,Commercial,East,Online,2023-04-28,2023-12-18,0.524,702.29,0,0.0,69.0,3
POL-101959,CUST-51925,Motor,West,Direct,2022-05-17,2023-02-25,0.932,643.7,0,0.0,50.0,18
POL-101960,CUST-51160,Liability,Central,Direct,2023-09-05,2024-04-24,0.518,648.83,0,0.0,21.0,7
POL-101961,CUST-51294,Home,Central,Agent,2023-12-23,2024-09-10,0.382,330.01,0,0.0,37.0,6
POL-101962,CUST-51441,Motor,North,Broker,2022-04-15,2022-12-14,0.682,722.34,0,0.0,68.0,10
POL-101963,CUST-51145,Commercial,West,Agent,2023-08-21,2024-06-27,0.547,632.04,0,0.0,33.0,3
POL-101964,CUST-51309,Home,West,Agent,2023-08-20,2024-03-02,0.322,216.71,0,0.0,37.0,16
POL-101965,CUST-50549,Commercial,Central,Broker,2023-06-26,2024-05-26,0.674,961.3,0,0.0,26.0,5
POL-101966,CUST-51955,Motor,East,Agent,2022-09-28,2023-09-11,0.653,634.65,0,0.0,59.0,18
POL-101967,CUST-50203,Motor,East,Online,2022-12-09,2023-09-19,0.38,377.27,0,0.0,25.0,2
POL-101968,CUST-52728,Motor,East,Broker,2023-09-05,2024-06-12,0.698,750.5,0,0.0,38.0,17
POL-101969,CUST-52728,Home,South,Direct,2022-04-22,2023-02-26,0.676,363.82,0,0.0,58.0,7
POL-101970,CUST-50624,Commercial,South,Agent,2023-08-28,2024-04-01,0.83,1655.14,0,0.0,69.0,12
POL-101971,CUST-50134,Liability,West,Online,2023-11-04,2024-09-18,0.521,434.14,0,0.0,30.0,17
POL-101972,CUST-51438,Commercial,North,Broker,2023-05-13,2023-12-19,0.437,498.6,0,0.0,36.0,2
POL-101973,CUST-50185,Motor,West,Broker,2022-09-07,2023-07-09,0.963,1047.92,0,0.0,24.0,6
POL-101974,CUST-51210,Liability,Central,Direct,2023-02-13,2023-10-07,0.671,673.54,0,0.0,42.0,18
POL-101975,CUST-52256,Motor,South,Broker,2022-02-06,2022-12-21,0.27,239.41,0,0.0,74.0,2
POL-101976,CUST-50928,Motor,South,Broker,2023-11-12,2024-10-04,0.866,679.5,0,0.0,35.0,2
POL-101977,CUST-52681,Commercial,East,Direct,2022-09-07,2023-04-13,0.398,422.72,0,0.0,32.0,10
POL-101978,CUST-50043,Liability,Central,Online,2022-02-11,2022-12-02,0.84,687.8,1,4485.04,40.0,0
POL-101979,CUST-52129,Liability,North,Agent,2023-08-03,2024-05-01,0.779,941.41,0,0.0,69.0,19
POL-101980,CUST-51510,Commercial,East,Online,2023-04-26,2023-12-16,0.977,1214.19,0,0.0,49.0,18
POL-101981,CUST-50726,Motor,South,Broker,2023-03-31,2024-01-14,0.974,1154.81,0,0.0,52.0,3
POL-101982,CUST-51290,Motor,Central,Agent,2022-02-09,2023-02-08,0.456,484.64,0,0.0,62.0,3
POL-101983,CUST-50811,Motor,Central,Agent,2023-07-03,2023-12-30,0.825,907.43,0,0.0,58.0,15
POL-101984,CUST-51860,Home,North,Broker,2023-04-11,2024-04-02,0.488,396.75,0,0.0,52.0,10
POL-101985,CUST-52884,Home,North,Agent,2023-08-03,2024-07-07,0.722,538.62,0,0.0,49.0,16
POL-101986,CUST-51503,Motor,North,Online,2023-08-27,2024-05-31,0.698,608.92,0,0.0,48.0,19
POL-101987,CUST-52100,Home,Central,Broker,2022-06-04,2023-03-24,0.291,242.11,0,0.0,28.0,8
POL-101988,CUST-51834,Home,Central,Online,2022-06-03,2023-02-06,0.254,157.25,0,0.0,41.0,5
POL-101989,CUST-52483,Commercial,South,Agent,2023-11-06,2024-05-28,0.293,325.89,0,0.0,66.0,12
POL-101990,CUST-51687,Motor,North,Direct,2023-01-23,2023-11-05,0.346,328.66,0,0.0,20.0,12
POL-101991,CUST-51339,Motor,West,Agent,2022-11-16,2023-10-13,0.443,291.41,1,4356.86,,8
POL-101992,CUST-50358,Home,Central,Broker,2022-07-29,2023-03-08,0.93,668.15,0,0.0,50.0,5
POL-101993,CUST-52329,Home,Central,Broker,2023-04-12,2024-02-19,0.639,553.97,0,-500.0,37.0,5
POL-101994,CUST-52693,Motor,East,Direct,2023-07-05,2024-05-19,0.848,845.24,0,0.0,24.0,10
POL-101995,CUST-52942,Motor,West,Direct,2022-01-02,2022-11-19,0.879,633.12,0,0.0,61.0,8
POL-101996,CUST-52189,Liability,Central,Agent,2023-02-08,2023-10-09,0.801,625.24,0,0.0,18.0,9
POL-101997,CUST-51070,Commercial,Central,Agent,2023-12-27,2024-09-04,0.544,748.94,0,0.0,48.0,1
POL-101998,CUST-52110,Motor,East,Broker,2022-07-24,2023-04-07,0.898,612.19,0,0.0,27.0,17
POL-101999,CUST-50961,Home,South,Agent,2022-07-25,2023-06-28,0.807,549.77,0,0.0,69.0,14
POL-102000,CUST-52696,Home,South,Direct,2023-10-04,2024-09-15,0.807,624.51,0,0.0,28.0,18
POL-102001,CUST-50128,Motor,South,Broker,2022-02-15,2022-10-30,0.926,913.58,0,0.0,63.0,16
POL-102002,CUST-52694,Motor,Central,Online,2022-10-18,2023-10-13,0.699,672.6,0,0.0,50.0,12
POL-102003,CUST-52211,Liability,West,Online,2022-12-01,2023-09-13,0.646,636.2,0,0.0,20.0,6
POL-102004,CUST-52667,Home,Central,Broker,2023-08-06,2024-04-13,0.918,467.23,0,0.0,59.0,13
POL-102005,CUST-50722,Motor,West,Online,2022-04-05,2022-10-02,0.591,575.92,0,0.0,68.0,11
POL-102006,CUST-51524,Commercial,East,Direct,2022-11-13,2023-09-02,0.859,1237.51,0,0.0,30.0,18
POL-102007,CUST-50761,Home,West,Agent,2022-04-22,2023-02-15,0.29,164.31,0,0.0,73.0,4
POL-102008,CUST-52132,Home,West,Online,2023-07-29,2024-07-23,0.251,180.75,0,0.0,63.0,0
POL-102009,CUST-51896,Motor,West,Broker,2023-04-07,2024-02-14,0.646,529.87,0,0.0,60.0,2
POL-102010,CUST-52074,Motor,South,Direct,2022-12-29,2023-07-02,0.305,212.02,0,0.0,37.0,3
POL-102011,CUST-52216,Motor,South,Direct,2022-10-14,2023-07-26,0.982,866.8,0,0.0,24.0,13
POL-102012,CUST-50134,Liability,North,Online,2022-04-22,2023-03-06,0.254,224.63,0,0.0,42.0,2
POL-102013,CUST-51222,Home,South,Direct,2023-11-04,2024-08-02,0.789,593.59,1,10376.05,64.0,2
POL-102014,CUST-50757,Commercial,Central,Online,2023-04-18,2024-01-02,0.433,460.18,0,0.0,51.0,7
POL-102015,CUST-52833,Motor,Central,Agent,2022-08-21,2023-07-17,0.976,1075.98,0,0.0,54.0,15
POL-102016,CUST-51588,Commercial,North,Online,2022-10-30,2023-08-19,0.536,795.03,0,0.0,62.0,8
POL-102017,CUST-50485,Home,East,Direct,2023-06-15,2024-04-16,0.27,119.05,0,0.0,37.0,5
POL-102018,CUST-51176,Home,Central,Direct,2023-06-10,2024-03-02,0.27,132.81,0,0.0,20.0,5
POL-102019,CUST-51582,Motor,West,Online,2022-12-03,2023-07-22,0.665,769.76,0,0.0,68.0,16
POL-102020,CUST-50974,Home,West,Agent,2022-08-10,2023-05-13,0.99,660.39,0,0.0,52.0,8
POL-102021,CUST-51851,Motor,East,Agent,2023-04-27,2024-04-19,0.985,1036.5,0,0.0,50.0,7
POL-102022,CUST-52307,Motor,South,Online,2023-04-26,2024-02-12,0.503,563.49,0,0.0,50.0,15
POL-102023,CUST-51852,Commercial,Central,Online,2023-03-14,2024-01-19,0.612,820.15,0,0.0,66.0,7
POL-102024,CUST-51736,Motor,North,Direct,2022-02-23,2022-09-14,0.325,299.14,0,0.0,61.0,7
POL-102025,CUST-51970,Motor,Central,Broker,2022-12-12,2023-12-10,0.642,630.41,0,0.0,56.0,15
POL-102026,CUST-50862,Liability,Central,Agent,2023-03-25,2023-11-05,0.7,884.33,0,0.0,62.0,6
POL-102027,CUST-51901,Motor,South,Broker,2023-11-25,2024-11-19,0.438,370.09,0,0.0,34.0,10
POL-102028,CUST-50153,Home,East,Broker,2023-01-19,2023-10-08,0.709,600.57,0,0.0,58.0,13
POL-102029,CUST-52375,Commercial,Central,Online,2022-09-08,2023-08-24,0.925,1508.89,0,0.0,73.0,4
POL-102030,CUST-51140,Commercial,East,Broker,2023-02-10,2024-01-21,0.251,477.4,0,0.0,31.0,2
POL-102031,CUST-52442,Motor,South,Broker,2022-05-10,2023-03-26,0.422,272.02,0,0.0,50.0,17
POL-102032,CUST-50761,Home,North,Broker,2022-03-08,2023-02-21,0.407,258.48,0,0.0,56.0,5
POL-102033,CUST-52932,Home,East,Online,2023-05-11,2024-02-28,0.343,175.53,0,0.0,47.0,6
POL-102034,CUST-51561,Motor,South,Direct,2023-12-21,2024-11-22,0.375,426.59,0,0.0,73.0,11
POL-102035,CUST-52819,Commercial,Central,Agent,2023-09-10,2024-04-09,0.719,901.28,0,0.0,41.0,2
POL-102036,CUST-50877,Liability,Central,Broker,2023-03-03,2023-09-12,0.327,384.26,0,0.0,30.0,0
POL-102037,CUST-51559,Motor,South,Broker,2022-01-30,2022-11-07,0.804,508.46,0,0.0,25.0,8
POL-102038,CUST-52141,Motor,South,Agent,2023-12-23,2024-11-17,0.915,653.77,0,0.0,66.0,19
POL-102039,CUST-52117,Commercial,South,Direct,2022-11-25,2023-10-13,0.945,1265.97,0,0.0,57.0,11
POL-102040,CUST-50758,Home,East,Agent,2022-07-31,2023-05-05,0.745,576.13,0,0.0,50.0,11
POL-102041,CUST-51207,Commercial,West,Broker,2023-10-14,2024-07-16,0.398,505.43,0,0.0,42.0,12
POL-102042,CUST-50690,Motor,North,Broker,2023-06-29,2024-04-17,0.314,339.45,0,0.0,41.0,17
POL-102043,CUST-51951,Motor,Central,Broker,2023-07-02,2024-06-07,0.424,451.23,0,0.0,71.0,16
POL-102044,CUST-51245,Home,West,Broker,2022-07-22,2023-06-23,0.971,839.54,0,0.0,56.0,0
POL-102045,CUST-50022,Liability,North,Direct,2023-12-26,2024-07-13,0.972,1118.3,0,0.0,73.0,10
POL-102046,CUST-50877,Motor,South,Agent,2022-11-27,2023-09-13,0.536,522.21,0,0.0,63.0,10
POL-102047,CUST-51102,Commercial,West,Agent,2023-01-23,2023-09-30,0.494,803.03,0,0.0,61.0,4
POL-102048,CUST-51681,Motor,East,Direct,2023-07-03,2024-05-26,0.633,417.92,0,0.0,49.0,19
POL-102049,CUST-52743,Motor,East,Online,2023-04-27,2024-01-26,0.469,422.27,0,0.0,31.0,5
POL-102050,CUST-52950,Home,North,Agent,2022-05-06,2023-05-05,0.985,791.49,1,3631.68,55.0,16
POL-102051,CUST-52025,Motor,East,Agent,2022-08-09,2023-04-26,0.416,252.68,0,0.0,58.0,2
POL-102052,CUST-52713,Home,West,Online,2022-09-21,2023-07-24,0.527,257.69,0,0.0,47.0,12
POL-102053,CUST-50051,Motor,West,Agent,2023-11-23,2024-06-10,0.572,544.73,0,0.0,19.0,14
POL-102054,CUST-52580,Home,East,Online,2023-06-06,2024-05-24,0.344,275.75,0,0.0,72.0,10
POL-102055,CUST-51568,Motor,East,Online,2022-09-25,2023-04-21,0.537,417.71,0,0.0,65.0,2
POL-102056,CUST-51117,Commercial,South,Agent,2023-06-21,2024-02-26,0.893,1696.3,0,0.0,38.0,2
POL-102057,CUST-51097,Liability,West,Agent,2023-06-24,2024-05-24,0.355,325.73,0,0.0,46.0,12
POL-102058,CUST-51047,Motor,West,Online,2022-10-15,2023-10-09,0.688,599.9,0,0.0,25.0,17
POL-102059,CUST-52426,Motor,West,Agent,2022-10-22,2023-07-19,0.555,644.94,0,0.0,71.0,11
POL-102060,CUST-51376,Liability,West,Broker,2023-10-15,2024-07-11,0.378,367.59,0,0.0,31.0,2
POL-102061,CUST-50344,Motor,Central,Agent,2023-02-15,2023-08-23,0.259,246.49,0,0.0,39.0,15
POL-102062,CUST-52703,Commercial,Central,Direct,2022-04-20,2023-04-17,0.455,893.85,0,0.0,42.0,9
POL-102063,CUST-51812,Home,Central,Online,2023-06-10,2023-12-10,0.296,162.43,0,0.0,33.0,1
POL-102064,CUST-51172,Commercial,South,Direct,2023-03-07,2023-09-07,0.533,590.73,0,0.0,54.0,7
POL-102065,CUST-52136,Motor,North,Agent,2023-01-07,2023-10-02,0.858,999.59,0,0.0,74.0,4
POL-102066,CUST-51052,Motor,North,Broker,2023-06-14,2023-12-11,0.79,733.2,0,0.0,66.0,19
POL-102067,CUST-51786,Motor,West,Direct,2023-10-25,2024-05-22,0.961,1124.06,0,0.0,48.0,18
POL-102068,CUST-50023,Motor,Central,Agent,2022-08-30,2023-06-22,0.57,633.11,0,0.0,25.0,2
POL-102069,CUST-50823,Motor,West,Direct,2022-11-03,2023-09-10,0.781,741.01,0,0.0,67.0,11
POL-102070,CUST-51026,Liability,West,Direct,2022-05-19,2023-01-09,0.749,756.0,0,0.0,32.0,0
POL-102071,CUST-52379,Motor,North,Agent,2023-04-18,2024-03-10,0.413,363.75,0,,69.0,9
POL-102072,CUST-52263,Motor,East,Online,2022-10-21,2023-08-10,0.478,331.63,0,0.0,40.0,3
POL-102073,CUST-52380,Motor,West,Broker,2022-09-07,2023-04-17,0.647,559.57,2,10673.31,47.0,14
POL-102074,CUST-51436,Motor,North,Agent,2023-05-24,2024-03-31,0.847,,0,0.0,42.0,1
POL-102075,CUST-51082,Home,West,Agent,2022-10-25,2023-08-11,0.596,514.43,0,0.0,43.0,18
POL-102076,CUST-51584,Motor,South,Broker,2022-12-05,2022-11-05,0.421,491.06,0,0.0,27.0,4
POL-102077,CUST-50800,Commercial,North,Agent,2022-11-18,2023-06-14,0.995,1981.65,0,0.0,49.0,5
POL-102078,CUST-51585,Commercial,West,Agent,2022-07-08,2023-02-15,0.337,348.56,0,0.0,40.0,17
POL-102079,CUST-51991,Motor,East,Direct,2022-04-02,2022-11-24,0.967,872.12,0,0.0,66.0,18
POL-102080,CUST-52907,Commercial,East,Direct,2023-08-27,2024-04-26,0.0,1043.94,0,0.0,45.0,1
POL-102081,CUST-51103,Motor,East,Agent,2022-03-08,2023-02-16,0.879,844.8,0,0.0,72.0,2
POL-102082,CUST-50339,Motor,West,Direct,2022-08-26,2023-07-08,0.846,979.48,1,778.96,34.0,17
POL-102083,CUST-51036,Liability,East,Direct,2023-05-03,2024-02-08,0.406,522.68,0,0.0,36.0,19
POL-102084,CUST-52479,Commercial,Central,Broker,2022-04-06,2023-01-11,0.724,1371.68,0,0.0,20.0,9
POL-102085,CUST-51351,Motor,Central,Online,2023-04-24,2024-04-02,0.818,664.71,0,0.0,60.0,3
POL-102086,CUST-51249,Home,East,Agent,2023-06-20,2024-03-09,0.809,527.07,0,0.0,22.0,3
POL-102087,CUST-51374,Motor,North,Agent,2023-04-29,2023-12-06,0.454,346.29,0,0.0,34.0,5
POL-102088,CUST-50758,Home,South,Agent,2022-08-11,2023-03-04,0.386,260.31,0,0.0,69.0,13
POL-102089,CUST-52488,Home,West,Agent,2022-01-15,2022-09-13,0.496,280.57,0,0.0,52.0,1
POL-102090,CUST-52014,Motor,South,Broker,2023-10-10,2024-08-06,0.61,656.48,0,0.0,49.0,12
POL-102091,CUST-52858,Liability,West,Agent,2022-08-27,2023-05-21,0.68,683.12,0,0.0,63.0,16
POL-102092,CUST-50294,Commercial,West,Broker,2023-08-11,2024-04-25,0.878,1515.34,0,0.0,61.0,2
POL-102093,CUST-52140,Motor,East,Online,2022-05-25,2023-02-18,0.827,921.47,0,0.0,68.0,19
POL-102094,CUST-50242,Commercial,North,Direct,2022-04-29,2023-04-25,0.757,998.67,0,0.0,55.0,19
POL-102095,CUST-50264,Commercial,East,Direct,2023-07-23,2024-07-22,0.448,737.6,0,0.0,43.0,5
POL-102096,CUST-52536,Motor,West,Direct,2023-11-18,2024-06-15,0.609,668.84,0,0.0,25.0,2
POL-102097,CUST-51013,Home,North,Direct,2023-09-21,2024-04-09,0.502,425.0,0,0.0,39.0,6
POL-102098,CUST-50947,Commercial,Central,Broker,2023-07-03,2024-02-13,0.426,502.9,0,0.0,58.0,5
POL-102099,CUST-50568,Liability,North,Broker,2022-06-30,2023-06-03,0.258,297.59,0,0.0,32.0,5
POL-102100,CUST-50325,Motor,East,Agent,2023-10-29,2024-07-20,0.505,431.25,0,0.0,56.0,18
POL-102101,CUST-51989,Home,East,Agent,2023-05-03,2024-04-07,0.442,246.6,0,0.0,25.0,3
POL-102102,CUST-51570,Commercial,West,Broker,2022-05-06,2023-03-02,0.679,797.89,0,0.0,21.0,6
POL-102103,CUST-51794,Liability,South,Broker,2022-04-05,2023-01-12,0.297,323.01,0,0.0,38.0,15
POL-102104,CUST-50462,Motor,South,Agent,2023-09-28,2024-05-17,0.453,359.58,0,0.0,31.0,1
POL-102105,CUST-52947,Home,Central,Agent,2022-07-20,2023-03-20,0.284,205.58,0,0.0,67.0,1
POL-102106,CUST-50023,Commercial,South,Direct,2023-07-14,2024-02-06,0.731,950.45,0,0.0,39.0,6
POL-102107,CUST-51343,Motor,West,Agent,2022-04-12,2023-01-13,0.676,402.46,0,0.0,41.0,19
POL-102108,CUST-51565,Motor,South,Broker,2022-07-24,2023-03-13,0.503,-528.9,0,0.0,40.0,16
POL-102109,CUST-50316,Home,North,Agent,2022-07-26,2023-03-17,0.361,181.95,0,0.0,36.0,18
POL-102110,CUST-51736,Home,East,Agent,2022-07-25,2023-01-28,0.968,526.19,1,11630.79,70.0,17
POL-102111,CUST-51795,Commercial,South,Direct,2023-05-08,2024-03-31,0.688,862.67,0,0.0,60.0,2
POL-102112,CUST-51591,Motor,South,Agent,2023-10-30,2024-10-18,0.759,606.16,0,0.0,27.0,8
POL-102113,CUST-51100,Commercial,Central,Agent,2023-10-27,2024-07-25,0.649,978.45,0,0.0,30.0,10
POL-102114,CUST-52789,Motor,West,Online,2023-06-26,2024-03-31,0.855,922.04,0,0.0,22.0,3
POL-102115,CUST-50533,Commercial,South,Broker,2022-05-28,2023-05-15,0.922,1544.33,0,0.0,32.0,19
POL-102116,CUST-52232,Motor,East,Direct,2023-12-03,2024-09-03,0.537,366.16,0,0.0,55.0,12
POL-102117,CUST-51112,Motor,West,Direct,2023-01-31,2023-11-22,0.768,540.89,0,0.0,71.0,17
POL-102118,CUST-51161,Liability,North,Agent,2023-02-03,2023-10-20,0.422,534.71,0,0.0,45.0,5
POL-102119,CUST-50714,Commercial,North,Broker,2023-05-28,2024-02-27,0.739,937.5,0,0.0,22.0,14
POL-102120,CUST-52023,Motor,East,Broker,2023-07-16,2024-04-18,0.549,398.09,0,0.0,20.0,2
POL-102121,CUST-50591,Motor,Central,Agent,2023-11-27,2024-10-04,0.255,152.27,0,0.0,41.0,0
POL-102122,CUST-51118,Home,Central,Agent,2023-03-02,2023-12-19,0.967,744.54,0,0.0,33.0,12
POL-102123,CUST-51450,Liability,East,Direct,2023-03-22,2023-12-20,0.901,1074.51,0,0.0,50.0,1
POL-102124,CUST-50029,Motor,West,Agent,2023-06-29,2024-01-09,0.468,375.26,0,0.0,24.0,5
POL-102125,CUST-52430,Liability,East,Agent,2022-07-06,2023-06-19,0.998,689.64,0,0.0,31.0,15
POL-102126,CUST-50994,Motor,Central,Broker,2022-08-13,2023-07-24,0.488,518.46,0,0.0,49.0,9
POL-102127,CUST-52656,Commercial,East,Broker,2023-04-02,2023-11-02,0.594,662.82,0,0.0,34.0,7
POL-102128,CUST-51945,Motor,Central,Direct,2022-02-16,2022-10-08,0.888,771.65,0,0.0,38.0,5
POL-102129,CUST-50780,Motor,South,Agent,2022-08-22,2023-08-18,0.478,523.36,0,0.0,30.0,13
POL-102130,CUST-51986,Liability,Central,Direct,2023-06-09,2024-02-03,0.588,501.9,0,0.0,20.0,19
POL-102131,CUST-51345,Motor,West,Online,2023-12-14,2024-11-09,0.749,614.86,0,0.0,37.0,14
POL-102132,CUST-51459,Liability,West,Broker,2023-01-15,2023-12-07,0.348,396.49,0,0.0,36.0,7
POL-102133,CUST-52528,Motor,North,Online,2022-10-19,2023-09-24,0.567,564.47,0,0.0,69.0,8
POL-102134,CUST-51923,Motor,Central,Broker,2022-11-18,2023-05-19,0.482,419.49,0,0.0,68.0,2
POL-102135,CUST-52966,Liability,North,Agent,2023-05-16,2024-02-09,0.758,745.53,0,0.0,42.0,2
POL-102136,CUST-52784,Home,Central,Broker,2023-02-02,2023-11-14,0.352,216.86,1,7758.96,34.0,5
POL-102137,CUST-52549,Motor,North,Broker,2022-01-17,2022-12-18,0.425,375.78,0,0.0,41.0,7
POL-102138,CUST-51397,Home,Central,Online,2023-01-29,2023-09-07,0.784,458.2,0,0.0,52.0,19
POL-102139,CUST-51482,Motor,West,Agent,2022-10-20,2023-06-14,0.367,274.36,0,0.0,40.0,17
POL-102140,CUST-52646,Commercial,South,Agent,2023-05-27,2023-12-26,0.567,757.39,0,0.0,61.0,2
POL-102141,CUST-52610,Motor,Central,Online,2023-10-01,2024-08-17,0.785,690.23,0,0.0,72.0,6
POL-102142,CUST-51111,Home,South,Agent,2023-12-04,2024-12-03,0.824,494.28,0,0.0,40.0,1
POL-102143,CUST-52119,Motor,North,Direct,2023-03-22,2023-10-14,0.321,302.83,1,695.26,24.0,1
POL-102144,CUST-51798,Home,North,Agent,2022-09-22,2023-05-03,0.889,629.34,0,0.0,24.0,7
POL-102145,CUST-50340,Liability,Central,Online,2022-11-21,2023-07-16,0.793,1085.9,0,0.0,67.0,19
POL-102146,CUST-50370,Commercial,South,Agent,2022-05-09,2023-04-19,0.504,826.26,0,0.0,41.0,3
POL-102147,CUST-50252,Motor,Central,Direct,2023-11-15,2024-08-03,0.823,849.42,0,0.0,36.0,13
POL-102148,CUST-50768,Motor,North,Broker,2023-09-11,2024-04-30,0.796,520.05,1,4025.88,53.0,7
POL-102149,CUST-52808,Motor,North,Online,2023-09-16,2024-05-12,0.701,734.27,0,0.0,72.0,10
POL-102150,CUST-50951,Commercial,Central,Online,2022-08-28,2023-06-15,0.669,1024.6,0,0.0,42.0,17
POL-102151,CUST-52773,Motor,North,Direct,2022-08-24,2023-05-02,0.801,,0,0.0,35.0,16
POL-102152,CUST-51321,Home,West,Agent,2023-09-18,2024-04-11,0.999,854.52,0,0.0,67.0,16
POL-102153,CUST-51375,Motor,South,Broker,2023-02-02,2023-12-31,0.684,500.73,0,0.0,22.0,8
POL-102154,CUST-50767,Liability,East,Online,2023-05-30,2024-02-12,0.857,1133.87,0,0.0,66.0,0
POL-102155,CUST-51985,Home,North,Direct,2022-12-24,2023-08-08,0.808,586.2,0,0.0,47.0,19
POL-102156,CUST-51767,Home,South,Online,2022-11-20,2023-10-01,0.892,673.26,0,0.0,19.0,19
POL-102157,CUST-50914,Liability,West,Direct,2023-04-07,2024-02-19,0.966,975.7,0,0.0,30.0,17
POL-102158,CUST-52354,Liability,East,Agent,2023-08-17,2024-03-12,0.395,367.11,0,0.0,56.0,9
POL-102159,CUST-52104,Home,East,Agent,2022-09-01,2023-03-13,0.374,292.17,0,0.0,60.0,5
POL-102160,CUST-52133,Commercial,Central,Agent,2023-08-14,2024-02-18,0.69,715.74,0,0.0,29.0,3
POL-102161,CUST-51338,Home,East,Direct,2022-06-28,2023-05-16,0.587,392.48,0,0.0,55.0,7
POL-102162,CUST-51941,Motor,Central,Broker,2022-10-22,2023-08-14,0.678,433.19,0,0.0,74.0,6
POL-102163,CUST-51045,Motor,West,Agent,2023-10-29,2024-09-20,0.849,633.79,0,0.0,57.0,5
POL-102164,CUST-52998,Commercial,East,Direct,2023-11-28,2024-09-19,0.949,1661.77,0,0.0,58.0,19
POL-102165,CUST-51321,Commercial,South,Agent,2023-11-06,2024-07-17,0.563,1002.74,0,0.0,29.0,13
POL-102166,CUST-50822,Motor,South,Broker,2022-08-19,2023-06-04,0.788,885.7,0,0.0,54.0,4
POL-102167,CUST-51366,Motor,Central,Broker,2023-09-08,2024-07-18,0.398,406.23,0,0.0,58.0,12
POL-102168,CUST-52824,Commercial,South,Broker,2023-11-15,2024-07-26,0.651,1106.61,0,0.0,24.0,14
POL-102169,CUST-52828,Motor,West,Agent,2023-12-16,2024-11-30,0.266,307.85,0,0.0,35.0,10
POL-102170,CUST-51066,Home,North,Direct,2022-01-16,2022-12-29,0.628,419.02,0,0.0,68.0,18
POL-102171,CUST-52654,Commercial,South,Online,2023-06-28,2024-05-21,0.659,1106.26,1,3795.54,74.0,19
POL-102172,CUST-50917,Motor,Central,Direct,2023-12-29,2024-12-27,0.802,891.42,0,0.0,27.0,8
POL-102173,CUST-50583,Motor,East,Online,2023-07-13,2024-03-21,0.737,773.41,0,0.0,59.0,9
POL-102174,CUST-50664,Motor,Central,Agent,2022-06-20,2023-01-07,0.519,546.56,0,0.0,46.0,4
POL-102175,CUST-50835,Motor,South,Agent,2023-07-11,2024-04-06,0.254,232.25,0,0.0,51.0,15
POL-102176,CUST-50878,Home,West,Agent,2022-03-18,2023-01-30,0.337,223.46,0,0.0,47.0,18
POL-102177,CUST-50898,Commercial,Central,Direct,2022-12-17,2023-11-06,0.98,1639.97,0,0.0,67.0,13
POL-102178,CUST-51149,Commercial,Central,Agent,2023-04-03,2023-12-11,0.942,1625.94,0,0.0,43.0,4
POL-102179,CUST-50034,Motor,East,Online,2022-11-30,2023-07-22,0.494,454.45,0,0.0,51.0,10
POL-102180,CUST-51132,Commercial,West,Broker,2023-05-26,2024-02-12,0.444,534.24,0,0.0,56.0,15
POL-102181,CUST-51591,Motor,Central,Online,2022-06-25,2023-05-20,0.577,428.6,0,0.0,49.0,0
POL-102182,CUST-51202,Commercial,Central,Broker,2023-03-19,2023-09-26,0.767,1162.37,0,0.0,68.0,11
POL-102183,CUST-51448,Motor,Central,Direct,2023-04-16,2023-12-13,0.518,371.1,0,0.0,31.0,13
POL-102184,CUST-50675,Home,North,Broker,2023-04-08,2023-11-16,0.3,185.34,0,0.0,72.0,10
POL-102185,CUST-50373,Home,East,Broker,2022-07-31,2023-06-25,0.552,274.82,0,0.0,56.0,12
POL-102186,CUST-52700,Motor,West,Direct,2022-08-11,2023-05-05,0.445,303.49,0,0.0,72.0,17
POL-102187,CUST-52970,Liability,West,Agent,2022-07-08,2023-01-20,0.494,624.64,0,0.0,39.0,2
POL-102188,CUST-51223,Motor,North,Online,2022-12-04,2023-07-20,0.372,341.36,0,0.0,45.0,11
POL-102189,CUST-52283,Motor,East,Direct,2023-03-04,2023-09-08,0.744,788.16,0,0.0,20.0,15
POL-102190,CUST-50421,Home,North,Direct,2022-09-22,2023-06-17,0.645,283.16,0,0.0,70.0,16
POL-102191,CUST-50549,Home,North,Agent,2022-10-27,2023-10-27,0.453,252.76,0,0.0,64.0,9
POL-102192,CUST-51559,Motor,North,Agent,2022-07-29,2023-05-10,0.665,402.67,0,0.0,34.0,19
POL-102193,CUST-52115,Motor,Central,Agent,2022-06-09,2023-05-16,0.62,370.15,0,0.0,20.0,6
POL-102194,CUST-52104,Motor,South,Direct,2023-04-25,2024-03-08,0.847,520.1,0,0.0,57.0,8
POL-102195,CUST-51021,Commercial,East,Agent,2023-08-19,2024-07-28,0.967,1493.38,0,0.0,56.0,16
POL-102196,CUST-52629,Home,South,Online,2022-08-01,2023-03-26,0.348,164.75,0,0.0,48.0,8
POL-102197,CUST-51898,Motor,Central,Online,2023-09-21,2024-09-11,0.913,976.94,0,0.0,26.0,6
POL-102198,CUST-50950,Motor,Central,Agent,2023-02-21,2023-10-03,0.779,702.76,0,0.0,70.0,11
POL-102199,CUST-51411,Liability,West,Direct,2022-05-03,2023-01-19,0.769,656.97,0,0.0,42.0,12
POL-102200,CUST-50894,Commercial,Central,Agent,2022-09-25,2023-07-28,0.531,990.97,0,0.0,59.0,19
POL-102201,CUST-50416,Motor,North,Agent,2022-01-06,2022-08-27,0.508,456.3,0,0.0,66.0,12
POL-102202,CUST-50017,Home,Central,Agent,2022-01-29,2022-09-15,0.254,148.91,0,0.0,49.0,3
POL-102203,CUST-51380,Motor,East,Online,2022-09-03,2023-03-26,0.987,920.8,0,0.0,23.0,1
POL-102204,CUST-50018,Motor,East,Online,2022-11-28,2023-05-27,0.705,701.62,1,2217.76,68.0,19
POL-102205,CUST-52885,Commercial,North,Agent,2023-08-06,2024-05-05,0.552,873.37,0,0.0,56.0,8
POL-102206,CUST-52632,Commercial,Central,Agent,2022-04-09,2023-04-07,0.658,1290.85,0,0.0,68.0,4
POL-102207,CUST-52244,Motor,North,Broker,2023-09-05,2024-04-12,0.28,225.57,0,0.0,52.0,4
POL-102208,CUST-52250,Commercial,Central,Broker,2022-06-21,2023-03-09,0.38,543.82,0,0.0,69.0,2
POL-102209,CUST-51879,Commercial,West,Agent,2022-04-11,2023-03-31,0.718,1354.68,0,0.0,67.0,3
POL-102210,CUST-52197,Commercial,West,Online,2023-05-26,2024-04-13,0.636,1057.06,0,0.0,30.0,15
POL-102211,CUST-52530,Commercial,North,Online,2023-07-20,2024-01-16,0.84,1676.44,0,0.0,27.0,13
POL-102212,CUST-51537,Home,West,Broker,2023-03-18,2023-12-16,0.744,578.68,0,0.0,27.0,11
POL-102213,CUST-52486,Liability,Central,Online,2022-03-26,2022-10-18,0.701,727.55,0,0.0,63.0,0
POL-102214,CUST-50712,Motor,South,Direct,2022-03-26,2022-11-06,0.861,837.46,0,0.0,31.0,13
POL-102215,CUST-52664,Home,East,Broker,2022-10-12,2023-05-25,0.301,183.68,0,0.0,43.0,19
POL-102216,CUST-52119,Motor,North,Online,2022-11-25,2023-09-14,0.768,515.29,0,0.0,62.0,18
POL-102217,CUST-50326,Commercial,East,Broker,2023-12-30,2024-08-03,0.787,1124.01,0,0.0,42.0,7
POL-102218,CUST-50545,Motor,West,Broker,2022-07-29,2023-03-12,0.456,347.69,0,0.0,21.0,12
POL-102219,CUST-50388,Motor,South,Agent,2022-05-21,2022-12-28,0.397,396.39,1,4808.92,38.0,5
POL-102220,CUST-50727,Commercial,West,Direct,2023-11-22,2024-07-25,0.41,694.64,0,0.0,23.0,17
POL-102221,CUST-52396,Motor,North,Agent,2022-04-23,2023-02-19,0.399,459.94,0,0.0,39.0,18
POL-102222,CUST-52479,Motor,West,Agent,2022-01-20,2022-10-01,0.643,412.98,0,0.0,59.0,4
POL-102223,CUST-52986,Motor,East,Broker,2022-11-05,2023-07-03,0.352,307.37,0,0.0,47.0,9
POL-102224,CUST-50386,Commercial,South,Broker,2022-10-20,2023-07-23,0.744,1056.2,0,0.0,56.0,4
POL-102225,CUST-51687,Motor,South,Agent,2023-03-29,2024-01-17,0.329,299.0,0,0.0,24.0,12
POL-102226,CUST-52464,Motor,South,Agent,2023-10-03,2024-04-02,0.27,179.86,0,0.0,60.0,5
POL-102227,CUST-52892,Home,West,Online,2023-11-13,2024-10-23,0.489,316.52,0,0.0,42.0,13
POL-102228,CUST-50294,Liability,West,Broker,2022-07-31,2023-07-16,0.394,447.86,0,0.0,34.0,19
POL-102229,CUST-51988,Commercial,East,Broker,2023-12-17,2024-10-04,0.991,1321.49,0,0.0,55.0,17
POL-102230,CUST-50239,Motor,North,Online,2023-04-07,2024-01-18,0.477,468.42,0,0.0,25.0,3
POL-102231,CUST-50255,Commercial,South,Online,2022-02-20,2022-12-26,0.417,535.7,0,0.0,46.0,2
POL-102232,CUST-52504,Commercial,Central,Agent,2023-11-17,2024-08-05,0.398,553.16,0,0.0,42.0,16
POL-102233,CUST-52778,Commercial,East,Broker,2022-04-11,2022-12-14,0.53,1026.03,0,0.0,27.0,1
POL-102234,CUST-50556,Home,East,Agent,2023-03-06,2023-11-06,0.704,313.19,0,0.0,72.0,8
POL-102235,CUST-52517,Motor,South,Broker,2023-08-01,2024-02-26,0.836,633.13,0,0.0,38.0,19
POL-102236,CUST-52734,Commercial,Central,Direct,2022-07-02,2023-06-03,0.523,1027.57,0,0.0,20.0,8
POL-102237,CUST-51607,Home,South,Agent,2022-07-17,2023-03-13,0.719,357.93,0,0.0,43.0,0
POL-102238,CUST-50514,Motor,West,Broker,2022-12-14,2023-08-03,0.612,508.85,0,0.0,73.0,19
POL-102239,CUST-52231,Motor,West,Agent,2023-10-08,2024-10-01,0.885,765.69,0,0.0,56.0,14
POL-102240,CUST-51645,Motor,South,Broker,2022-06-13,2023-03-14,0.677,665.71,0,0.0,54.0,6
POL-102241,CUST-51054,Home,North,Agent,2023-04-30,2024-02-19,0.467,326.67,0,0.0,69.0,12
POL-102242,CUST-52595,Motor,South,Online,2022-11-27,2023-07-10,0.778,753.04,0,0.0,22.0,12
POL-102243,CUST-51847,Home,South,Broker,2022-03-23,2022-11-09,0.865,728.45,0,0.0,49.0,11
POL-102244,CUST-50792,Commercial,West,Agent,2023-06-03,2024-04-13,0.599,846.79,0,0.0,36.0,19
POL-102245,CUST-51239,Motor,East,Direct,2023-08-31,2024-05-20,0.99,877.57,0,0.0,56.0,15
POL-102246,CUST-50927,Motor,East,Agent,2023-02-25,2023-09-20,0.909,1062.23,0,0.0,66.0,5
POL-102247,CUST-51581,Motor,East,Broker,2022-05-09,2023-04-09,0.398,267.16,0,0.0,22.0,19
POL-102248,CUST-50813,Motor,Central,Broker,2022-04-24,2023-01-03,0.84,973.72,0,0.0,27.0,19
POL-102249,CUST-51909,Commercial,Central,Agent,2022-11-06,2023-09-06,0.701,1386.23,0,0.0,72.0,0
POL-102250,CUST-51344,Home,North,Agent,2023-01-05,2023-09-05,0.651,551.92,0,0.0,46.0,5
POL-102251,CUST-50161,Commercial,Central,Agent,2023-02-08,2023-11-19,0.635,687.73,0,0.0,35.0,12
POL-102252,CUST-50016,Liability,South,Direct,2022-06-27,2023-05-17,0.89,963.17,0,0.0,26.0,17
POL-102253,CUST-50288,Motor,West,Direct,2023-01-01,2023-12-11,0.708,774.35,0,0.0,38.0,14
POL-102254,CUST-50481,Home,Central,Agent,2022-08-04,2023-03-10,0.653,372.31,0,0.0,18.0,11
POL-102255,CUST-50247,Home,East,Agent,2023-05-16,2024-03-16,0.287,198.12,0,0.0,30.0,6
POL-102256,CUST-51984,Home,West,Online,2023-08-05,2024-07-20,0.586,319.54,0,0.0,28.0,1
POL-102257,CUST-51784,Motor,East,Agent,2023-04-22,2024-02-15,0.931,625.74,0,0.0,22.0,17
POL-102258,CUST-50062,Motor,North,Agent,2022-01-01,2022-07-26,0.784,864.04,0,0.0,73.0,10
POL-102259,CUST-51238,Home,North,Direct,2023-12-26,2024-07-28,0.288,247.64,0,0.0,63.0,9
POL-102260,CUST-50881,Home,South,Agent,2022-01-18,2022-08-23,0.913,423.88,0,0.0,71.0,19
POL-102261,CUST-51500,Motor,Central,Online,2023-12-31,2024-07-17,0.87,580.45,0,0.0,31.0,3
POL-102262,CUST-51755,Motor,South,Agent,2022-01-24,2022-12-10,0.66,623.85,0,0.0,34.0,5
POL-102263,CUST-51500,Home,East,Online,2023-01-13,2024-01-07,0.267,125.88,0,0.0,34.0,17
POL-102264,CUST-51196,Commercial,East,Broker,2022-03-19,2022-12-20,0.672,1112.59,0,0.0,49.0,5
POL-102265,CUST-50121,Home,South,Agent,2022-03-11,2022-12-27,0.291,217.16,0,0.0,28.0,18
POL-102266,CUST-52377,Motor,East,Broker,2023-05-14,2024-04-01,0.49,412.44,0,0.0,31.0,17
POL-102267,CUST-52388,Motor,West,Online,2023-06-16,2024-02-28,0.722,754.46,0,0.0,73.0,1
POL-102268,CUST-52578,Commercial,Central,Broker,2022-03-28,2022-12-20,0.935,1056.86,0,0.0,38.0,9
POL-102269,CUST-52102,Commercial,West,Agent,2023-12-14,2024-09-28,0.518,684.15,0,0.0,62.0,15
POL-102270,CUST-50982,Motor,Central,Online,2022-08-22,2023-04-15,0.895,962.61,0,0.0,31.0,9
POL-102271,CUST-52063,Home,East,Agent,2022-08-21,2023-02-28,0.939,443.53,0,0.0,71.0,4
POL-102272,CUST-52704,Motor,West,Agent,2022-08-05,2023-05-17,0.266,203.39,0,0.0,57.0,0
POL-102273,CUST-50102,Home,North,Agent,2022-12-03,2023-10-31,0.43,302.54,0,0.0,67.0,0
POL-102274,CUST-51521,Motor,North,Online,2022-05-10,2022-11-19,0.782,580.4,0,0.0,47.0,3
POL-102275,CUST-51955,Home,Central,Agent,2022-11-07,2023-06-15,0.818,525.73,0,0.0,69.0,5
POL-102276,CUST-52955,Liability,West,Agent,2022-06-03,2023-01-17,0.544,685.61,0,0.0,38.0,6
POL-102277,CUST-51501,Motor,North,Online,2022-02-07,2023-01-02,0.743,561.3,0,0.0,45.0,17
POL-102278,CUST-52638,Motor,East,Direct,2022-09-27,2023-06-27,0.709,605.72,0,0.0,21.0,10
POL-102279,CUST-52281,Motor,Central,Agent,2023-05-06,2024-02-09,0.805,487.72,0,0.0,27.0,2
POL-102280,CUST-52369,Motor,North,Broker,2023-07-12,2024-05-07,0.789,802.0,0,0.0,61.0,1
POL-102281,CUST-50290,Liability,East,Agent,2022-09-15,2023-05-04,0.314,291.89,0,0.0,36.0,2
POL-102282,CUST-51512,Liability,Central,Broker,2022-08-25,2023-07-03,0.369,470.84,0,0.0,23.0,6
POL-102283,CUST-52240,Motor,Central,Agent,2023-07-29,2024-01-30,0.35,226.69,0,0.0,34.0,14
POL-102284,CUST-50374,Liability,South,Direct,2023-05-13,2023-11-30,0.949,1160.26,0,0.0,38.0,0
POL-102285,CUST-52885,Motor,Central,Direct,2023-08-31,2024-07-27,0.935,1009.06,0,0.0,58.0,8
POL-102286,CUST-52052,Home,West,Agent,2023-10-24,2024-08-21,0.848,653.65,0,0.0,23.0,8
POL-102287,CUST-52552,Home,East,Agent,2023-08-23,2024-03-22,0.338,254.42,0,0.0,19.0,2
POL-102288,CUST-51898,Motor,West,Broker,2023-11-15,2024-08-02,0.681,501.55,0,0.0,59.0,1
POL-102289,CUST-52682,Home,Central,Direct,2022-11-01,2023-05-09,0.39,239.8,0,0.0,26.0,4
POL-102290,CUST-52700,Home,South,Direct,2022-10-16,2023-08-16,0.526,316.39,0,0.0,41.0,3
POL-102291,CUST-50227,Motor,North,Direct,2022-08-23,2023-07-09,0.45,332.29,0,0.0,56.0,15
POL-102292,CUST-52811,Liability,West,Online,2022-06-21,2023-02-07,0.872,892.32,0,0.0,47.0,18
POL-102293,CUST-51588,Motor,North,Online,2023-07-01,2024-03-02,0.358,361.59,0,0.0,25.0,12
POL-102294,CUST-51466,Motor,West,Online,2023-06-06,2024-01-16,0.735,646.68,0,0.0,59.0,15
POL-102295,CUST-50739,Liability,South,Direct,2023-08-09,2024-04-17,0.988,1338.23,0,0.0,20.0,15
POL-102296,CUST-51212,Motor,West,Agent,2022-05-03,2022-12-19,0.765,777.78,0,0.0,31.0,17
POL-102297,CUST-51634,Motor,West,Direct,2022-12-25,2023-08-07,0.309,265.25,0,0.0,24.0,1
POL-102298,CUST-51598,Motor,North,Agent,2022-06-12,2023-02-27,0.931,777.72,0,0.0,47.0,19
POL-102299,CUST-52119,Motor,North,Agent,2023-10-14,2024-09-17,0.732,689.72,1,2949.2,57.0,9
POL-102300,CUST-52037,Motor,West,Agent,2022-07-15,2023-06-01,0.592,504.32,0,0.0,55.0,10
POL-102301,CUST-52240,Motor,East,Broker,2022-04-16,2022-12-07,0.745,541.65,0,0.0,25.0,15
POL-102302,CUST-51735,Home,North,Direct,2023-02-21,2024-02-11,0.909,600.06,0,0.0,37.0,9
POL-102303,CUST-52974,Home,Central,Broker,2023-10-04,2024-05-10,0.608,441.38,0,0.0,26.0,5
POL-102304,CUST-52635,Commercial,South,Agent,2023-10-31,2024-10-14,0.648,893.48,0,0.0,37.0,0
POL-102305,CUST-52872,Liability,Central,Online,2022-03-12,2022-11-04,0.589,518.53,0,0.0,31.0,3
POL-102306,CUST-52172,Motor,North,Broker,2022-08-26,2023-06-02,0.304,220.2,0,0.0,60.0,1
POL-102307,CUST-50741,Liability,South,Agent,2022-04-23,2022-11-26,0.84,785.31,0,0.0,60.0,7
POL-102308,CUST-52893,Commercial,East,Agent,2022-08-13,2023-06-30,0.345,435.75,0,0.0,64.0,15
POL-102309,CUST-52746,Liability,East,Agent,2023-01-25,2023-09-21,0.546,660.38,0,0.0,29.0,6
POL-102310,CUST-50890,Commercial,West,Online,2022-07-24,2023-07-01,0.54,898.18,0,0.0,18.0,11
POL-102311,CUST-52652,Motor,North,Agent,2022-02-19,2022-09-02,0.46,352.23,0,0.0,20.0,3
POL-102312,CUST-51566,Motor,South,Online,2023-01-08,2023-10-08,0.552,654.2,0,0.0,66.0,11
POL-102313,CUST-52170,Liability,South,Agent,2022-02-08,2022-09-05,0.714,806.06,0,0.0,69.0,19
POL-102314,CUST-51026,Home,East,Direct,2022-06-15,2023-05-26,0.484,239.98,0,0.0,30.0,6
POL-102315,CUST-50772,Commercial,Central,Agent,2022-01-01,2022-09-15,0.379,703.72,0,0.0,67.0,9
POL-102316,CUST-51206,Commercial,East,Broker,2022-03-05,2023-01-04,0.902,1605.57,0,0.0,48.0,19
POL-102317,CUST-50564,Motor,Central,Broker,2022-11-15,2023-10-24,0.978,872.88,0,0.0,28.0,12
POL-102318,CUST-50423,Motor,South,Agent,2023-09-14,2024-06-19,0.594,435.94,0,0.0,35.0,7
POL-102319,CUST-51306,Liability,South,Online,2023-07-20,2024-01-26,0.495,614.92,0,0.0,33.0,2
POL-102320,CUST-52843,Motor,North,Direct,2022-03-14,2022-10-21,0.286,191.36,0,0.0,61.0,18
POL-102321,CUST-50117,Commercial,South,Agent,2022-01-26,2022-09-02,0.278,400.13,0,0.0,28.0,12
POL-102322,CUST-50981,Liability,South,Direct,2022-09-04,2023-08-20,0.545,679.44,0,0.0,28.0,1
POL-102323,CUST-50851,Motor,South,Agent,2023-04-22,2024-04-04,0.948,1016.12,1,6801.33,59.0,11
POL-102324,CUST-50623,Motor,West,Online,2023-06-30,2024-03-24,0.798,773.89,0,0.0,35.0,19
POL-102325,CUST-50220,Home,East,Broker,2023-08-24,2024-08-03,0.512,223.93,0,0.0,32.0,18
POL-102326,CUST-50527,Commercial,West,Agent,2022-09-07,2023-04-20,0.976,1320.64,0,0.0,64.0,3
POL-102327,CUST-51573,Home,North,Agent,2022-05-03,2023-03-05,0.572,460.05,0,0.0,71.0,8
POL-102328,CUST-51280,Motor,Central,Agent,2022-01-20,2022-09-29,0.458,469.09,0,0.0,49.0,19
POL-102329,CUST-51849,Motor,North,Online,2022-04-18,2022-11-28,0.57,614.06,0,0.0,65.0,15
POL-102330,CUST-52568,Motor,North,Agent,2022-02-17,2022-10-01,0.409,258.68,0,0.0,65.0,11
POL-102331,CUST-50333,Motor,East,Agent,2023-09-21,2024-06-05,0.914,1055.45,1,3324.74,51.0,6
POL-102332,CUST-50990,Motor,West,Online,2022-07-15,2023-03-15,0.521,381.0,0,0.0,65.0,15
POL-102333,CUST-52621,Commercial,South,Agent,2023-08-24,2024-03-30,0.743,1004.74,0,0.0,18.0,11
POL-102334,CUST-50707,Motor,North,Agent,2023-02-08,2023-10-08,0.542,593.57,0,0.0,20.0,10
POL-102335,CUST-50290,Commercial,Central,Direct,2023-01-29,2023-08-20,0.926,1321.69,0,0.0,68.0,18
POL-102336,CUST-50718,Liability,Central,Agent,2022-11-28,2023-11-23,0.732,825.07,0,0.0,26.0,7
POL-102337,CUST-51188,Home,West,Online,2023-08-22,2024-04-28,0.616,415.02,0,0.0,59.0,12
POL-102338,CUST-50767,Home,South,Broker,2022-02-01,2022-08-19,0.349,282.65,0,0.0,41.0,0
POL-102339,CUST-51502,Motor,East,Agent,2022-03-09,2022-12-21,0.926,636.99,0,0.0,62.0,14
POL-102340,CUST-50612,Home,West,Broker,2022-11-06,2023-10-16,0.66,,0,0.0,55.0,10
POL-102341,CUST-51746,Motor,East,Agent,2022-10-15,2023-06-18,0.464,450.66,0,0.0,22.0,17
POL-102342,CUST-52596,Motor,North,Broker,2023-02-03,2024-01-06,0.908,996.59,1,3128.9,37.0,6
POL-102343,CUST-50957,Home,Central,Broker,2023-06-23,2024-04-11,0.291,242.88,0,0.0,58.0,18
POL-102344,CUST-51627,Motor,Central,Direct,2023-03-05,2024-01-16,0.486,404.82,0,0.0,70.0,11
POL-102345,CUST-52139,Motor,North,Broker,2022-07-07,2023-02-27,0.653,674.05,0,0.0,63.0,4
POL-102346,CUST-50199,Home,West,Direct,2022-08-27,2023-03-01,0.505,304.82,0,0.0,68.0,3
POL-102347,CUST-51024,Home,Central,Agent,2023-07-04,2024-03-04,0.608,348.01,0,0.0,72.0,3
POL-102348,CUST-51902,Motor,East,Online,2022-05-28,2023-05-14,0.448,273.01,1,6185.75,68.0,6
POL-102349,CUST-50758,Motor,North,Agent,2023-01-04,2023-11-27,0.348,258.85,0,0.0,51.0,11
POL-102350,CUST-51235,Motor,West,Online,2023-01-29,2023-12-20,0.278,193.56,0,0.0,37.0,17
POL-102351,CUST-51359,Home,Central,Broker,2023-07-02,2024-06-09,0.368,202.61,0,0.0,46.0,19
POL-102352,CUST-52809,Home,South,Agent,2023-06-06,2024-02-10,0.965,539.73,0,0.0,63.0,13
POL-102353,CUST-50340,Motor,North,Broker,2022-12-06,2023-08-02,0.682,754.33,0,0.0,42.0,9
POL-102354,CUST-51902,Home,South,Online,2022-08-14,2023-08-01,0.617,322.24,0,0.0,65.0,12
POL-102355,CUST-52898,Liability,Central,Online,2022-09-26,2023-07-09,0.538,671.44,0,0.0,57.0,6
POL-102356,CUST-52716,Home,East,Direct,2022-10-28,2023-06-20,0.781,630.23,0,0.0,29.0,4
POL-102357,CUST-51650,Home,North,Broker,2022-06-10,2023-01-27,0.356,226.16,0,0.0,70.0,10
POL-102358,CUST-51164,Home,East,Broker,2023-04-02,2024-03-10,0.457,342.04,0,0.0,66.0,16
POL-102359,CUST-50432,Commercial,Central,Agent,2022-06-02,2022-12-08,0.742,993.08,0,0.0,52.0,1
POL-102360,CUST-50785,Liability,North,Direct,2023-04-19,2023-10-27,0.609,425.2,0,0.0,29.0,2
POL-102361,CUST-52388,Motor,East,Agent,2023-07-03,2024-05-15,0.828,842.28,0,0.0,30.0,3
POL-102362,CUST-50080,Motor,South,Online,2023-12-04,2024-06-01,0.923,882.22,0,0.0,65.0,4
POL-102363,CUST-52161,Motor,North,Direct,2022-03-28,2022-10-25,0.868,754.74,0,0.0,19.0,2
POL-102364,CUST-52788,Commercial,East,Broker,2023-07-09,2024-07-07,0.388,747.74,0,0.0,45.0,2
POL-102365,CUST-51291,Motor,West,Direct,2022-03-04,2022-11-18,0.319,327.84,0,0.0,53.0,0
POL-102366,CUST-52427,Liability,West,Agent,2022-09-04,2023-07-16,0.377,368.69,0,0.0,31.0,6
POL-102367,CUST-52951,Motor,North,Agent,2022-05-09,2023-02-03,0.838,525.23,0,0.0,67.0,14
POL-102368,CUST-52285,Home,North,Agent,2022-04-29,2022-11-11,0.935,761.3,0,0.0,47.0,3
POL-102369,CUST-51501,Motor,East,Agent,2022-05-09,2022-12-09,0.944,1114.73,0,0.0,21.0,6
POL-102370,CUST-51692,Home,South,Agent,2022-02-02,2022-12-20,0.474,336.25,0,0.0,36.0,19
POL-102371,CUST-50638,Motor,South,Direct,2023-08-24,2024-03-08,0.88,925.83,0,,40.0,3
POL-102372,CUST-50395,Commercial,East,Direct,2022-02-14,2022-12-01,0.652,996.66,0,0.0,30.0,19
POL-102373,CUST-52373,Home,West,Broker,2022-10-18,2023-06-19,0.867,465.32,0,0.0,71.0,10
POL-102374,CUST-51558,Motor,East,Online,2023-05-26,2024-01-29,0.661,752.01,0,0.0,38.0,14
POL-102375,CUST-52786,Commercial,Central,Online,2023-12-24,2024-12-15,0.359,615.21,0,0.0,46.0,6
POL-102376,CUST-52228,Liability,North,Agent,2023-09-16,2024-07-04,0.309,328.26,0,0.0,48.0,6
POL-102377,CUST-50787,Commercial,East,Broker,2022-04-11,2023-01-30,0.968,1652.68,0,0.0,30.0,7
POL-102378,CUST-52887,Commercial,East,Online,2023-12-23,2024-08-24,0.569,873.15,0,0.0,50.0,2
POL-102379,CUST-50020,Home,West,Agent,2023-04-23,2023-12-29,0.513,235.64,0,0.0,38.0,6
POL-102380,CUST-50286,Liability,East,Broker,2022-05-12,2023-03-15,0.517,588.9,0,0.0,18.0,17
POL-102381,CUST-51827,Home,Central,Online,2022-11-24,2023-05-30,0.534,232.97,0,0.0,41.0,0
POL-102382,CUST-51812,Liability,Central,Direct,2023-11-02,2024-06-13,0.959,802.83,0,0.0,51.0,11
POL-102383,CUST-52198,Commercial,West,Online,2022-10-14,2023-08-01,0.297,348.48,0,0.0,24.0,13
POL-102384,CUST-51941,Motor,South,Online,2022-05-15,2023-03-06,0.339,270.31,0,0.0,62.0,2
POL-102385,CUST-50782,Motor,South,Agent,2023-10-01,2024-04-15,0.842,956.05,1,2613.25,55.0,2
POL-102386,CUST-50445,Commercial,East,Direct,2023-11-27,2024-10-18,0.662,725.48,0,0.0,35.0,11
POL-102387,CUST-52890,Home,East,Online,2023-12-14,2024-09-19,0.346,203.83,0,0.0,51.0,4
POL-102388,CUST-51014,Home,North,Agent,2023-11-29,2024-07-10,0.276,210.77,0,0.0,35.0,19
POL-102389,CUST-50502,Liability,South,Agent,2023-09-30,2024-08-14,0.418,534.24,0,0.0,54.0,3
POL-102390,CUST-50207,Home,Central,Agent,2022-11-28,2023-11-27,0.446,336.05,0,0.0,26.0,2
POL-102391,CUST-52403,Motor,East,Direct,2022-05-21,2023-02-03,0.261,305.19,0,0.0,52.0,6
POL-102392,CUST-52534,Home,Central,Direct,2023-03-27,2023-11-14,0.412,303.24,0,0.0,21.0,6
POL-102393,CUST-52628,Motor,South,Online,2022-06-11,2023-02-01,0.804,834.68,0,0.0,18.0,3
POL-102394,CUST-52558,Home,Central,Agent,2022-12-12,2023-09-28,0.892,550.52,0,0.0,32.0,13
POL-102395,CUST-50512,Liability,Central,Direct,2023-04-24,2023-10-29,0.924,825.32,0,0.0,27.0,6
POL-102396,CUST-50043,Motor,South,Agent,2023-11-23,2024-08-18,0.542,471.44,0,0.0,45.0,10
POL-102397,CUST-51504,Commercial,West,Online,2022-07-31,2023-01-31,0.49,879.27,0,0.0,,4
POL-102398,CUST-51523,Commercial,Central,Broker,2022-07-03,2023-01-06,1.0,1675.02,0,0.0,31.0,1
POL-102399,CUST-50084,Motor,West,Direct,2023-06-21,2024-03-06,0.827,871.89,1,3152.04,23.0,1
POL-102400,CUST-52629,Commercial,Central,Agent,2022-01-05,2022-11-19,0.653,1078.76,0,0.0,68.0,1
POL-102401,CUST-51925,Commercial,North,Agent,2023-02-18,2024-01-28,0.441,775.76,0,0.0,59.0,17
POL-102402,CUST-52045,Home,North,Agent,2023-06-29,2024-01-11,0.491,246.27,0,0.0,30.0,5
POL-102403,CUST-51639,Motor,North,Online,2023-02-07,2023-09-20,0.637,501.69,0,0.0,24.0,6
POL-102404,CUST-52980,Motor,South,Agent,2022-10-08,2023-06-23,0.657,610.29,1,3411.5,66.0,11
POL-102405,CUST-52334,Home,West,Online,2023-08-28,2024-06-09,0.26,114.71,0,0.0,56.0,1
POL-102406,CUST-51734,Motor,Central,Agent,2022-09-28,2023-09-26,0.97,1103.68,0,0.0,68.0,12
POL-102407,CUST-51503,Motor,East,Broker,2023-06-03,2024-04-05,0.682,502.97,0,0.0,28.0,10
POL-102408,CUST-52504,Liability,East,Agent,2022-12-05,2023-09-11,0.692,516.73,0,0.0,38.0,15
POL-102409,CUST-51061,Commercial,Central,Agent,2022-01-20,2022-07-30,0.409,690.89,0,0.0,24.0,2
POL-102410,CUST-52583,Commercial,East,Broker,2023-01-23,2023-08-06,0.824,998.4,0,0.0,42.0,0
POL-102411,CUST-50410,Liability,East,Broker,2022-02-06,2022-09-02,0.803,860.4,0,0.0,27.0,15
POL-102412,CUST-50108,Motor,North,Broker,2023-11-11,2024-09-08,0.321,238.55,0,0.0,18.0,7
POL-102413,CUST-50153,Motor,South,Direct,2023-03-16,2023-11-12,0.696,482.84,0,0.0,46.0,1
POL-102414,CUST-51099,Home,West,Agent,2022-09-29,2023-05-11,0.744,560.22,0,0.0,73.0,11
POL-102415,CUST-51586,Motor,West,Broker,2022-12-21,2023-10-21,0.877,724.47,0,0.0,54.0,9
POL-102416,CUST-52688,Motor,East,Direct,2023-03-29,2024-02-23,0.405,379.4,0,0.0,61.0,19
POL-102417,CUST-52756,Commercial,West,Agent,2022-07-09,2023-03-27,0.908,1120.8,0,0.0,64.0,18
POL-102418,CUST-50093,Motor,West,Broker,2022-07-30,2023-07-09,0.596,550.52,1,3072.99,73.0,10
POL-102419,CUST-52298,Home,North,Agent,2022-11-02,2023-09-14,0.322,198.61,0,0.0,25.0,3
POL-102420,CUST-50603,Home,Central,Agent,2022-07-08,2023-05-17,0.329,150.1,0,0.0,32.0,14
POL-102421,CUST-51179,Home,West,Agent,2023-07-08,2024-06-13,0.398,298.25,0,0.0,53.0,4
POL-102422,CUST-52574,Motor,South,Broker,2022-03-17,2022-10-17,0.462,426.73,0,0.0,64.0,16
POL-102423,CUST-52951,Motor,South,Agent,2023-08-27,2024-07-13,0.622,713.29,0,0.0,62.0,12
POL-102424,CUST-52381,Commercial,Central,Online,2022-09-12,2023-09-05,0.812,1490.08,0,0.0,59.0,7
POL-102425,CUST-50552,Liability,South,Direct,2023-02-14,2024-02-13,0.39,420.34,0,0.0,35.0,19
POL-102426,CUST-50113,Home,North,Agent,2022-04-26,2023-02-07,0.994,449.97,0,0.0,38.0,10
POL-102427,CUST-52992,Motor,North,Broker,2022-10-09,2023-08-25,0.371,386.73,0,0.0,22.0,7
POL-102428,CUST-50706,Home,South,Agent,2023-07-05,2024-06-14,0.7,470.6,0,0.0,35.0,3
POL-102429,CUST-50690,Motor,West,Agent,2022-07-17,2023-06-20,0.947,1033.98,0,0.0,26.0,12
POL-102430,CUST-51565,Motor,East,Online,2022-04-07,2023-03-19,0.874,820.47,0,0.0,71.0,5
POL-102431,CUST-50504,Motor,West,Broker,2023-01-17,2023-12-17,0.736,438.81,0,0.0,23.0,3
POL-102432,CUST-51997,Motor,South,Agent,2022-04-29,2023-01-04,0.787,849.86,0,0.0,38.0,2
POL-102433,CUST-52574,Motor,South,Online,2022-08-18,2023-06-29,0.351,375.77,0,0.0,68.0,12
POL-102434,CUST-51038,Motor,East,Online,2022-11-25,2023-08-08,0.257,168.12,0,0.0,72.0,18
POL-102435,CUST-51406,Commercial,West,Broker,2023-02-16,2024-01-11,0.576,984.43,0,0.0,39.0,5
POL-102436,CUST-52699,Home,East,Direct,2023-04-12,2024-03-07,0.317,209.96,0,0.0,44.0,4
POL-102437,CUST-52675,Motor,West,Direct,2023-05-09,2024-04-26,0.518,490.03,0,0.0,47.0,12
POL-102438,CUST-50280,Motor,North,Direct,2023-09-09,2024-06-24,0.418,469.9,0,0.0,64.0,2
POL-102439,CUST-52244,Commercial,East,Broker,2022-02-18,2022-11-13,0.937,1188.41,0,0.0,61.0,1
POL-102440,CUST-50059,Motor,East,Online,2022-09-22,2023-04-20,0.91,548.58,0,0.0,47.0,12
POL-102441,CUST-50470,Motor,North,Broker,2022-01-01,2022-10-26,0.864,621.3,0,0.0,39.0,10
POL-102442,CUST-51881,Home,South,Agent,2022-01-07,2022-10-19,0.785,652.46,0,0.0,39.0,0
POL-102443,CUST-50365,Commercial,South,Agent,2022-06-04,2023-03-06,0.366,450.03,0,0.0,54.0,4
POL-102444,CUST-50552,Commercial,East,Broker,2023-03-13,2024-01-12,0.286,486.09,0,0.0,65.0,3
POL-102445,CUST-51340,Motor,North,Agent,2023-10-15,2024-09-17,0.74,788.0,0,0.0,22.0,13
POL-102446,CUST-51247,Motor,South,Agent,2023-07-19,2024-02-11,0.732,789.73,0,0.0,61.0,13
POL-102447,CUST-51684,Motor,Central,Broker,2023-04-17,2024-01-02,0.527,316.84,0,0.0,45.0,14
POL-102448,CUST-52761,Home,North,Online,2023-07-23,2024-06-01,0.605,265.04,0,0.0,26.0,1
POL-102449,CUST-51269,Motor,Central,Agent,2022-05-06,2023-04-03,0.617,730.2,0,0.0,23.0,16
POL-102450,CUST-50918,Motor,East,Agent,2023-09-06,2024-07-26,0.43,390.79,0,0.0,37.0,4
POL-102451,CUST-50635,Motor,North,Online,2023-10-12,2024-09-04,0.486,307.59,0,0.0,32.0,19
POL-102452,CUST-52630,Liability,East,Broker,2022-03-11,2023-02-13,0.564,397.28,0,0.0,23.0,17
POL-102453,CUST-50652,Motor,East,Direct,2022-12-10,2023-12-03,0.702,756.34,0,0.0,34.0,9
POL-102454,CUST-50012,Motor,South,Broker,2023-08-29,2024-06-17,0.967,1096.04,0,0.0,65.0,15
POL-102455,CUST-51529,Liability,South,Direct,2022-12-14,2023-07-28,0.654,683.95,0,0.0,58.0,13
POL-102456,CUST-52195,Commercial,West,Agent,2023-09-06,2024-06-16,0.798,1111.05,0,0.0,29.0,15
POL-102457,CUST-50042,Home,North,Broker,2023-11-14,2024-09-20,0.855,631.69,0,0.0,56.0,0
POL-102458,CUST-51909,Home,Central,Direct,2022-12-13,2023-06-29,0.335,148.65,0,0.0,43.0,1
POL-102459,CUST-51316,Motor,South,Agent,2022-02-13,2022-12-30,0.74,836.09,0,0.0,60.0,18
POL-102460,CUST-52329,Commercial,South,Agent,2022-09-06,2023-06-14,0.612,780.26,0,0.0,32.0,15
POL-102461,CUST-50099,Motor,North,Broker,2022-06-07,2023-05-27,0.679,481.13,0,0.0,21.0,12
POL-102462,CUST-52691,Liability,Central,Direct,2022-12-13,2023-07-20,0.279,250.88,0,0.0,35.0,6
POL-102463,CUST-52619,Motor,South,Broker,2023-03-04,2024-02-15,0.93,588.61,0,0.0,74.0,8
POL-102464,CUST-52059,Home,Central,Direct,2022-12-05,2023-08-25,0.965,581.96,0,0.0,49.0,7
POL-102465,CUST-51860,Home,South,Direct,2022-05-23,2023-03-05,0.253,188.28,0,0.0,21.0,8
POL-102466,CUST-52112,Motor,North,Agent,2022-08-08,2023-06-06,0.41,365.49,0,0.0,73.0,12
POL-102467,CUST-50480,Motor,East,Online,2023-05-12,2023-04-12,0.385,382.09,0,0.0,65.0,15
POL-102468,CUST-52690,Commercial,East,Online,2022-01-20,2023-01-03,0.836,1029.93,0,0.0,48.0,7
POL-102469,CUST-52305,Motor,East,Agent,2022-06-06,2023-01-03,0.699,581.39,1,6419.12,60.0,16
POL-102470,CUST-52265,Liability,Central,Broker,2023-10-14,2024-08-24,0.383,399.23,0,0.0,28.0,1
POL-102471,CUST-51477,Motor,East,Agent,2022-03-14,2023-03-10,0.86,804.68,0,0.0,51.0,16
POL-102472,CUST-50422,Home,West,Online,2022-10-30,2023-06-07,0.515,265.17,0,0.0,70.0,13
POL-102473,CUST-51532,Home,South,Broker,2022-06-01,2023-01-14,0.596,467.58,0,0.0,43.0,10
POL-102474,CUST-51634,Home,North,Broker,2022-03-18,2022-12-11,0.54,255.5,0,0.0,20.0,7
POL-102475,CUST-50768,Home,East,Online,2022-11-05,2023-09-15,0.641,305.54,0,0.0,61.0,7
POL-102476,CUST-52772,Commercial,East,Direct,2023-01-16,2024-01-09,0.61,773.75,0,0.0,59.0,7
POL-102477,CUST-51181,Home,East,Agent,2022-05-09,2023-04-02,0.456,327.39,0,0.0,60.0,18
POL-102478,CUST-52862,Home,West,Direct,2022-02-26,2023-01-19,0.568,265.51,0,0.0,54.0,0
POL-102479,CUST-52634,Home,Central,Direct,2022-04-09,2022-12-27,0.931,407.18,0,0.0,25.0,12
POL-102480,CUST-50224,Motor,North,Agent,2023-04-21,2024-02-15,0.627,549.22,0,0.0,24.0,19
POL-102481,CUST-50441,Motor,North,Broker,2023-09-21,2024-04-27,0.937,750.78,0,0.0,63.0,10
POL-102482,CUST-51177,Motor,South,Direct,2022-05-12,2023-02-02,0.663,456.32,0,0.0,66.0,12
POL-102483,CUST-51871,Home,East,Broker,2022-08-22,2023-03-25,0.827,594.34,0,0.0,22.0,11
POL-102484,CUST-50340,Liability,North,Online,2022-09-08,2023-03-12,0.47,529.23,0,0.0,51.0,10
POL-102485,CUST-50650,Motor,North,Broker,2022-09-21,2023-08-26,0.843,562.72,0,0.0,46.0,12
POL-102486,CUST-52568,Home,East,Direct,2022-06-28,2023-05-23,0.448,239.11,0,0.0,37.0,18
POL-102487,CUST-51334,Motor,South,Direct,2022-02-10,2022-11-12,0.265,215.22,0,0.0,54.0,14
POL-102488,CUST-51667,Home,Central,Agent,2023-01-19,2023-07-20,0.371,320.42,0,0.0,70.0,16
POL-102489,CUST-51599,Commercial,East,Agent,2022-09-18,2023-04-02,0.266,477.5,0,0.0,64.0,11
POL-102490,CUST-52907,Commercial,Central,Online,2022-09-07,2023-03-26,0.96,1302.93,0,0.0,26.0,15
POL-102491,CUST-50365,Commercial,West,Direct,2022-07-13,2023-05-22,1.0,1994.92,0,0.0,44.0,17
POL-102492,CUST-51563,Commercial,East,Broker,2023-11-10,2024-06-14,0.822,1213.89,0,0.0,71.0,4
POL-102493,CUST-50235,Motor,Central,Agent,2023-03-22,2023-11-03,0.331,271.85,0,0.0,31.0,17
POL-102494,CUST-50139,Home,Central,Agent,2022-11-02,2023-10-08,0.924,779.69,0,0.0,66.0,13
POL-102495,CUST-51452,Motor,East,Agent,2022-05-30,2023-05-08,0.808,834.68,0,0.0,45.0,8
POL-102496,CUST-52710,Liability,Central,Broker,2023-08-08,2024-06-24,0.499,529.85,0,0.0,47.0,15
POL-102497,CUST-51228,Commercial,South,Broker,2023-10-11,2024-06-04,0.627,1018.69,0,0.0,32.0,3
POL-102498,CUST-52151,Motor,South,Agent,2022-01-24,2022-11-07,0.746,875.67,0,0.0,70.0,13
POL-102499,CUST-52762,Motor,West,Direct,2023-11-10,2024-06-14,0.268,183.84,0,0.0,48.0,11
POL-102500,CUST-50018,Home,West,Online,2023-05-26,2024-04-29,0.626,365.99,0,0.0,50.0,17
POL-102501,CUST-52093,Liability,South,Online,2022-03-14,2022-09-25,0.799,778.88,0,0.0,44.0,12
POL-102502,CUST-52695,Motor,West,Online,2023-07-04,2024-05-17,0.391,461.73,0,0.0,23.0,10
POL-102503,CUST-52690,Home,East,Broker,2022-03-20,2022-12-20,0.583,274.32,0,0.0,62.0,10
POL-102504,CUST-52207,Motor,East,Broker,2022-02-07,2022-12-24,0.649,429.27,0,0.0,36.0,11
POL-102505,CUST-52784,Home,Central,Broker,2022-03-26,2022-12-14,0.802,499.61,0,0.0,31.0,17
POL-102506,CUST-51805,Home,North,Agent,2022-12-02,2023-06-29,0.973,493.75,0,0.0,62.0,15
POL-102507,CUST-50057,Motor,East,Online,2023-03-29,2024-02-11,0.886,888.19,0,0.0,29.0,1
POL-102508,CUST-52946,Commercial,South,Direct,2022-10-25,2023-08-18,0.716,988.86,0,0.0,56.0,10
POL-102509,CUST-52639,Motor,East,Direct,2022-03-31,2022-12-22,0.688,755.76,0,0.0,45.0,5
POL-102510,CUST-50570,Commercial,North,Agent,2022-05-26,2023-01-30,0.702,1245.94,0,0.0,63.0,3
POL-102511,CUST-52875,Motor,North,Agent,2023-09-15,2024-05-15,0.659,576.71,0,0.0,20.0,17
POL-102512,CUST-51954,Home,West,Online,2023-12-04,2024-08-29,0.295,236.21,0,0.0,62.0,17
POL-102513,CUST-51357,Motor,North,Agent,2023-07-05,2024-02-18,0.774,506.96,0,0.0,31.0,18
POL-102514,CUST-52455,Home,East,Agent,2022-03-17,2022-11-04,0.787,540.04,0,0.0,67.0,7
POL-102515,CUST-51907,Motor,Central,Direct,2023-08-22,2024-04-09,0.634,605.5,0,0.0,38.0,8
POL-102516,CUST-52366,Home,Central,Direct,2023-05-21,2023-11-19,0.903,488.32,0,0.0,18.0,15
POL-102517,CUST-51037,Motor,North,Agent,2023-01-20,2024-01-07,0.754,470.89,0,0.0,45.0,3
POL-102518,CUST-51169,Motor,Central,Agent,2022-04-15,2022-11-24,0.522,476.82,0,0.0,21.0,1
POL-102519,CUST-50295,Commercial,South,Direct,2023-12-29,2024-07-26,0.265,407.14,0,0.0,33.0,8
POL-102520,CUST-52667,Home,North,Online,2022-11-20,2023-06-16,0.294,210.99,0,0.0,58.0,12
POL-102521,CUST-50787,Home,East,Broker,2022-02-02,2023-01-31,0.514,270.58,0,0.0,49.0,9
POL-102522,CUST-50412,Home,East,Direct,2022-06-03,2023-02-26,0.597,305.64,0,0.0,58.0,4
POL-102523,CUST-50241,Motor,South,Agent,2022-10-20,2023-06-17,0.375,441.32,0,0.0,68.0,10
POL-102524,CUST-51158,Commercial,East,Direct,2022-02-15,2022-10-28,0.392,443.11,0,0.0,44.0,18
POL-102525,CUST-51460,Motor,North,Broker,2022-08-25,2023-03-09,0.423,503.22,0,0.0,48.0,5
POL-102526,CUST-52503,Liability,South,Online,2022-12-08,2023-08-03,0.835,985.22,0,0.0,21.0,8
POL-102527,CUST-51960,Commercial,North,Direct,2023-11-24,2024-07-07,0.828,1369.31,0,0.0,34.0,6
POL-102528,CUST-52418,Motor,Central,Agent,2022-03-05,2023-01-28,0.537,428.08,0,0.0,59.0,5
POL-102529,CUST-50015,Motor,East,Agent,2023-02-26,2023-09-04,0.379,421.2,0,0.0,21.0,13
POL-102530,CUST-50087,Home,East,Online,2023-10-31,2024-07-16,0.333,276.05,0,0.0,38.0,7
POL-102531,CUST-50686,Commercial,East,Agent,2023-08-12,2024-07-03,0.315,550.53,0,0.0,25.0,12
POL-102532,CUST-51157,Motor,Central,Direct,2023-11-07,2024-10-07,0.543,552.44,0,0.0,66.0,0
POL-102533,CUST-50221,Motor,West,Broker,2022-05-05,2023-02-04,0.284,252.31,0,0.0,49.0,13
POL-102534,CUST-52603,Motor,West,Agent,2023-08-08,2024-03-16,0.5,320.66,0,0.0,54.0,2
POL-102535,CUST-52897,Commercial,South,Direct,2023-12-16,2024-08-14,0.971,1970.17,0,0.0,56.0,7
POL-102536,CUST-51454,Commercial,South,Broker,2022-08-27,2023-04-05,0.631,650.43,0,0.0,30.0,17
POL-102537,CUST-52409,Motor,Central,Online,2022-12-31,2023-10-30,0.867,771.42,1,2144.85,20.0,6
POL-102538,CUST-50572,Home,Central,Agent,2023-01-23,2023-09-14,0.347,205.89,0,0.0,40.0,13
POL-102539,CUST-50092,Commercial,South,Agent,2022-12-27,2023-10-20,0.451,813.05,0,0.0,28.0,7
POL-102540,CUST-52695,Liability,South,Agent,2022-07-31,2023-05-28,0.96,1143.12,0,0.0,36.0,18
POL-102541,CUST-52441,Motor,South,Agent,2023-12-10,2024-11-28,0.538,521.15,0,0.0,36.0,19
POL-102542,CUST-52272,Motor,West,Direct,2023-11-30,2024-08-04,0.736,470.65,0,0.0,62.0,18
POL-102543,CUST-52481,Motor,Central,Broker,2022-10-05,2023-09-28,0.982,722.68,0,0.0,36.0,7
POL-102544,CUST-52130,Home,Central,Agent,2023-08-11,2024-04-21,0.663,314.84,0,0.0,26.0,6
POL-102545,CUST-52415,Motor,Central,Online,2022-10-18,2023-08-20,0.479,564.02,0,0.0,72.0,12
POL-102546,CUST-52901,Motor,South,Agent,2023-08-04,2024-06-02,0.649,435.5,0,0.0,20.0,16
POL-102547,CUST-52635,Commercial,South,Broker,2023-03-03,2024-01-29,0.291,581.04,0,0.0,29.0,10
POL-102548,CUST-52670,Home,Central,Online,2022-12-10,2023-09-03,0.334,161.29,0,0.0,37.0,14
POL-102549,CUST-51405,Motor,South,Direct,2022-04-04,2023-02-25,0.255,282.55,0,0.0,,17
POL-102550,CUST-52455,Motor,South,Agent,2023-04-23,2023-12-25,0.913,855.39,1,1944.43,69.0,15
POL-102551,CUST-50718,Motor,Central,Online,2022-08-23,2023-05-21,0.753,820.68,0,0.0,38.0,7
POL-102552,CUST-50942,Motor,East,Broker,2022-06-08,2023-03-07,0.474,460.85,0,0.0,62.0,4
POL-102553,CUST-52611,Motor,North,Agent,2022-05-22,2023-03-29,0.416,437.82,0,0.0,25.0,8
POL-102554,CUST-51090,Motor,Central,Agent,2023-12-18,2024-10-08,0.762,784.73,0,0.0,47.0,11
POL-102555,CUST-52503,Motor,South,Online,2022-03-17,2022-09-27,0.94,704.82,0,0.0,25.0,16
POL-102556,CUST-51486,Commercial,South,Agent,2023-08-06,2024-07-01,0.474,930.97,0,0.0,31.0,6
POL-102557,CUST-50824,Commercial,East,Online,2023-09-25,2024-08-10,0.491,819.14,0,0.0,41.0,3
POL-102558,CUST-51234,Motor,South,Agent,2022-01-23,2022-08-10,0.891,637.28,0,0.0,67.0,6
POL-102559,CUST-51742,Home,Central,Agent,2023-03-07,2024-02-28,0.92,521.48,0,0.0,35.0,11
POL-102560,CUST-50190,Motor,West,Online,2023-02-26,2023-12-25,0.936,853.79,0,0.0,61.0,4
POL-102561,CUST-51670,Commercial,East,Online,2022-09-19,2023-04-02,0.47,897.73,0,0.0,23.0,7
POL-102562,CUST-50315,Commercial,South,Agent,2023-05-02,2024-01-28,0.34,620.06,0,0.0,32.0,5
POL-102563,CUST-51462,Home,East,Agent,2022-10-26,2023-09-26,0.58,327.75,0,0.0,52.0,19
POL-102564,CUST-50969,Home,South,Direct,2022-11-17,2023-07-07,0.472,345.88,0,0.0,44.0,10
POL-102565,CUST-51825,Motor,Central,Broker,2022-11-12,2023-10-31,0.913,544.14,0,0.0,46.0,14
POL-102566,CUST-52517,Motor,West,Broker,2023-08-08,2024-04-21,0.277,219.64,0,0.0,56.0,10
POL-102567,CUST-50251,Home,North,Agent,2023-04-08,2023-11-16,0.725,578.83,0,0.0,22.0,0
POL-102568,CUST-50255,Motor,East,Online,2022-10-04,2023-06-07,0.93,637.02,0,0.0,57.0,5
POL-102569,CUST-51363,Home,West,Agent,2023-11-08,2024-08-11,0.983,577.39,0,0.0,67.0,16
POL-102570,CUST-52261,Home,East,Agent,2023-08-09,2024-06-11,0.738,320.63,0,0.0,61.0,10
POL-102571,CUST-50839,Motor,North,Agent,2023-11-12,2024-10-29,0.962,585.63,0,0.0,34.0,14
POL-102572,CUST-52347,Home,North,Agent,2023-06-18,2024-01-20,0.307,152.69,0,0.0,38.0,15
POL-102573,CUST-50007,Commercial,West,Broker,2022-10-13,2023-10-06,0.519,580.44,1,6610.9,72.0,11
POL-102574,CUST-50884,Home,East,Agent,2023-07-19,2024-04-22,0.257,166.16,0,0.0,63.0,11
POL-102575,CUST-51557,Home,East,Direct,2022-08-29,2023-03-20,0.986,813.06,0,0.0,71.0,4
POL-102576,CUST-51878,Commercial,South,Broker,2022-07-17,2023-07-04,0.927,1020.54,0,0.0,70.0,4
POL-102577,CUST-51094,Motor,South,Agent,2022-11-26,2023-07-28,0.271,301.5,0,0.0,42.0,2
POL-102578,CUST-52646,Home,East,Online,2023-12-09,2024-09-29,0.264,191.13,0,0.0,25.0,5
POL-102579,CUST-51293,Motor,East,Broker,2023-02-19,2023-12-25,0.525,365.13,0,0.0,31.0,12
POL-102580,CUST-51907,Motor,East,Agent,2022-10-08,2023-04-08,0.444,340.72,0,0.0,34.0,18
POL-102581,CUST-50334,Liability,Central,Agent,2022-12-04,2023-07-13,0.885,725.0,1,2102.34,65.0,8
POL-102582,CUST-52787,Motor,North,Broker,2022-08-01,2023-06-04,0.37,393.91,0,0.0,33.0,12
POL-102583,CUST-51516,Motor,East,Direct,2023-04-26,2023-12-22,0.843,865.28,0,0.0,38.0,17
POL-102584,CUST-51410,Motor,South,Direct,2022-09-13,2023-03-13,0.666,516.9,0,0.0,66.0,13
POL-102585,CUST-50810,Liability,North,Direct,2023-02-09,2023-08-12,0.533,385.5,0,0.0,27.0,5
POL-102586,CUST-51823,Commercial,East,Agent,2022-09-27,2023-08-26,0.359,425.87,0,0.0,55.0,5
POL-102587,CUST-50001,Motor,North,Online,2022-08-23,2023-03-19,0.998,967.84,1,7794.33,49.0,12
POL-102588,CUST-51355,Home,South,Agent,2023-12-10,2024-06-25,0.713,337.41,1,2795.87,74.0,5
POL-102589,CUST-52340,Motor,West,Agent,2022-09-10,2023-06-21,0.58,530.23,0,0.0,45.0,4
POL-102590,CUST-52333,Commercial,South,Broker,2022-02-21,2022-09-11,0.528,864.4,0,0.0,47.0,11
POL-102591,CUST-51883,Home,West,Agent,2022-10-04,2023-08-01,0.929,680.48,0,0.0,66.0,12
POL-102592,CUST-51123,Motor,South,Broker,2023-01-24,2023-11-01,0.866,579.86,0,0.0,74.0,5
POL-102593,CUST-51583,Home,East,Agent,2022-03-11,2023-01-05,0.858,543.55,0,0.0,59.0,0
POL-102594,CUST-50506,Liability,Central,Direct,2022-08-12,2023-05-10,0.712,714.77,0,0.0,57.0,15
POL-102595,CUST-51866,Motor,South,Direct,2022-05-02,2023-03-22,0.916,1000.27,0,0.0,67.0,7
POL-102596,CUST-50648,Motor,East,Direct,2023-01-01,2023-10-27,0.474,414.22,0,0.0,73.0,12
POL-102597,CUST-50970,Liability,West,Broker,2023-06-12,2024-02-24,0.778,750.82,0,0.0,59.0,3
POL-102598,CUST-52202,Motor,South,Agent,2023-12-08,2024-06-07,0.553,369.66,0,0.0,34.0,6
POL-102599,CUST-50369,Home,South,Online,2022-10-12,2023-05-30,0.7,514.78,0,0.0,54.0,12
POL-102600,CUST-50990,Home,West,Broker,2023-09-23,2024-04-14,0.999,702.29,0,0.0,31.0,2
POL-102601,CUST-51070,Motor,North,Broker,2022-06-06,2022-12-05,0.988,1009.33,0,0.0,46.0,6
POL-102602,CUST-52838,Motor,South,Agent,2023-07-24,2024-03-10,0.634,624.8,0,0.0,43.0,14
POL-102603,CUST-52366,Motor,East,Agent,2023-02-15,2023-09-21,0.68,758.74,0,0.0,74.0,15
POL-102604,CUST-51117,Motor,South,Broker,2023-07-08,2024-01-18,0.923,1031.01,0,0.0,49.0,7
POL-102605,CUST-51824,Home,East,Direct,2023-07-06,2024-02-29,0.989,561.29,0,0.0,72.0,2
POL-102606,CUST-50719,Commercial,West,Online,2023-01-24,2023-10-25,0.834,1000.92,0,0.0,64.0,0
POL-102607,CUST-52373,Motor,Central,Online,2022-07-07,2023-02-05,0.299,342.73,0,0.0,66.0,11
POL-102608,CUST-51034,Commercial,West,Broker,2023-01-20,2023-09-07,0.492,855.46,0,0.0,27.0,13
POL-102609,CUST-52706,Motor,East,Broker,2023-08-27,2024-02-26,0.922,1081.26,0,0.0,62.0,11
POL-102610,CUST-52672,Motor,West,Direct,2023-12-10,2024-06-16,0.826,735.71,0,0.0,32.0,8
POL-102611,CUST-50748,Home,South,Agent,2023-11-09,2024-06-05,0.807,687.25,0,0.0,50.0,0
POL-102612,CUST-51227,Motor,East,Broker,2022-05-13,2023-02-01,0.751,501.68,0,0.0,45.0,4
POL-102613,CUST-52743,Home,Central,Direct,2023-03-13,2024-01-10,0.561,387.21,0,0.0,32.0,0
POL-102614,CUST-50288,Motor,North,Agent,2022-03-18,2023-02-07,0.552,491.59,0,0.0,74.0,9
POL-102615,CUST-51987,Home,South,Agent,2023-05-04,2024-02-25,0.857,372.92,0,0.0,67.0,6
POL-102616,CUST-51548,Liability,South,Broker,2023-12-26,2024-10-15,0.47,384.61,0,0.0,50.0,1
POL-102617,CUST-51682,Motor,Central,Broker,2022-02-08,2023-01-28,0.764,524.35,0,0.0,18.0,12
POL-102618,CUST-51717,Liability,South,Agent,2023-04-25,2023-12-08,0.795,578.53,0,0.0,28.0,7
POL-102619,CUST-51509,Motor,South,Agent,2023-11-22,2024-10-15,0.883,1023.53,0,0.0,30.0,19
POL-102620,CUST-51028,Motor,Central,Agent,2023-09-11,2024-08-30,0.49,573.0,0,0.0,73.0,8
POL-102621,CUST-51406,Motor,Central,Online,2022-10-14,2023-07-26,0.806,907.23,0,0.0,41.0,1
POL-102622,CUST-52934,Commercial,North,Online,2022-03-17,2023-02-16,0.33,666.18,0,0.0,20.0,14
POL-102623,CUST-50221,Home,Central,Online,2023-11-06,2024-05-29,0.354,281.26,0,0.0,51.0,14
POL-102624,CUST-50481,Liability,West,Online,2023-11-04,2024-10-12,0.563,746.24,0,0.0,72.0,18
POL-102625,CUST-50163,Commercial,Central,Agent,2023-02-27,2023-12-08,0.291,353.74,0,0.0,49.0,13
POL-102626,CUST-51876,Motor,North,Agent,2023-12-16,2024-07-24,0.961,718.68,0,0.0,43.0,7
POL-102627,CUST-50992,Commercial,North,Broker,2022-01-04,2022-07-14,0.926,1750.14,0,0.0,28.0,13
POL-102628,CUST-50134,Liability,South,Broker,2023-03-27,2024-02-03,0.287,291.28,0,0.0,68.0,15
POL-102629,CUST-50610,Commercial,Central,Direct,2022-01-29,2022-10-16,0.879,1531.86,0,0.0,23.0,10
POL-102630,CUST-50780,Home,East,Agent,2023-11-15,2024-07-09,0.632,428.41,0,0.0,71.0,15
POL-102631,CUST-50259,Commercial,West,Online,2023-05-12,2024-01-19,0.776,1028.37,0,0.0,30.0,19
POL-102632,CUST-52300,Motor,South,Agent,2023-10-29,2024-10-27,0.915,699.5,0,0.0,25.0,15
POL-102633,CUST-50073,Liability,South,Broker,2023-02-15,2023-11-01,0.683,819.09,0,0.0,37.0,10
POL-102634,CUST-52648,Liability,Central,Online,2022-03-02,2022-09-12,0.337,354.19,0,0.0,18.0,9
POL-102635,CUST-52935,Home,East,Broker,2022-01-20,2022-09-09,0.252,148.67,0,0.0,18.0,16
POL-102636,CUST-52751,Motor,West,Direct,2022-09-02,2023-03-28,0.623,599.41,0,0.0,28.0,17
POL-102637,CUST-50636,Motor,West,Direct,2023-06-27,2024-04-29,0.962,812.76,0,0.0,57.0,5
POL-102638,CUST-50685,Liability,North,Direct,2022-04-21,2023-03-15,0.679,687.08,0,0.0,64.0,0
POL-102639,CUST-52954,Commercial,Central,Online,2023-09-15,2024-08-16,0.53,902.63,0,0.0,32.0,16
POL-102640,CUST-51868,Commercial,Central,Broker,2022-06-24,2023-04-17,0.273,403.99,0,0.0,54.0,4
POL-102641,CUST-51633,Liability,West,Broker,2022-12-29,2023-11-16,0.936,1252.05,1,6586.3,38.0,19
POL-102642,CUST-52594,Home,East,Online,2022-05-29,2023-02-10,0.495,319.06,0,0.0,42.0,0
POL-102643,CUST-50575,Commercial,East,Broker,2022-12-07,2023-09-29,0.779,1551.18,0,0.0,37.0,18
POL-102644,CUST-51218,Motor,South,Direct,2022-11-27,2023-06-14,0.771,847.62,1,8149.39,68.0,13
POL-102645,CUST-50435,Motor,West,Broker,2022-01-04,2022-10-11,0.44,495.04,0,0.0,47.0,6
POL-102646,CUST-52396,Home,South,Agent,2023-02-19,2023-11-29,0.298,228.05,0,0.0,46.0,0
POL-102647,CUST-50602,Motor,North,Broker,2023-07-29,2024-01-30,0.539,514.58,0,0.0,67.0,16
POL-102648,CUST-50395,Motor,North,Online,2023-11-15,2024-08-22,0.488,445.03,0,0.0,55.0,2
POL-102649,CUST-51091,Commercial,East,Agent,2022-08-30,2023-07-10,0.775,1220.57,0,0.0,26.0,1
POL-102650,CUST-51693,Motor,Central,Agent,2023-10-05,2024-06-09,0.865,618.36,0,0.0,28.0,15
POL-102651,CUST-50614,Commercial,West,Agent,2023-10-04,2024-07-11,0.417,514.0,0,0.0,37.0,13
POL-102652,CUST-52700,Motor,Central,Broker,2023-12-23,2024-08-12,0.646,397.5,0,0.0,23.0,2
POL-102653,CUST-52484,Commercial,West,Agent,2022-09-30,2023-05-18,0.28,496.09,0,0.0,57.0,6
POL-102654,CUST-52759,Motor,Central,Direct,2023-09-14,2024-04-05,0.411,275.08,0,0.0,46.0,13
POL-102655,CUST-51101,Commercial,West,Agent,2023-02-17,2023-10-15,0.821,1318.43,0,0.0,20.0,13
POL-102656,CUST-51165,Home,Central,Agent,2022-02-12,2023-01-07,0.845,417.31,0,0.0,40.0,7
POL-102657,CUST-51580,Motor,East,Agent,2022-07-17,2023-07-06,0.832,527.98,0,0.0,65.0,8
POL-102658,CUST-52728,Motor,North,Agent,2023-05-06,2024-02-28,0.0,325.76,0,0.0,69.0,1
POL-102659,CUST-51503,Motor,South,Online,2022-04-28,2023-02-18,0.663,738.91,0,0.0,72.0,0
POL-102660,CUST-51165,Motor,Central,Online,2022-11-14,2023-09-04,0.567,457.47,0,0.0,70.0,19
POL-102661,CUST-51978,Motor,West,Direct,2023-07-20,2024-04-13,0.0,1135.09,0,0.0,52.0,4
POL-102662,CUST-50397,Motor,North,Online,2022-04-20,2023-01-03,0.741,445.44,0,0.0,70.0,18
POL-102663,CUST-52992,Commercial,North,Agent,2022-12-29,2023-10-20,0.951,1414.83,1,11479.89,72.0,0
POL-102664,CUST-52066,Motor,West,Online,2022-06-06,2023-04-27,0.359,244.95,0,0.0,54.0,19
POL-102665,CUST-51330,Motor,Central,Broker,2023-01-27,2023-10-10,0.588,460.34,0,0.0,41.0,8
POL-102666,CUST-50270,Motor,West,Direct,2022-06-25,2023-04-06,0.829,504.96,1,4357.04,73.0,16
POL-102667,CUST-50967,Home,Central,Direct,2023-12-06,2024-08-29,0.526,236.35,0,0.0,41.0,16
POL-102668,CUST-51719,Home,North,Agent,2022-02-25,2022-10-16,0.724,538.19,0,0.0,27.0,7
POL-102669,CUST-52922,Home,Central,Agent,2023-12-05,2024-07-25,0.634,455.26,0,0.0,24.0,14
POL-102670,CUST-51461,Home,North,Agent,2023-08-02,2024-02-12,0.994,521.27,0,0.0,50.0,6
POL-102671,CUST-52992,Home,Central,Broker,2023-09-17,2024-06-04,0.38,313.54,0,0.0,20.0,15
POL-102672,CUST-51553,Motor,Central,Broker,2023-09-14,2024-07-22,0.952,956.14,0,0.0,24.0,19
POL-102673,CUST-52342,Motor,East,Online,2022-05-17,2023-03-20,0.551,438.06,0,0.0,31.0,16
POL-102674,CUST-50294,Commercial,East,Agent,2023-11-11,2024-11-08,0.601,858.69,0,0.0,48.0,14
POL-102675,CUST-52393,Motor,East,Broker,2023-03-10,2023-09-13,0.646,496.82,0,0.0,45.0,7
POL-102676,CUST-50726,Commercial,East,Broker,2023-12-04,2024-10-20,0.449,834.27,1,5330.12,47.0,2
POL-102677,CUST-51221,Home,Central,Agent,2023-10-04,2024-08-26,0.973,630.87,1,11107.59,46.0,10
POL-102678,CUST-50970,Home,South,Agent,2023-02-28,2023-11-16,0.934,460.2,0,0.0,74.0,2
POL-102679,CUST-51616,Home,South,Broker,2022-10-01,2023-05-21,0.98,511.11,0,0.0,30.0,10
POL-102680,CUST-51843,Liability,Central,Broker,2022-03-27,2022-11-28,0.998,887.67,0,0.0,45.0,17
POL-102681,CUST-51055,Motor,Central,Agent,2022-03-15,2023-01-15,0.752,627.83,0,0.0,52.0,2
POL-102682,CUST-50172,Motor,East,Agent,2022-10-12,2023-09-17,0.589,558.15,0,0.0,33.0,18
POL-102683,CUST-51856,Commercial,South,Agent,2023-08-16,2024-06-10,0.888,1770.34,0,0.0,28.0,11
POL-102684,CUST-51260,Home,Central,Online,2023-01-04,2023-10-06,0.268,146.78,0,0.0,20.0,0
POL-102685,CUST-52477,Motor,Central,Online,2022-12-18,2023-10-15,0.876,692.39,0,0.0,36.0,14
POL-102686,CUST-52085,Motor,South,Agent,2022-06-28,2023-01-07,0.623,379.56,0,0.0,32.0,0
POL-102687,CUST-51122,Motor,East,Direct,2023-02-17,2023-12-07,0.755,616.58,0,0.0,29.0,12
POL-102688,CUST-50155,Commercial,East,Online,2023-04-11,2023-10-15,0.531,902.81,0,0.0,33.0,10
POL-102689,CUST-51605,Motor,Central,Agent,2023-12-18,2024-12-10,0.526,614.38,0,0.0,57.0,14
POL-102690,CUST-52385,Motor,West,Agent,2023-06-17,2024-05-27,0.274,283.7,0,0.0,65.0,7
POL-102691,CUST-52324,Motor,East,Agent,2023-03-20,2023-12-19,0.568,377.84,0,0.0,47.0,2
POL-102692,CUST-51004,Liability,Central,Agent,2023-10-27,2024-07-02,0.556,720.89,0,0.0,21.0,7
POL-102693,CUST-50626,Home,West,Online,2022-11-07,2023-09-19,0.419,334.36,0,0.0,59.0,15
POL-102694,CUST-50220,Home,East,Online,2023-11-14,2024-09-07,0.435,224.48,0,0.0,26.0,19
POL-102695,CUST-51831,Liability,Central,Broker,2022-09-28,2023-08-05,0.688,912.95,0,0.0,21.0,4
POL-102696,CUST-50787,Motor,East,Agent,2022-04-04,2023-01-04,0.488,497.71,0,0.0,50.0,7
POL-102697,CUST-52327,Commercial,East,Online,2022-11-01,2023-06-12,0.873,1579.75,0,0.0,42.0,17
POL-102698,CUST-51791,Commercial,South,Agent,2022-04-04,2022-10-14,0.334,494.66,0,0.0,35.0,6
POL-102699,CUST-50156,Home,South,Agent,2022-03-28,2022-11-15,0.683,355.91,0,0.0,73.0,4
POL-102700,CUST-52073,Commercial,South,Agent,2023-10-06,2024-07-10,0.37,675.65,0,0.0,23.0,16
POL-102701,CUST-50761,Liability,North,Online,2023-08-04,2024-04-18,0.646,654.74,0,0.0,21.0,9
POL-102702,CUST-52616,Motor,West,Direct,2022-06-11,2023-03-12,0.664,777.29,0,0.0,51.0,11
POL-102703,CUST-50075,Motor,East,Direct,2023-09-04,2024-04-22,0.732,502.32,0,0.0,41.0,9
POL-102704,CUST-51099,Commercial,Central,Direct,2022-02-20,2023-02-09,0.571,785.54,0,0.0,63.0,12
POL-102705,CUST-50019,Motor,West,Agent,2022-07-27,2023-04-01,0.632,652.64,0,0.0,20.0,5
POL-102706,CUST-51899,Home,North,Broker,2023-05-31,2024-05-02,0.386,263.39,0,0.0,41.0,14
POL-102707,CUST-51432,Motor,West,Online,2022-08-10,2023-04-19,0.597,509.12,0,0.0,26.0,7
POL-102708,CUST-51599,Commercial,North,Online,2023-06-18,2024-03-06,0.53,915.38,0,0.0,20.0,10
POL-102709,CUST-52102,Commercial,North,Broker,2023-10-01,2024-07-19,0.75,1319.51,0,0.0,44.0,3
POL-102710,CUST-52687,Liability,West,Agent,2022-02-18,2022-10-04,0.576,623.25,1,7065.26,59.0,0
POL-102711,CUST-51149,Home,North,Online,2022-01-18,2022-08-26,0.835,478.03,0,0.0,26.0,11
POL-102712,CUST-51710,Liability,East,Broker,2023-11-18,2024-07-25,0.569,631.86,0,0.0,66.0,2
POL-102713,CUST-51863,Home,Central,Agent,2023-01-15,2023-12-10,0.427,286.36,0,0.0,47.0,18
POL-102714,CUST-52644,Home,South,Agent,2023-01-05,2023-07-30,0.455,354.98,0,0.0,45.0,19
POL-102715,CUST-50574,Home,West,Agent,2022-12-05,2023-08-23,0.284,203.8,0,0.0,70.0,6
POL-102716,CUST-51570,Home,South,Direct,2022-11-13,2023-09-14,0.655,425.49,1,2605.54,36.0,5
POL-102717,CUST-52509,Home,North,Direct,2023-05-19,2024-03-25,0.873,385.97,0,0.0,29.0,10
POL-102718,CUST-50844,Motor,North,Agent,2023-02-28,2023-11-15,0.827,574.21,0,0.0,62.0,4
POL-102719,CUST-51087,Motor,North,Agent,2022-04-30,2022-11-11,0.578,459.67,0,0.0,24.0,17
POL-102720,CUST-51347,Commercial,North,Broker,2023-04-03,2023-10-02,0.397,645.28,0,0.0,67.0,2
POL-102721,CUST-52121,Motor,North,Broker,2023-05-03,2024-01-25,0.898,957.68,0,0.0,65.0,9
POL-102722,CUST-52011,Commercial,Central,Agent,2022-03-24,2023-02-17,0.293,582.88,0,0.0,73.0,3
POL-102723,CUST-50389,Motor,Central,Agent,2022-10-03,2023-04-06,0.549,522.58,1,1736.27,44.0,16
POL-102724,CUST-50617,Motor,South,Online,2023-08-01,2024-07-11,0.892,917.57,0,0.0,53.0,2
POL-102725,CUST-52454,Home,West,Online,2023-03-28,2024-01-27,0.545,383.52,0,0.0,68.0,8
POL-102726,CUST-52021,Motor,South,Broker,2022-04-10,2022-10-08,0.338,287.64,0,0.0,25.0,16
POL-102727,CUST-51554,Liability,West,Direct,2022-01-30,2022-09-30,0.449,495.8,0,0.0,35.0,8
POL-102728,CUST-51261,Liability,South,Online,2023-03-01,2023-10-08,0.7,672.6,0,0.0,44.0,3
POL-102729,CUST-52910,Home,West,Agent,2022-12-04,2023-11-25,0.364,229.64,0,0.0,53.0,3
POL-102730,CUST-52647,Motor,South,Online,2023-12-03,2024-09-11,0.741,842.55,0,0.0,56.0,12
POL-102731,CUST-51216,Motor,Central,Broker,2023-01-17,2023-09-14,0.579,538.76,0,0.0,70.0,2
POL-102732,CUST-51054,Commercial,Central,Broker,2023-11-11,2024-06-29,0.501,559.58,0,0.0,45.0,7
POL-102733,CUST-52618,Motor,South,Broker,2022-06-06,2023-03-17,0.431,390.76,0,0.0,27.0,12
POL-102734,CUST-51037,Liability,North,Agent,2022-11-23,2023-05-22,0.867,1161.72,0,0.0,28.0,7
POL-102735,CUST-51236,Liability,South,Direct,2022-04-12,2022-11-25,0.548,413.54,0,0.0,63.0,16
POL-102736,CUST-52750,Motor,South,Direct,2023-02-24,2023-09-22,0.804,942.98,0,-500.0,44.0,13
POL-102737,CUST-50323,Home,East,Agent,2022-05-18,2023-03-09,0.58,500.33,0,0.0,53.0,2
POL-102738,CUST-52110,Home,East,Broker,2022-12-26,2023-10-26,0.319,216.07,0,0.0,50.0,16
POL-102739,CUST-52062,Home,Central,Online,2022-09-09,2023-06-02,0.58,335.4,0,0.0,64.0,18
POL-102740,CUST-51137,Motor,North,Online,2022-05-16,2022-12-08,0.631,378.69,0,0.0,30.0,4
POL-102741,CUST-50548,Commercial,East,Direct,2022-03-12,2022-11-15,0.593,611.23,0,0.0,27.0,7
POL-102742,CUST-52583,Motor,North,Agent,2023-01-09,2023-12-11,0.862,711.94,1,8821.01,59.0,7
POL-102743,CUST-52399,Commercial,East,Agent,2023-11-23,2024-06-27,0.933,1688.56,0,0.0,42.0,8
POL-102744,CUST-52574,Home,West,Agent,2022-05-26,2022-12-22,0.84,708.11,0,0.0,64.0,9
POL-102745,CUST-51004,Home,Central,Online,2022-10-23,2023-05-11,0.687,344.31,0,0.0,25.0,17
POL-102746,CUST-52888,Liability,East,Direct,2022-06-13,2023-05-10,0.656,669.51,0,0.0,33.0,13
POL-102747,CUST-52269,Commercial,North,Online,2023-08-14,2024-03-03,0.733,1117.28,0,0.0,72.0,17
POL-102748,CUST-50719,Home,Central,Agent,2022-10-30,2023-08-14,0.466,279.16,0,0.0,66.0,7
POL-102749,CUST-51444,Motor,East,Online,2023-12-13,2024-12-12,0.859,787.08,0,0.0,21.0,10
POL-102750,CUST-50949,Home,East,Online,2022-06-28,2023-04-23,0.893,746.07,0,0.0,64.0,2
POL-102751,CUST-51611,Motor,West,Direct,2022-02-28,2022-11-11,0.45,385.17,0,0.0,21.0,5
POL-102752,CUST-50564,Liability,South,Online,2023-03-02,2023-10-06,0.927,723.54,0,0.0,24.0,11
POL-102753,CUST-52203,Motor,Central,Broker,2023-04-21,2023-10-18,0.887,878.97,0,0.0,69.0,3
POL-102754,CUST-51378,Motor,North,Agent,2023-12-25,2024-07-20,0.568,348.56,0,0.0,25.0,19
POL-102755,CUST-51995,Commercial,North,Agent,2023-09-29,2024-09-20,0.932,1835.31,1,8793.58,35.0,5
POL-102756,CUST-51925,Motor,Central,Agent,2023-10-08,2024-05-01,0.34,392.44,0,0.0,25.0,3
POL-102757,CUST-51992,Commercial,East,Agent,2023-04-08,2023-10-08,0.271,300.41,0,0.0,52.0,15
POL-102758,CUST-52279,Motor,Central,Direct,2022-09-20,2023-08-17,0.511,471.54,0,0.0,21.0,1
POL-102759,CUST-51976,Motor,Central,Agent,2022-11-10,2023-07-25,0.674,720.81,0,0.0,34.0,6
POL-102760,CUST-51546,Home,Central,Agent,2022-04-08,2022-12-10,0.514,326.71,0,0.0,36.0,3
POL-102761,CUST-51755,Home,West,Agent,2022-11-11,2023-09-20,0.957,614.19,0,0.0,54.0,13
POL-102762,CUST-51893,Liability,West,Direct,2022-09-24,2023-06-28,0.441,596.04,0,0.0,46.0,16
POL-102763,CUST-52421,Motor,West,Online,2022-01-27,2023-01-12,0.461,337.52,0,0.0,28.0,3
POL-102764,CUST-51427,Motor,West,Broker,2022-05-30,2023-02-20,0.726,659.32,0,0.0,44.0,8
POL-102765,CUST-50900,Motor,South,Direct,2023-01-26,2023-12-04,0.253,167.84,0,0.0,44.0,9
POL-102766,CUST-50757,Motor,Central,Online,2022-09-27,2023-09-05,0.796,616.86,0,0.0,38.0,13
POL-102767,CUST-50544,Home,North,Direct,2023-12-27,2024-09-18,0.533,428.15,0,0.0,48.0,7
POL-102768,CUST-51808,Motor,East,Direct,2022-12-16,2023-08-05,0.983,1003.93,0,0.0,36.0,10
POL-102769,CUST-52205,Home,South,Direct,2023-12-01,2024-11-26,0.769,538.0,0,0.0,37.0,10
POL-102770,CUST-50951,Liability,West,Online,2023-04-28,2023-12-06,0.289,220.83,0,0.0,62.0,0
POL-102771,CUST-51619,Motor,South,Agent,2022-01-30,2022-08-05,0.319,351.27,0,0.0,32.0,11
POL-102772,CUST-51116,Home,South,Direct,2022-05-29,2023-03-12,0.316,178.03,0,0.0,36.0,11
POL-102773,CUST-52701,Motor,Central,Broker,2023-05-31,2024-05-28,0.964,880.44,0,0.0,25.0,19
POL-102774,CUST-52718,Commercial,East,Agent,2023-02-02,2023-08-17,0.763,955.26,1,6874.18,57.0,10
POL-102775,CUST-52895,Motor,West,Direct,2022-08-09,2023-07-12,0.571,516.66,0,0.0,58.0,17
POL-102776,CUST-52583,Home,Central,Online,2023-01-17,2023-12-17,0.4,271.19,0,0.0,56.0,6
POL-102777,CUST-52601,Motor,Central,Online,2023-10-22,2024-10-08,0.905,721.81,1,2467.76,27.0,13
POL-102778,CUST-51671,Motor,South,Online,2022-10-11,2023-06-26,0.401,359.31,0,0.0,43.0,18
POL-102779,CUST-51642,Motor,North,Direct,2022-02-02,2022-09-17,0.78,652.55,0,0.0,34.0,3
POL-102780,CUST-50904,Motor,Central,Broker,2022-08-16,2023-05-18,0.822,830.23,0,0.0,61.0,11
POL-102781,CUST-52262,Commercial,South,Online,2023-11-15,2024-06-08,0.471,738.08,0,0.0,37.0,18
POL-102782,CUST-50960,Motor,West,Agent,2023-07-11,2024-06-11,0.629,702.88,0,0.0,41.0,11
POL-102783,CUST-51002,Liability,West,Agent,2023-09-04,2024-07-03,0.417,300.26,0,0.0,43.0,17
POL-102784,CUST-52836,Home,East,Broker,2023-10-28,2024-07-23,0.534,237.93,0,0.0,61.0,8
POL-102785,CUST-50044,Motor,North,Broker,2022-03-27,2022-12-27,0.974,688.8,0,0.0,58.0,17
POL-102786,CUST-50354,Motor,East,Direct,2022-07-26,2023-06-03,0.77,512.48,0,0.0,64.0,12
POL-102787,CUST-52341,Motor,North,Online,2022-02-13,2022-11-17,0.885,803.5,1,3288.31,42.0,9
POL-102788,CUST-52055,Commercial,South,Agent,2022-01-04,2022-12-06,0.655,-797.88,0,0.0,64.0,4
POL-102789,CUST-52344,Motor,South,Online,2023-09-02,2024-08-18,0.429,259.35,0,0.0,67.0,3
POL-102790,CUST-51400,Commercial,East,Direct,2023-11-15,2024-11-05,0.785,1021.96,0,0.0,47.0,5
POL-102791,CUST-50024,Motor,North,Online,2022-04-24,2023-02-13,0.625,561.23,0,0.0,56.0,15
POL-102792,CUST-50892,Motor,Central,Agent,2023-06-12,2024-04-25,0.383,390.65,0,0.0,69.0,9
POL-102793,CUST-52590,Motor,North,Direct,2023-01-26,2023-09-20,0.559,478.42,0,0.0,65.0,7
POL-102794,CUST-51998,Home,Central,Direct,2022-02-20,2022-08-26,0.726,618.42,0,0.0,33.0,9
POL-102795,CUST-52644,Home,South,Broker,2023-10-31,2024-07-11,0.801,416.97,0,0.0,58.0,6
POL-102796,CUST-50028,Liability,East,Agent,2023-09-29,2024-09-05,0.432,448.7,0,0.0,43.0,16
POL-102797,CUST-50961,Motor,Central,Agent,2023-02-19,2023-09-11,0.907,676.3,0,0.0,26.0,7
POL-102798,CUST-52061,Motor,West,Agent,2023-06-01,2024-03-08,0.535,575.11,0,0.0,39.0,9
POL-102799,CUST-50051,Commercial,North,Broker,2022-10-17,2023-05-20,0.453,546.13,0,0.0,73.0,11
POL-102800,CUST-51348,Home,West,Direct,2023-08-02,2024-04-17,0.396,337.13,0,0.0,72.0,12
POL-102801,CUST-52628,Commercial,East,Broker,2022-11-21,2023-06-15,0.853,1486.23,0,0.0,62.0,6
POL-102802,CUST-50484,Motor,Central,Direct,2023-12-24,2024-11-04,0.516,477.99,0,,74.0,1
POL-102803,CUST-50211,Commercial,East,Agent,2022-02-16,2023-01-12,0.613,953.42,0,0.0,50.0,13
POL-102804,CUST-51910,Motor,Central,Agent,2022-05-06,2023-03-23,0.417,338.05,0,0.0,61.0,11
POL-102805,CUST-50696,Liability,East,Direct,2023-12-09,2024-10-15,0.765,535.82,0,0.0,27.0,12
POL-102806,CUST-50551,Motor,North,Direct,2022-07-30,2023-03-10,0.836,952.62,0,0.0,35.0,10
POL-102807,CUST-51627,Commercial,East,Direct,2022-08-15,2023-05-20,0.505,920.04,0,0.0,27.0,10
POL-102808,CUST-51818,Motor,Central,Direct,2023-08-01,2024-02-16,0.959,647.56,0,0.0,71.0,18
POL-102809,CUST-52449,Commercial,North,Online,2022-05-19,2023-01-23,0.273,310.92,0,0.0,53.0,1
POL-102810,CUST-50311,Commercial,South,Online,2023-01-10,2023-10-11,0.35,-464.7,0,0.0,71.0,1
POL-102811,CUST-52345,Commercial,North,Direct,2022-07-28,2023-05-28,0.692,1238.39,0,0.0,41.0,18
POL-102812,CUST-52010,Home,Central,Agent,2022-05-25,2022-12-09,0.776,506.24,0,0.0,40.0,17
POL-102813,CUST-52043,Motor,East,Agent,2023-12-05,2024-10-31,0.438,431.1,2,7010.36,56.0,8
POL-102814,CUST-50715,Commercial,West,Direct,2022-05-26,2023-02-15,0.666,680.18,0,0.0,50.0,10
POL-102815,CUST-52486,Home,Central,Broker,2022-03-10,2023-02-16,0.489,408.26,0,0.0,39.0,8
POL-102816,CUST-50369,Home,Central,Agent,2023-05-07,2024-02-09,0.666,336.93,0,0.0,36.0,19
POL-102817,CUST-52056,Motor,East,Agent,2023-09-26,2024-07-03,0.744,583.85,0,0.0,47.0,9
POL-102818,CUST-50403,Motor,Central,Online,2022-04-04,2023-02-06,0.98,1135.38,1,4177.72,22.0,15
POL-102819,CUST-51913,Motor,East,Agent,2023-06-01,2024-04-28,0.592,610.39,0,0.0,28.0,7
POL-102820,CUST-51354,Home,Central,Direct,2023-01-30,2023-08-27,0.736,482.67,0,0.0,20.0,7
POL-102821,CUST-50503,Motor,Central,Online,2023-08-29,2024-05-30,0.684,758.17,0,0.0,26.0,13
POL-102822,CUST-50583,Motor,South,Direct,2022-04-03,2022-10-05,0.488,308.15,0,0.0,29.0,7
POL-102823,CUST-51319,Commercial,West,Agent,2023-12-14,2024-09-07,0.44,480.67,0,0.0,22.0,0
POL-102824,CUST-51098,Home,West,Online,2023-03-28,2024-02-22,0.991,496.83,0,0.0,21.0,3
POL-102825,CUST-51354,Commercial,West,Direct,2023-09-07,2024-08-12,0.405,519.83,0,0.0,64.0,17
POL-102826,CUST-51299,Motor,North,Agent,2022-09-22,2023-05-12,0.843,857.22,0,0.0,28.0,7
POL-102827,CUST-50055,Motor,East,Direct,2023-11-20,2024-07-28,0.36,328.24,0,0.0,49.0,2
POL-102828,CUST-51288,Home,North,Agent,2023-04-03,2024-01-10,0.853,527.92,0,0.0,23.0,18
POL-102829,CUST-51216,Motor,Central,Direct,2022-04-03,2022-12-12,0.389,412.59,0,0.0,71.0,19
POL-102830,CUST-51173,Home,Central,Online,2023-11-05,2024-06-05,0.975,557.36,0,0.0,31.0,9
POL-102831,CUST-50681,Motor,East,Broker,2023-08-04,2024-03-27,0.764,493.43,1,3684.03,60.0,12
POL-102832,CUST-50577,Home,North,Online,2022-08-08,2023-04-20,0.318,192.77,0,0.0,54.0,15
POL-102833,CUST-50269,Motor,West,Broker,2023-02-03,2023-11-06,0.77,809.28,0,0.0,61.0,1
POL-102834,CUST-51874,Home,East,Online,2022-10-11,2023-09-27,0.703,449.75,0,0.0,53.0,5
POL-102835,CUST-51638,Commercial,West,Direct,2023-02-01,2023-11-09,0.503,1009.42,0,0.0,47.0,11
POL-102836,CUST-52435,Motor,North,Agent,2023-12-06,2024-08-14,0.446,492.56,0,0.0,62.0,10
POL-102837,CUST-50711,Home,East,Online,2023-10-19,2024-08-16,0.789,613.27,0,0.0,64.0,6
POL-102838,CUST-51223,Home,South,Online,2022-06-07,2023-04-26,0.806,620.27,0,0.0,39.0,0
POL-102839,CUST-50571,Commercial,Central,Broker,2023-12-11,2024-08-27,0.495,794.4,0,0.0,71.0,19
POL-102840,CUST-52820,Motor,South,Direct,2022-11-16,2023-08-14,0.907,1025.98,0,0.0,74.0,12
POL-102841,CUST-52360,Motor,Central,Agent,2023-05-30,2024-01-05,0.452,427.58,0,0.0,59.0,15
POL-102842,CUST-50446,Commercial,Central,Agent,2023-07-12,2024-06-16,0.302,420.72,0,0.0,70.0,8
POL-102843,CUST-52430,Home,East,Agent,2022-12-19,2023-11-25,0.7,363.31,0,0.0,24.0,10
POL-102844,CUST-52770,Commercial,North,Broker,2022-11-30,2023-06-30,0.33,607.3,0,0.0,48.0,8
POL-102845,CUST-51982,Motor,South,Agent,2022-11-30,2023-08-01,0.457,372.83,0,0.0,55.0,8
POL-102846,CUST-52972,Liability,North,Agent,2023-09-22,2024-05-09,0.63,773.99,0,0.0,70.0,13
POL-102847,CUST-50569,Motor,West,Online,2022-10-10,2023-09-26,0.465,548.65,1,4718.23,24.0,19
POL-102848,CUST-50866,Motor,West,Broker,2022-07-24,2023-02-01,0.411,342.05,0,0.0,63.0,15
POL-102849,CUST-51898,Home,South,Online,2022-09-21,2023-04-27,0.777,452.12,0,0.0,22.0,13
POL-102850,CUST-51615,Home,West,Agent,2022-05-23,2023-01-16,0.66,335.16,0,0.0,38.0,0
POL-102851,CUST-52139,Home,East,Agent,2022-10-13,2023-07-24,0.88,563.47,0,0.0,57.0,10
POL-102852,CUST-52896,Motor,Central,Direct,2022-03-25,2022-11-06,0.686,675.12,0,0.0,34.0,19
POL-102853,CUST-50699,Motor,North,Agent,2022-03-07,2022-12-11,0.613,478.82,0,0.0,65.0,7
POL-102854,CUST-52617,Commercial,North,Broker,2023-06-13,2024-04-26,0.446,672.55,0,0.0,71.0,10
POL-102855,CUST-50398,Motor,Central,Online,2022-02-26,2023-01-26,0.844,771.89,0,0.0,27.0,6
POL-102856,CUST-51378,Commercial,South,Agent,2023-02-19,2023-09-05,0.398,515.16,0,0.0,32.0,3
POL-102857,CUST-51300,Home,Central,Broker,2023-07-24,2024-02-14,0.432,191.9,0,0.0,22.0,14
POL-102858,CUST-52418,Motor,Central,Direct,2023-06-13,2023-12-27,0.881,637.22,1,2716.93,58.0,6
POL-102859,CUST-51272,Commercial,North,Agent,2022-11-22,2023-11-06,0.806,1475.14,0,0.0,68.0,11
POL-102860,CUST-52491,Commercial,East,Direct,2022-05-22,2023-03-19,0.71,921.04,0,0.0,52.0,11
POL-102861,CUST-50459,Commercial,West,Broker,2023-11-11,2024-08-15,0.279,287.1,0,0.0,25.0,16
POL-102862,CUST-52980,Motor,North,Agent,2023-09-02,2024-07-25,0.345,292.51,0,0.0,27.0,18
POL-102863,CUST-50575,Home,Central,Broker,2023-03-23,2024-01-06,0.625,456.37,0,0.0,19.0,11
POL-102864,CUST-51775,Liability,North,Broker,2022-03-05,2022-10-14,0.81,973.74,0,0.0,45.0,1
POL-102865,CUST-51498,Home,North,Direct,2022-01-26,2022-10-27,0.598,366.95,0,0.0,59.0,11
POL-102866,CUST-50271,Motor,East,Online,2022-08-19,2023-06-25,0.263,245.97,0,0.0,26.0,17
POL-102867,CUST-51582,Motor,South,Direct,2022-04-25,2022-10-28,0.388,402.97,0,0.0,66.0,9
POL-102868,CUST-52620,Home,West,Broker,2023-09-21,2024-07-09,0.692,567.39,0,0.0,32.0,11
POL-102869,CUST-51613,Commercial,South,Online,2022-05-31,2023-02-27,0.771,1283.33,0,0.0,47.0,15
POL-102870,CUST-52108,Liability,South,Direct,2022-07-26,2023-02-03,0.275,318.98,0,0.0,56.0,8
POL-102871,CUST-52946,Liability,Central,Agent,2023-12-14,2024-07-30,0.282,212.54,0,0.0,48.0,8
POL-102872,CUST-50908,Motor,North,Agent,2023-08-21,2024-05-10,0.446,376.94,0,0.0,45.0,9
POL-102873,CUST-50118,Home,East,Agent,2022-06-09,2023-02-07,0.313,256.6,0,0.0,37.0,17
POL-102874,CUST-52067,Motor,North,Agent,2022-10-07,2023-05-28,0.656,453.05,0,0.0,42.0,9
POL-102875,CUST-52358,Motor,North,Broker,2023-01-12,2023-11-08,0.343,267.34,0,0.0,31.0,6
POL-102876,CUST-50427,Motor,South,Agent,2023-04-30,2024-01-10,0.736,734.81,0,0.0,34.0,11
POL-102877,CUST-51055,Liability,South,Online,2023-11-15,2024-08-13,0.833,1086.92,0,0.0,61.0,13
POL-102878,CUST-51075,Motor,East,Broker,2023-09-28,2024-08-21,0.978,616.27,0,0.0,68.0,18
POL-102879,CUST-52258,Home,East,Agent,2023-12-15,2024-06-29,0.961,780.13,1,16641.9,66.0,17
POL-102880,CUST-52627,Motor,North,Online,2022-01-30,2022-10-03,0.455,330.37,0,0.0,36.0,15
POL-102881,CUST-52206,Motor,North,Broker,2022-06-22,2023-01-01,0.272,301.16,0,0.0,36.0,15
POL-102882,CUST-50889,Home,North,Agent,2023-02-15,2024-02-02,0.497,407.5,0,0.0,21.0,8
POL-102883,CUST-51859,Motor,West,Agent,2022-02-05,2022-09-07,0.781,825.06,1,2387.12,33.0,6
POL-102884,CUST-50807,Motor,Central,Direct,2022-09-17,2023-08-15,0.295,337.68,0,0.0,51.0,11
POL-102885,CUST-51893,Home,North,Broker,2022-04-23,2022-11-24,0.52,442.59,0,0.0,33.0,14
POL-102886,CUST-52895,Commercial,North,Direct,2023-11-13,2024-07-10,0.474,926.23,0,0.0,59.0,10
POL-102887,CUST-51990,Commercial,West,Online,2022-02-16,2022-12-06,0.415,637.37,0,0.0,20.0,4
POL-102888,CUST-52355,Commercial,West,Direct,2022-04-19,2023-03-19,0.78,1158.79,0,0.0,41.0,0
POL-102889,CUST-52242,Motor,West,Online,2022-05-23,2022-12-22,0.744,489.25,0,0.0,34.0,1
POL-102890,CUST-51429,Motor,North,Direct,2022-04-19,2022-11-24,0.652,471.77,0,0.0,46.0,8
POL-102891,CUST-50394,Motor,Central,Direct,2023-02-20,2024-01-29,0.933,917.29,0,0.0,19.0,15
POL-102892,CUST-52926,Liability,West,Agent,2022-09-23,2023-05-20,0.327,252.89,0,0.0,41.0,15
POL-102893,CUST-51082,Motor,North,Broker,2023-10-29,2024-06-04,0.362,418.37,0,0.0,62.0,16
POL-102894,CUST-52659,Motor,North,Broker,2022-07-10,2023-05-24,0.538,392.79,0,0.0,66.0,14
POL-102895,CUST-52526,Liability,West,Broker,2023-01-28,2023-08-12,0.742,553.77,0,0.0,32.0,0
POL-102896,CUST-52051,Liability,West,Broker,2023-04-27,2024-04-02,0.688,583.0,0,0.0,42.0,17
POL-102897,CUST-51643,Motor,West,Direct,2023-04-02,2024-03-09,0.306,190.98,0,0.0,57.0,18
POL-102898,CUST-50821,Commercial,East,Broker,2023-08-05,2024-07-09,0.969,1146.89,0,0.0,44.0,16
POL-102899,CUST-50410,Motor,East,Broker,2022-05-28,2023-01-17,0.479,452.5,0,0.0,48.0,8
POL-102900,CUST-52618,Home,West,Broker,2023-01-06,2023-07-26,0.519,290.38,0,0.0,37.0,4
POL-102901,CUST-52884,Home,North,Online,2023-08-08,2024-04-23,0.718,561.26,0,0.0,65.0,18
POL-102902,CUST-52018,Liability,South,Broker,2023-09-23,2024-05-22,0.959,924.14,0,0.0,53.0,3
POL-102903,CUST-52963,Motor,North,Direct,2023-03-27,2024-03-19,0.747,761.8,0,0.0,72.0,15
POL-102904,CUST-50649,Commercial,Central,Direct,2023-04-21,2024-02-12,0.966,1674.97,1,28139.24,62.0,19
POL-102905,CUST-51538,Motor,West,Broker,2023-09-23,2024-09-12,0.391,264.23,0,0.0,38.0,18
POL-102906,CUST-50523,Home,West,Online,2023-04-02,2024-02-15,0.714,327.41,0,0.0,36.0,10
POL-102907,CUST-51599,Home,East,Online,2023-11-24,2024-10-01,0.872,697.1,0,0.0,23.0,16
POL-102908,CUST-52673,Commercial,Central,Direct,2022-04-04,2022-10-21,0.632,1091.06,0,0.0,53.0,16
POL-102909,CUST-50876,Liability,Central,Online,2022-09-11,2023-03-22,0.522,420.75,0,0.0,60.0,19
POL-102910,CUST-51262,Commercial,West,Broker,2022-03-23,2022-09-27,0.989,1686.43,0,0.0,38.0,7
POL-102911,CUST-51548,Commercial,Central,Online,2022-03-08,2022-12-23,0.356,480.39,0,0.0,19.0,12
POL-102912,CUST-51391,Motor,West,Online,2022-12-11,2023-07-16,0.558,350.85,1,2233.89,65.0,16
POL-102913,CUST-52906,Liability,West,Direct,2022-06-14,2023-06-12,0.905,762.85,0,0.0,30.0,4
POL-102914,CUST-51279,Home,South,Online,2022-10-25,2023-05-17,0.925,704.87,0,0.0,51.0,4
POL-102915,CUST-50763,Motor,Central,Direct,2022-11-16,2023-11-07,0.985,815.07,0,0.0,21.0,7
POL-102916,CUST-50982,Home,North,Broker,2023-03-30,2024-01-28,0.914,612.81,0,0.0,21.0,7
POL-102917,CUST-50913,Motor,West,Broker,2023-11-22,2024-06-08,0.288,194.76,0,0.0,69.0,15
POL-102918,CUST-50945,Home,West,Broker,2023-09-13,2024-03-21,0.947,449.08,0,0.0,56.0,18
POL-102919,CUST-52692,Motor,North,Direct,2022-10-04,2023-06-14,0.571,421.03,0,0.0,18.0,3
POL-102920,CUST-51538,Motor,West,Agent,2022-08-26,2023-04-26,0.739,647.48,1,1358.65,23.0,6
POL-102921,CUST-51153,Liability,North,Direct,2023-07-17,2024-03-11,0.546,691.8,0,0.0,46.0,18
POL-102922,CUST-50424,Liability,East,Broker,2022-04-01,2023-01-04,0.86,1040.33,0,0.0,56.0,11
POL-102923,CUST-52917,Home,Central,Broker,2023-01-30,2023-08-22,0.682,343.37,0,0.0,42.0,4
POL-102924,CUST-50459,Liability,North,Agent,2022-11-05,2023-05-28,0.884,649.77,0,0.0,67.0,12
POL-102925,CUST-51048,Motor,South,Agent,2022-05-14,2023-03-19,0.395,288.02,0,0.0,55.0,17
POL-102926,CUST-52098,Motor,East,Direct,2023-03-27,2024-03-25,0.389,428.73,0,0.0,53.0,7
POL-102927,CUST-50013,Liability,Central,Broker,2022-08-23,2023-04-10,0.58,603.13,0,0.0,34.0,9
POL-102928,CUST-50948,Home,South,Agent,2022-05-16,2023-05-04,0.254,199.19,0,0.0,56.0,12
POL-102929,CUST-52861,Commercial,North,Agent,2023-04-22,2023-12-22,0.77,1070.4,0,0.0,67.0,16
POL-102930,CUST-50072,Motor,North,Broker,2022-05-08,2023-01-05,0.472,446.66,0,0.0,20.0,11
POL-102931,CUST-50710,Motor,North,Agent,2023-05-07,2023-11-19,0.668,633.84,0,0.0,59.0,19
POL-102932,CUST-50258,Motor,Central,Agent,2022-04-29,2023-01-12,0.303,293.27,0,0.0,68.0,15
POL-102933,CUST-52082,Liability,West,Direct,2022-11-14,2023-08-13,0.378,381.22,0,0.0,42.0,8
POL-102934,CUST-50034,Motor,East,Direct,2023-08-13,2024-06-11,0.717,528.68,0,0.0,61.0,9
POL-102935,CUST-50142,Home,Central,Online,2022-06-16,2023-01-11,0.479,296.96,0,0.0,38.0,13
POL-102936,CUST-51417,Motor,Central,Agent,2023-07-15,2024-02-15,0.411,482.92,0,0.0,28.0,1
POL-102937,CUST-52244,Home,Central,Agent,2023-06-11,2024-02-26,0.422,232.98,0,0.0,64.0,4
POL-102938,CUST-52713,Motor,North,Agent,2023-10-21,2024-04-30,0.411,421.8,0,0.0,35.0,4
POL-102939,CUST-50660,Commercial,North,Direct,2022-05-04,2022-11-26,0.717,1415.29,0,0.0,61.0,16
POL-102940,CUST-51715,Home,West,Agent,2023-06-07,2024-03-30,0.376,255.59,0,0.0,35.0,16
POL-102941,CUST-52400,Motor,South,Agent,2023-11-15,2024-11-06,0.522,462.57,0,0.0,40.0,16
POL-102942,CUST-52188,Motor,North,Broker,2023-07-12,2024-04-23,0.766,510.84,0,0.0,57.0,2
POL-102943,CUST-52899,Motor,West,Broker,2022-05-18,2022-12-10,0.635,662.43,1,1176.92,37.0,5
POL-102944,CUST-50227,Commercial,South,Broker,2023-08-24,2024-08-22,0.698,1354.23,0,0.0,64.0,6
POL-102945,CUST-50135,Commercial,Central,Direct,2022-03-20,2022-12-22,0.438,880.55,0,0.0,20.0,0
POL-102946,CUST-52058,Motor,East,Online,2023-03-06,2024-01-13,0.95,679.24,0,0.0,18.0,5
POL-102947,CUST-51103,Home,South,Broker,2022-12-30,2023-08-03,0.56,466.65,0,0.0,22.0,8
POL-102948,CUST-52215,Motor,Central,Agent,2023-01-23,2023-11-06,0.465,379.12,0,0.0,32.0,17
POL-102949,CUST-52147,Commercial,West,Broker,2023-01-15,2023-07-28,0.928,1525.11,0,0.0,21.0,3
POL-102950,CUST-51327,Liability,South,Agent,2022-01-23,2022-11-15,0.741,622.01,0,0.0,39.0,17
POL-102951,CUST-52989,Commercial,North,Agent,2023-01-06,2023-08-11,0.71,899.65,0,0.0,19.0,16
POL-102952,CUST-52645,Motor,East,Broker,2023-11-15,2024-10-29,0.915,881.4,1,3840.19,61.0,3
POL-102953,CUST-51089,Motor,West,Agent,2022-11-15,2023-05-24,0.294,259.74,0,0.0,26.0,5
POL-102954,CUST-50015,Liability,Central,Agent,2022-07-22,2023-05-19,0.878,1183.17,1,15261.35,73.0,9
POL-102955,CUST-52984,Motor,North,Direct,2023-12-28,2024-07-20,0.758,570.29,0,0.0,66.0,18
POL-102956,CUST-52904,Home,East,Online,2022-03-14,2023-01-15,0.52,423.84,0,0.0,57.0,15
POL-102957,CUST-52697,Liability,Central,Agent,2022-12-21,2023-09-18,0.442,442.83,0,0.0,63.0,19
POL-102958,CUST-50167,Commercial,West,Broker,2023-01-10,2024-01-04,0.329,378.87,0,0.0,62.0,6
POL-102959,CUST-52157,Home,North,Online,2022-12-15,2023-10-12,0.956,514.12,1,2406.09,66.0,18
POL-102960,CUST-52881,Home,Central,Agent,2023-11-04,2024-07-10,0.356,271.26,0,0.0,49.0,19
POL-102961,CUST-51145,Liability,West,Direct,2022-11-04,2023-05-19,0.445,557.62,0,0.0,53.0,11
POL-102962,CUST-52263,Motor,East,Agent,2023-12-12,2024-09-27,0.768,475.04,0,0.0,44.0,3
POL-102963,CUST-51610,Liability,West,Online,2022-02-18,2022-11-07,0.783,757.38,0,0.0,53.0,5
POL-102964,CUST-51389,Motor,West,Agent,2023-06-20,2023-12-26,0.371,329.83,0,0.0,39.0,2
POL-102965,CUST-52161,Commercial,South,Agent,2023-03-09,2023-12-22,0.861,1411.4,0,0.0,25.0,16
POL-102966,CUST-51741,Liability,West,Online,2022-06-25,2023-01-30,0.633,716.76,1,4489.1,,6
POL-102967,CUST-52057,Home,South,Direct,2022-06-16,2023-01-25,0.886,703.89,0,0.0,57.0,14
POL-102968,CUST-50671,Motor,South,Agent,2023-06-10,2023-12-08,0.315,238.67,0,0.0,58.0,5
POL-102969,CUST-50865,Motor,East,Direct,2023-04-11,2023-12-16,0.282,186.57,0,0.0,33.0,19
POL-102970,CUST-51919,Commercial,North,Online,2023-03-23,2023-10-29,0.728,876.72,0,0.0,61.0,15
POL-102971,CUST-51671,Home,West,Broker,2022-02-07,2022-08-19,0.363,305.13,0,0.0,47.0,7
POL-102972,CUST-51149,Motor,East,Agent,2023-03-13,2023-11-28,0.644,592.66,0,0.0,22.0,9
POL-102973,CUST-52505,Commercial,West,Agent,2023-12-18,2024-07-25,0.261,322.96,0,0.0,72.0,1
POL-102974,CUST-51024,Liability,North,Online,2022-01-13,2022-08-05,0.835,1022.96,0,0.0,74.0,2
POL-102975,CUST-51425,Commercial,East,Agent,2022-12-09,2023-09-01,0.925,1490.0,0,0.0,67.0,19
POL-102976,CUST-50948,Home,East,Agent,2022-12-27,2023-07-06,0.879,521.62,0,0.0,45.0,16
POL-102977,CUST-51698,Liability,North,Agent,2023-10-17,2024-10-15,0.969,676.9,0,0.0,31.0,16
POL-102978,CUST-51687,Commercial,East,Agent,2022-07-26,2023-04-19,0.927,1677.43,0,0.0,18.0,12
POL-102979,CUST-50982,Motor,Central,Broker,2022-12-14,2023-12-14,0.583,595.75,0,0.0,59.0,4
POL-102980,CUST-52320,Liability,Central,Broker,2023-06-08,2024-05-16,0.549,475.33,0,0.0,68.0,2
POL-102981,CUST-50480,Home,North,Agent,2022-02-14,2023-02-11,0.922,506.44,0,0.0,23.0,14
POL-102982,CUST-52310,Liability,Central,Agent,2023-08-08,2024-05-14,0.945,824.27,0,0.0,57.0,6
POL-102983,CUST-50197,Commercial,East,Agent,2023-08-24,2024-05-08,0.98,1661.57,0,0.0,19.0,0
POL-102984,CUST-50751,Home,North,Agent,2023-06-10,2024-04-18,0.826,463.94,0,0.0,62.0,0
POL-102985,CUST-51218,Motor,Central,Agent,2023-04-19,2023-10-31,0.401,312.65,0,0.0,19.0,11
POL-102986,CUST-51270,Motor,East,Direct,2023-06-30,2024-05-31,0.959,785.51,0,0.0,73.0,16
POL-102987,CUST-51895,Motor,Central,Agent,2023-07-25,2024-03-21,0.96,1131.09,0,0.0,27.0,7
POL-102988,CUST-52815,Home,North,Agent,2023-10-22,2024-04-20,0.75,475.26,0,0.0,40.0,19
POL-102989,CUST-52280,Commercial,North,Broker,2022-11-09,2023-06-21,0.893,1248.45,0,0.0,57.0,7
POL-102990,CUST-51633,Motor,Central,Direct,2022-11-29,2023-07-12,0.671,586.9,0,0.0,66.0,14
POL-102991,CUST-50252,Motor,South,Direct,2023-04-11,2023-10-10,0.958,979.96,1,4034.28,38.0,4
POL-102992,CUST-52976,Home,East,Online,2022-05-21,2023-03-21,0.32,261.61,0,0.0,73.0,12
POL-102993,CUST-50955,Motor,West,Agent,2023-09-18,2024-04-02,0.898,1063.71,0,0.0,18.0,5
POL-102994,CUST-51860,Motor,Central,Agent,2023-07-17,2024-06-18,0.292,258.19,0,0.0,44.0,15
POL-102995,CUST-52423,Motor,South,Agent,2023-04-06,2023-12-26,0.504,437.87,0,0.0,74.0,9
POL-102996,CUST-52098,Home,West,Agent,2022-08-09,2023-06-18,0.351,202.65,0,0.0,33.0,0
POL-102997,CUST-50336,Home,West,Online,2022-09-11,2023-05-12,0.609,470.22,0,0.0,48.0,4
POL-102998,CUST-50779,Commercial,West,Broker,2022-11-14,2023-06-06,0.424,712.5,0,0.0,43.0,7
POL-102999,CUST-52979,Motor,East,Direct,2023-04-29,2023-11-28,0.964,782.0,0,0.0,40.0,9
POL-103000,CUST-52303,Motor,North,Online,2023-07-22,2024-05-17,0.669,604.46,0,0.0,61.0,5
POL-103001,CUST-51898,Commercial,South,Online,2023-05-06,2024-03-14,0.923,1129.67,0,0.0,47.0,11
POL-103002,CUST-51338,Liability,East,Broker,2023-11-10,2024-06-26,0.459,533.39,0,0.0,,19
POL-103003,CUST-52820,Motor,East,Online,2023-12-03,2024-08-05,0.269,200.41,0,0.0,47.0,14
POL-103004,CUST-52180,Commercial,North,Broker,2023-05-30,2024-05-19,0.832,1139.66,0,0.0,74.0,6
POL-103005,CUST-52190,Commercial,West,Agent,2022-09-28,2023-09-01,0.777,842.38,0,0.0,44.0,13
POL-103006,CUST-52748,Liability,East,Broker,2023-03-14,2023-11-25,0.659,551.47,0,0.0,63.0,19
POL-103007,CUST-52891,Motor,West,Online,2022-11-07,2023-06-19,0.862,612.84,0,0.0,52.0,4
POL-103008,CUST-52578,Motor,East,Direct,2023-04-05,2023-11-27,0.88,908.61,0,0.0,63.0,4
POL-103009,CUST-51995,Motor,South,Broker,2023-08-16,2024-05-22,0.691,696.67,0,0.0,68.0,0
POL-103010,CUST-50686,Commercial,North,Online,2022-09-27,2023-07-09,0.974,1520.62,0,-500.0,30.0,16
POL-103011,CUST-50804,Commercial,North,Broker,2023-01-05,2023-08-07,0.79,1112.21,1,12480.95,35.0,16
POL-103012,CUST-50462,Home,East,Direct,2022-02-03,2022-08-14,0.758,621.56,0,0.0,35.0,8
POL-103013,CUST-52400,Motor,South,Agent,2023-06-22,2024-03-20,0.521,584.06,0,0.0,45.0,17
POL-103014,CUST-51003,Motor,West,Agent,2022-12-24,2023-11-17,0.252,240.33,0,0.0,46.0,13
POL-103015,CUST-50678,Home,West,Agent,2022-12-02,2023-06-28,0.431,310.13,0,0.0,18.0,19
POL-103016,CUST-52177,Liability,South,Online,2023-01-24,2023-10-06,0.823,1014.24,0,0.0,69.0,18
POL-103017,CUST-51695,Motor,West,Online,2022-06-07,2023-01-03,0.782,801.59,0,0.0,67.0,19
POL-103018,CUST-50737,Home,East,Agent,2023-03-13,2023-10-24,0.498,264.74,0,0.0,52.0,7
POL-103019,CUST-51119,Home,Central,Agent,2023-06-28,2024-04-16,0.719,469.12,0,0.0,35.0,12
POL-103020,CUST-51443,Commercial,Central,Agent,2022-09-13,2023-05-04,0.396,462.99,0,0.0,65.0,3
POL-103021,CUST-52397,Commercial,Central,Direct,2022-04-06,2022-11-21,0.448,822.76,0,0.0,33.0,17
POL-103022,CUST-50020,Motor,North,Broker,2022-10-10,2023-10-10,0.961,945.51,0,0.0,35.0,6
POL-103023,CUST-52278,Home,East,Broker,2022-05-25,2022-12-23,0.56,481.0,0,0.0,74.0,8
POL-103024,CUST-50236,Commercial,North,Agent,2022-09-30,2023-05-03,0.434,,0,0.0,70.0,11
POL-103025,CUST-52591,Liability,Central,Agent,2023-04-03,2024-03-20,0.615,637.12,0,0.0,51.0,15
POL-103026,CUST-50353,Home,West,Online,2022-03-24,2022-12-31,0.54,404.04,0,0.0,27.0,14
POL-103027,CUST-50740,Motor,South,Broker,2023-06-30,2024-01-03,0.797,885.52,0,0.0,25.0,19
POL-103028,CUST-51107,Home,West,Agent,2022-06-13,2023-02-27,0.972,781.85,0,0.0,72.0,14
POL-103029,CUST-52992,Home,East,Agent,2023-10-16,2024-07-27,0.694,362.04,0,0.0,33.0,15
POL-103030,CUST-51194,Motor,East,Agent,2023-06-19,2024-02-01,0.693,817.38,0,0.0,56.0,11
POL-103031,CUST-52416,Liability,East,Agent,2022-07-18,2023-04-25,0.524,712.22,0,0.0,38.0,8
POL-103032,CUST-50769,Motor,Central,Agent,2023-02-16,2023-12-13,0.673,788.48,0,0.0,46.0,18
POL-103033,CUST-51160,Liability,West,Direct,2022-03-22,2022-11-03,0.489,541.29,0,0.0,74.0,7
POL-103034,CUST-51551,Motor,East,Agent,2022-03-14,2023-02-08,0.251,273.59,0,0.0,51.0,12
POL-103035,CUST-50382,Motor,West,Broker,2023-11-29,2024-08-19,0.9,576.22,0,0.0,42.0,5
POL-103036,CUST-50090,Home,North,Broker,2023-08-09,2024-08-02,0.572,311.67,0,0.0,41.0,9
POL-103037,CUST-51048,Home,South,Agent,2022-04-23,2022-11-05,0.619,293.36,0,0.0,31.0,7
POL-103038,CUST-52358,Commercial,North,Broker,2022-07-26,2023-03-23,0.313,478.31,0,0.0,49.0,5
POL-103039,CUST-50318,Home,Central,Online,2022-05-25,2023-04-04,0.878,748.66,0,0.0,50.0,16
POL-103040,CUST-52455,Motor,North,Agent,2022-10-16,2023-09-27,0.378,370.91,0,0.0,23.0,15
POL-103041,CUST-51846,Liability,Central,Direct,2022-08-01,2023-03-10,0.558,559.35,0,0.0,41.0,14
POL-103042,CUST-50822,Home,Central,Agent,2022-08-28,2023-08-25,0.88,684.72,0,0.0,54.0,1
POL-103043,CUST-50338,Motor,Central,Agent,2023-01-22,2023-08-25,0.593,547.01,0,0.0,21.0,4
POL-103044,CUST-51651,Commercial,West,Agent,2022-05-19,2023-01-31,0.948,1402.58,0,0.0,73.0,4
POL-103045,CUST-51291,Motor,East,Direct,2023-10-07,2024-06-01,0.407,394.57,0,0.0,67.0,14
POL-103046,CUST-50326,Motor,Central,Broker,2023-06-16,2024-02-29,0.786,,0,0.0,54.0,17
POL-103047,CUST-52002,Home,Central,Direct,2023-07-10,2024-06-21,0.983,700.32,0,0.0,18.0,7
POL-103048,CUST-52511,Home,Central,Agent,2022-05-04,2023-03-16,0.662,517.91,0,0.0,47.0,6
POL-103049,CUST-51359,Home,West,Direct,2023-06-01,2024-04-24,0.769,488.08,0,0.0,69.0,11
POL-103050,CUST-51354,Liability,West,Agent,2023-09-03,2024-04-17,0.545,529.03,0,0.0,19.0,19
POL-103051,CUST-52644,Motor,West,Agent,2022-05-08,2023-04-29,0.814,754.91,0,0.0,63.0,7
POL-103052,CUST-51162,Liability,Central,Direct,2023-07-03,2024-03-20,0.932,1217.81,0,0.0,65.0,5
POL-103053,CUST-50722,Motor,East,Agent,2022-09-19,2023-07-17,0.777,657.87,0,0.0,22.0,10
POL-103054,CUST-52541,Motor,East,Broker,2023-07-29,2024-06-02,0.952,1046.64,0,0.0,31.0,18
POL-103055,CUST-51571,Motor,Central,Broker,2022-12-16,2023-10-15,0.691,664.89,0,0.0,59.0,14
POL-103056,CUST-52813,Motor,South,Direct,2023-08-09,2024-05-26,0.683,411.42,0,0.0,69.0,10
POL-103057,CUST-52739,Motor,West,Direct,2022-04-18,2023-01-12,0.478,419.85,0,0.0,61.0,14
POL-103058,CUST-52432,Commercial,North,Agent,2022-10-12,2023-08-08,0.782,960.84,0,0.0,47.0,0
POL-103059,CUST-51059,Commercial,East,Agent,2022-07-19,2023-07-02,0.911,1063.7,0,0.0,52.0,15
POL-103060,CUST-52153,Commercial,North,Broker,2022-07-01,2023-03-10,0.735,920.92,0,0.0,47.0,1
POL-103061,CUST-51418,Motor,Central,Agent,2022-08-14,2023-05-16,0.425,433.03,0,0.0,50.0,7
POL-103062,CUST-52292,Commercial,Central,Agent,2022-10-07,2023-05-08,0.658,1086.88,0,0.0,61.0,6
POL-103063,CUST-52798,Motor,South,Agent,2022-04-03,2022-12-05,0.817,747.09,0,0.0,20.0,13
POL-103064,CUST-52197,Commercial,North,Broker,2023-06-01,2024-04-19,0.955,1449.4,0,0.0,29.0,4
POL-103065,CUST-51497,Commercial,West,Broker,2023-02-06,2023-12-02,0.367,517.48,0,0.0,21.0,4
POL-103066,CUST-52977,Motor,Central,Agent,2023-08-29,2024-04-04,0.346,388.39,0,0.0,63.0,17
POL-103067,CUST-52592,Home,South,Agent,2023-05-30,2024-03-06,0.56,469.66,0,0.0,59.0,9
POL-103068,CUST-50734,Liability,Central,Agent,2022-04-19,2023-03-16,0.344,416.38,0,0.0,21.0,14
POL-103069,CUST-52821,Motor,East,Agent,2022-02-21,2022-09-12,0.985,755.0,0,0.0,24.0,11
POL-103070,CUST-51439,Commercial,East,Direct,2022-11-05,2023-05-15,0.568,1103.38,0,0.0,33.0,12
POL-103071,CUST-50768,Liability,South,Agent,2022-12-18,2023-08-28,0.65,811.15,0,0.0,31.0,13
POL-103072,CUST-50884,Motor,South,Agent,2022-06-25,2023-04-23,0.42,280.89,0,0.0,47.0,13
POL-103073,CUST-52357,Motor,South,Online,2023-07-26,2024-03-20,0.587,468.6,0,0.0,46.0,18
POL-103074,CUST-51155,Home,North,Broker,2023-03-01,2024-01-27,0.989,569.84,0,0.0,38.0,15
POL-103075,CUST-51961,Commercial,South,Agent,2023-07-01,2024-06-02,0.617,1083.45,0,0.0,27.0,6
POL-103076,CUST-51334,Motor,South,Direct,2022-03-21,2022-12-25,0.257,233.03,0,0.0,55.0,3
POL-103077,CUST-52960,Home,North,Direct,2023-08-19,2024-04-25,0.432,237.53,0,0.0,63.0,16
POL-103078,CUST-50409,Motor,South,Online,2022-05-31,2022-12-04,0.984,720.61,0,0.0,54.0,7
POL-103079,CUST-51756,Liability,North,Online,2022-11-24,2023-10-22,0.992,991.85,0,0.0,64.0,6
POL-103080,CUST-51067,Commercial,North,Direct,2022-11-17,2023-10-29,0.408,689.91,0,0.0,70.0,2
POL-103081,CUST-52378,Home,West,Agent,2023-08-23,2024-05-11,0.711,465.55,0,0.0,66.0,11
POL-103082,CUST-52828,Liability,North,Broker,2022-07-22,2023-04-24,0.308,266.44,0,0.0,55.0,10
POL-103083,CUST-51037,Home,South,Agent,2022-06-25,2023-05-11,0.683,480.2,0,0.0,20.0,16
POL-103084,CUST-52723,Liability,West,Broker,2022-09-05,2023-07-11,0.344,471.71,0,0.0,37.0,14
POL-103085,CUST-51819,Motor,North,Online,2022-09-21,2023-04-14,0.864,604.9,0,0.0,42.0,14
POL-103086,CUST-50165,Motor,West,Agent,2022-05-13,2023-03-14,0.955,868.47,0,0.0,58.0,10
POL-103087,CUST-52335,Commercial,North,Online,2022-05-09,2023-04-25,0.38,530.59,0,0.0,66.0,17
POL-103088,CUST-51654,Motor,North,Broker,2022-06-18,2023-05-03,0.597,432.8,1,2251.87,54.0,19
POL-103089,CUST-52900,Motor,North,Agent,2022-12-08,2023-09-03,0.327,364.91,0,0.0,38.0,16
POL-103090,CUST-51376,Commercial,Central,Online,2022-09-08,2023-06-12,0.504,1001.52,0,0.0,62.0,6
POL-103091,CUST-50755,Home,North,Broker,2022-10-14,2023-05-30,0.299,175.21,0,0.0,57.0,5
POL-103092,CUST-50518,Motor,North,Broker,2023-06-09,2024-04-06,0.448,359.13,0,0.0,63.0,0
POL-103093,CUST-50236,Motor,Central,Broker,2022-06-25,2023-02-04,0.993,645.05,0,0.0,51.0,19
POL-103094,CUST-52116,Motor,West,Agent,2023-10-27,2024-06-26,0.283,272.41,0,0.0,54.0,14
POL-103095,CUST-52928,Motor,East,Agent,2023-07-03,2024-02-17,0.894,546.05,0,0.0,37.0,18
POL-103096,CUST-51940,Motor,North,Direct,2022-05-08,2023-01-05,0.308,274.2,0,0.0,40.0,15
POL-103097,CUST-51807,Home,South,Online,2022-08-18,2023-04-23,0.647,323.71,0,0.0,33.0,8
POL-103098,CUST-50084,Commercial,East,Direct,2022-05-14,2022-11-25,0.589,999.77,0,0.0,32.0,2
POL-103099,CUST-50051,Motor,East,Online,2022-07-19,2023-05-28,0.949,1089.17,1,1485.27,55.0,0
POL-103100,CUST-51497,Motor,East,Online,2022-09-24,2023-06-13,0.399,258.48,0,0.0,39.0,15
POL-103101,CUST-51559,Home,North,Agent,2022-04-06,2023-03-28,0.385,297.04,0,0.0,25.0,6
POL-103102,CUST-51276,Motor,Central,Direct,2022-01-11,2022-08-12,0.812,884.42,0,0.0,19.0,7
POL-103103,CUST-52808,Motor,West,Direct,2022-11-17,2023-09-17,0.794,555.68,0,0.0,67.0,16
POL-103104,CUST-50990,Motor,South,Agent,2023-05-27,2023-12-26,0.774,885.43,0,0.0,42.0,9
POL-103105,CUST-52953,Home,Central,Broker,2022-08-10,2023-05-18,0.27,189.94,0,0.0,50.0,19
POL-103106,CUST-50790,Motor,South,Direct,2023-09-21,2024-06-18,0.445,406.41,0,0.0,69.0,10
POL-103107,CUST-50977,Motor,North,Online,2022-09-27,2023-06-17,0.88,875.15,0,0.0,24.0,16
POL-103108,CUST-50897,Home,Central,Online,2023-10-20,2024-08-16,0.701,391.89,0,0.0,71.0,2
POL-103109,CUST-52345,Commercial,North,Broker,2022-06-22,2023-05-22,0.702,730.64,0,0.0,58.0,7
POL-103110,CUST-50993,Commercial,North,Direct,2023-01-29,2023-09-24,0.472,690.86,0,0.0,54.0,3
POL-103111,CUST-51376,Liability,West,Broker,2023-07-12,2024-06-14,0.445,532.19,0,0.0,42.0,1
POL-103112,CUST-50334,Home,South,Online,2022-02-13,2022-09-15,0.96,799.39,0,0.0,58.0,19
POL-103113,CUST-51194,Motor,North,Direct,2023-11-10,2024-07-01,0.796,677.33,0,0.0,29.0,10
POL-103114,CUST-50599,Motor,North,Online,2022-09-24,2023-05-19,0.345,259.4,0,0.0,35.0,7
POL-103115,CUST-52274,Motor,North,Online,2022-12-30,2023-12-22,0.953,641.48,1,3852.01,72.0,7
POL-103116,CUST-52438,Motor,Central,Agent,2023-04-04,2023-10-23,0.687,791.16,0,0.0,33.0,4
POL-103117,CUST-50809,Motor,West,Online,2023-04-15,2023-12-24,0.5,366.21,1,4734.66,59.0,2
POL-103118,CUST-52964,Motor,Central,Direct,2022-01-18,2022-10-03,0.548,623.12,0,0.0,71.0,18
POL-103119,CUST-51279,Commercial,West,Agent,2023-09-26,2024-08-19,0.794,954.0,0,0.0,51.0,2
POL-103120,CUST-52504,Home,East,Agent,2023-04-01,2023-12-27,0.532,235.07,0,0.0,34.0,7
POL-103121,CUST-50739,Motor,South,Direct,2023-12-31,2024-12-24,0.684,498.23,0,0.0,66.0,3
POL-103122,CUST-52576,Home,Central,Agent,2022-12-11,2023-10-24,0.783,507.28,0,0.0,65.0,18
POL-103123,CUST-50427,Motor,Central,Agent,2023-03-24,2024-01-28,0.397,318.58,0,0.0,49.0,4
POL-103124,CUST-51085,Home,East,Broker,2022-11-18,2023-10-04,0.958,793.18,0,0.0,24.0,7
POL-103125,CUST-51137,Home,North,Agent,2023-10-12,2024-05-09,0.517,346.68,0,0.0,43.0,15
POL-103126,CUST-50558,Motor,West,Broker,2023-08-31,2024-05-20,0.565,375.77,0,0.0,42.0,11
POL-103127,CUST-52877,Motor,South,Direct,2023-10-26,2024-08-10,0.774,748.51,0,0.0,28.0,7
POL-103128,CUST-50881,Liability,South,Agent,2023-01-04,2023-08-10,0.707,673.64,1,10208.27,40.0,11
POL-103129,CUST-51256,Home,West,Direct,2023-08-01,2024-02-19,0.58,422.62,0,0.0,26.0,8
POL-103130,CUST-50050,Home,Central,Agent,2022-09-19,2023-04-12,0.737,571.32,0,0.0,57.0,5
POL-103131,CUST-52049,Motor,West,Online,2022-12-03,2023-10-25,0.927,1095.16,0,0.0,42.0,11
POL-103132,CUST-50538,Motor,North,Broker,2023-07-09,2024-05-06,0.85,797.39,0,0.0,59.0,7
POL-103133,CUST-50855,Motor,West,Online,2022-03-01,2022-10-19,0.868,705.87,0,0.0,43.0,19
POL-103134,CUST-52751,Liability,Central,Direct,2023-06-03,2024-04-15,0.444,436.65,0,0.0,58.0,9
POL-103135,CUST-52596,Motor,West,Online,2022-01-12,2022-11-17,0.565,471.53,0,0.0,59.0,15
POL-103136,CUST-50344,Motor,South,Broker,2023-02-28,2024-01-25,0.665,573.94,1,3251.31,27.0,4
POL-103137,CUST-51874,Liability,West,Broker,2022-12-15,2023-11-29,0.283,199.97,0,0.0,43.0,12
POL-103138,CUST-52242,Home,South,Agent,2022-12-09,2023-11-18,0.827,447.69,0,0.0,60.0,11
POL-103139,CUST-52851,Motor,Central,Broker,2022-12-27,2023-07-28,0.493,583.08,0,0.0,51.0,14
POL-103140,CUST-50722,Home,Central,Broker,2022-12-26,2023-11-14,0.462,386.58,0,0.0,30.0,9
POL-103141,CUST-50977,Home,East,Direct,2022-10-25,2023-07-05,0.444,202.0,0,0.0,65.0,14
POL-103142,CUST-50710,Liability,North,Agent,2022-11-26,2023-08-07,0.463,628.75,0,0.0,29.0,1
POL-103143,CUST-51614,Motor,East,Broker,2023-02-19,2023-12-16,0.504,537.37,0,0.0,74.0,13
POL-103144,CUST-51809,Commercial,North,Broker,2023-07-12,2024-04-29,0.704,716.52,0,0.0,58.0,15
POL-103145,CUST-50573,Motor,West,Broker,2023-02-08,2023-10-24,0.688,783.3,0,0.0,36.0,9
POL-103146,CUST-50068,Commercial,West,Direct,2023-04-15,2024-04-14,0.442,879.48,0,0.0,29.0,0
POL-103147,CUST-50407,Commercial,South,Broker,2023-09-03,2024-04-02,0.405,669.54,0,0.0,69.0,11
POL-103148,CUST-50626,Commercial,Central,Broker,2023-12-24,2024-07-09,0.87,1579.18,0,0.0,47.0,15
POL-103149,CUST-51756,Commercial,West,Broker,2022-03-21,2022-09-22,0.32,432.81,0,0.0,,9
POL-103150,CUST-50601,Commercial,Central,Direct,2023-06-05,2024-05-01,0.635,1013.4,0,0.0,65.0,1
POL-103151,CUST-52410,Motor,South,Direct,2022-06-14,2023-02-24,0.64,659.37,0,0.0,21.0,7
POL-103152,CUST-51926,Motor,North,Agent,2022-05-24,2023-02-09,0.681,632.62,0,0.0,56.0,19
POL-103153,CUST-50599,Motor,East,Agent,2023-08-02,2024-05-28,0.914,709.48,0,0.0,37.0,5
POL-103154,CUST-52971,Home,South,Direct,2022-02-20,2022-11-07,0.718,513.91,0,0.0,69.0,10
POL-103155,CUST-52108,Motor,West,Direct,2023-09-11,2024-06-23,0.98,1071.98,0,0.0,30.0,7
POL-103156,CUST-52610,Commercial,East,Agent,2023-07-17,2024-01-23,0.904,1684.65,0,0.0,19.0,14
POL-103157,CUST-52014,Commercial,West,Broker,2023-12-28,2024-07-24,0.411,472.3,0,0.0,55.0,8
POL-103158,CUST-51980,Liability,North,Agent,2023-05-03,2024-04-20,0.431,427.36,0,0.0,49.0,7
POL-103159,CUST-51447,Motor,North,Direct,2023-09-30,2024-06-19,0.509,314.59,0,0.0,49.0,11
POL-103160,CUST-51968,Commercial,Central,Agent,2022-03-28,2022-10-25,0.544,901.55,0,0.0,33.0,11
POL-103161,CUST-52300,Commercial,East,Direct,2023-10-12,2024-06-16,0.665,838.43,0,0.0,46.0,9
POL-103162,CUST-52958,Liability,North,Direct,2022-04-28,2022-12-26,0.424,561.47,0,0.0,72.0,5
POL-103163,CUST-51781,Commercial,Central,Online,2022-08-18,2023-04-06,0.417,684.93,0,0.0,61.0,2
POL-103164,CUST-52261,Motor,North,Online,2022-04-04,2022-11-24,0.536,446.68,0,0.0,74.0,13
POL-103165,CUST-52839,Motor,Central,Broker,2022-10-21,2023-09-01,0.754,776.79,0,0.0,36.0,6
POL-103166,CUST-51831,Liability,South,Direct,2023-07-01,2024-01-16,0.766,634.46,0,0.0,67.0,12
POL-103167,CUST-52291,Commercial,East,Direct,2022-07-15,2023-03-09,0.982,1087.86,0,0.0,39.0,7
POL-103168,CUST-50566,Commercial,South,Online,2023-08-24,2024-05-17,0.402,443.68,0,0.0,71.0,17
POL-103169,CUST-52659,Commercial,North,Broker,2023-03-19,2023-12-24,0.545,875.57,0,0.0,67.0,14
POL-103170,CUST-52936,Commercial,East,Agent,2023-04-05,2024-03-13,0.974,1867.35,0,0.0,27.0,8
POL-103171,CUST-51084,Commercial,South,Online,2023-11-17,2024-11-02,0.768,953.16,0,0.0,73.0,6
POL-103172,CUST-52662,Liability,East,Agent,2022-11-12,2023-07-05,0.694,837.93,0,0.0,52.0,14
POL-103173,CUST-52432,Liability,East,Online,2022-09-09,2023-06-16,0.655,466.24,0,0.0,62.0,0
POL-103174,CUST-50698,Motor,West,Agent,2023-12-28,2024-06-29,0.307,247.21,0,0.0,51.0,1
POL-103175,CUST-52976,Motor,North,Broker,2023-02-11,2023-12-02,0.92,905.24,0,0.0,30.0,1
POL-103176,CUST-51753,Motor,South,Online,2023-03-25,2023-10-19,0.719,781.28,1,1698.47,74.0,6
POL-103177,CUST-50490,Motor,Central,Direct,2022-08-05,2023-02-14,0.679,785.06,0,0.0,24.0,9
POL-103178,CUST-50324,Commercial,Central,Broker,2022-06-07,2023-04-07,0.655,1085.37,0,0.0,64.0,5
POL-103179,CUST-51533,Commercial,East,Agent,2022-05-04,2022-12-03,0.544,807.63,0,0.0,29.0,3
POL-103180,CUST-51561,Motor,South,Agent,2022-06-13,2023-03-08,0.441,278.31,0,0.0,62.0,6
POL-103181,CUST-52587,Motor,East,Agent,2022-05-23,2022-12-07,0.816,619.35,0,0.0,42.0,9
POL-103182,CUST-51531,Home,West,Broker,2023-06-30,2024-05-13,0.632,527.49,0,0.0,31.0,5
POL-103183,CUST-51189,Commercial,South,Broker,2022-02-12,2022-12-31,0.275,441.83,0,0.0,31.0,11
POL-103184,CUST-50950,Home,Central,Agent,2023-04-05,2024-01-16,0.549,319.91,0,0.0,36.0,7
POL-103185,CUST-51524,Motor,North,Broker,2023-11-24,2024-10-24,0.946,702.92,0,0.0,69.0,18
POL-103186,CUST-50798,Motor,West,Online,2023-07-13,2024-03-30,0.53,351.19,1,3864.7,61.0,19
POL-103187,CUST-52242,Home,East,Online,2022-10-22,2023-05-24,0.56,425.71,0,0.0,56.0,13
POL-103188,CUST-50407,Home,East,Broker,2022-02-13,2022-09-09,0.718,440.11,0,0.0,53.0,11
POL-103189,CUST-52474,Commercial,East,Online,2023-09-01,2024-04-08,0.851,1672.72,0,0.0,41.0,0
POL-103190,CUST-50648,Liability,North,Broker,2022-01-03,2022-08-08,0.751,749.28,1,8776.21,69.0,12
POL-103191,CUST-50598,Motor,South,Agent,2023-05-13,2024-01-08,0.888,960.76,0,0.0,33.0,7
POL-103192,CUST-52922,Motor,South,Broker,2023-05-05,2023-12-10,0.335,225.28,0,0.0,71.0,5
POL-103193,CUST-51173,Motor,West,Online,2022-05-21,2023-03-06,0.943,645.76,0,0.0,39.0,15
POL-103194,CUST-52040,Motor,East,Agent,2023-06-25,2024-01-18,0.928,703.02,0,0.0,37.0,0
POL-103195,CUST-51183,Motor,East,Agent,2022-05-09,2023-02-28,0.639,452.91,0,0.0,45.0,5
POL-103196,CUST-52945,Motor,East,Online,2022-06-14,2023-02-11,0.719,845.66,0,0.0,60.0,15
POL-103197,CUST-50458,Motor,East,Direct,2023-08-16,2024-06-18,0.41,441.1,0,0.0,58.0,18
POL-103198,CUST-51397,Commercial,North,Direct,2023-12-16,2024-09-16,0.586,802.02,0,0.0,61.0,10
POL-103199,CUST-50273,Motor,Central,Direct,2022-07-13,2023-06-26,0.402,363.53,0,0.0,23.0,10
POL-103200,CUST-51713,Commercial,Central,Direct,2023-11-04,2024-07-22,0.266,413.96,0,0.0,27.0,19
POL-103201,CUST-52234,Motor,South,Agent,2023-10-29,2024-06-19,0.986,942.9,0,0.0,66.0,1
POL-103202,CUST-51405,Motor,West,Direct,2023-07-16,2024-04-30,0.444,291.55,0,0.0,73.0,9
POL-103203,CUST-52555,Motor,South,Agent,2022-04-13,2023-02-09,0.695,557.84,0,0.0,25.0,4
POL-103204,CUST-52305,Motor,North,Agent,2022-08-07,2023-04-25,0.475,306.91,0,0.0,69.0,9
POL-103205,CUST-52855,Motor,Central,Online,2023-05-10,2024-02-18,0.528,602.89,0,0.0,32.0,18
POL-103206,CUST-52987,Commercial,South,Agent,2023-12-31,2024-09-23,0.548,780.63,0,0.0,73.0,11
POL-103207,CUST-52868,Liability,South,Agent,2023-08-18,2024-04-10,0.501,593.55,0,0.0,74.0,19
POL-103208,CUST-51299,Motor,East,Agent,2022-11-03,2023-06-29,0.728,832.03,0,0.0,54.0,10
POL-103209,CUST-52984,Motor,East,Online,2022-06-21,2023-06-04,0.971,756.52,0,0.0,28.0,17
POL-103210,CUST-51983,Motor,South,Online,2023-12-03,2024-10-03,0.571,369.59,0,0.0,62.0,3
POL-103211,CUST-50248,Commercial,Central,Agent,2022-07-21,2023-02-03,0.98,1329.13,0,0.0,23.0,6
POL-103212,CUST-50247,Motor,South,Broker,2022-09-07,2023-08-31,0.751,746.67,0,0.0,37.0,5
POL-103213,CUST-51190,Motor,East,Direct,2023-12-06,2024-10-13,0.705,629.13,0,0.0,54.0,15
POL-103214,CUST-51669,Commercial,West,Direct,2023-02-15,2023-08-23,0.428,466.98,0,0.0,21.0,10
POL-103215,CUST-50246,Commercial,Central,Agent,2022-07-13,2023-05-24,0.297,322.62,0,0.0,40.0,4
POL-103216,CUST-51729,Home,East,Agent,2022-01-04,2022-10-20,0.889,655.74,0,0.0,63.0,3
POL-103217,CUST-52033,Motor,East,Broker,2022-11-10,2023-10-26,0.68,702.61,1,1455.31,23.0,7
POL-103218,CUST-52080,Motor,Central,Agent,2023-12-21,2024-09-17,0.561,370.35,0,0.0,38.0,3
POL-103219,CUST-52917,Motor,East,Direct,2022-11-12,2023-08-15,0.859,917.29,0,0.0,18.0,13
POL-103220,CUST-51092,Home,South,Agent,2023-05-26,2024-01-19,0.483,282.06,0,0.0,55.0,16
POL-103221,CUST-50110,Commercial,North,Online,2022-07-04,2023-02-28,0.838,908.59,0,0.0,22.0,19
POL-103222,CUST-52873,Motor,South,Direct,2023-07-21,2024-05-10,0.496,393.65,0,0.0,34.0,4
POL-103223,CUST-51578,Commercial,North,Direct,2023-07-21,2024-06-18,0.941,1652.8,0,0.0,47.0,8
POL-103224,CUST-51891,Home,South,Direct,2023-03-21,2024-02-29,0.451,324.09,0,0.0,30.0,10
POL-103225,CUST-51599,Commercial,East,Agent,2023-07-18,2024-06-05,0.353,530.8,0,0.0,31.0,9
POL-103226,CUST-51460,Motor,East,Agent,2023-02-27,2023-12-17,0.774,589.32,0,0.0,65.0,9
POL-103227,CUST-50489,Motor,North,Broker,2022-10-04,2023-07-04,0.372,313.84,0,0.0,62.0,4
POL-103228,CUST-51692,Motor,East,Direct,2023-06-23,2024-02-21,0.962,790.82,1,2669.11,22.0,2
POL-103229,CUST-52500,Commercial,East,Online,2023-09-02,2024-07-20,0.742,1046.87,0,0.0,66.0,8
POL-103230,CUST-50339,Motor,North,Broker,2023-09-06,2024-05-02,0.423,374.93,0,0.0,44.0,1
POL-103231,CUST-51184,Motor,South,Direct,2022-06-05,2023-01-20,0.407,352.42,0,0.0,26.0,1
POL-103232,CUST-52805,Commercial,West,Agent,2023-05-09,2024-04-14,0.943,1055.22,0,0.0,69.0,10
POL-103233,CUST-51261,Commercial,North,Agent,2022-01-04,2022-10-20,0.706,924.52,1,15573.75,37.0,17
POL-103234,CUST-50484,Home,South,Agent,2023-02-22,2023-10-25,0.92,450.83,0,0.0,36.0,10
POL-103235,CUST-52885,Home,East,Online,2023-02-21,2024-01-27,0.333,231.54,0,0.0,26.0,0
POL-103236,CUST-50410,Home,North,Broker,2022-09-23,2023-09-17,0.944,-582.92,0,0.0,68.0,16
POL-103237,CUST-50742,Home,West,Broker,2023-12-27,2024-08-22,0.64,464.39,0,0.0,34.0,13
POL-103238,CUST-51395,Motor,West,Direct,2023-10-07,2024-07-09,0.751,485.99,0,0.0,51.0,6
POL-103239,CUST-51156,Motor,South,Agent,2022-01-29,2022-10-25,0.53,424.12,0,0.0,31.0,5
POL-103240,CUST-51249,Motor,South,Agent,2022-06-02,2023-04-08,0.294,206.48,0,0.0,69.0,17
POL-103241,CUST-52310,Motor,West,Agent,2022-06-01,2023-05-23,0.968,629.0,0,0.0,62.0,9
POL-103242,CUST-51670,Home,South,Agent,2023-10-18,2024-07-26,0.996,766.6,0,0.0,46.0,2
POL-103243,CUST-51439,Home,North,Broker,2023-01-14,2023-12-08,0.523,256.7,0,0.0,37.0,5
POL-103244,CUST-52110,Motor,North,Agent,2023-06-17,2024-04-02,0.958,669.71,0,0.0,55.0,5
POL-103245,CUST-51810,Commercial,North,Direct,2023-08-15,2024-07-24,0.376,521.62,0,0.0,46.0,8
POL-103246,CUST-51886,Commercial,Central,Online,2023-07-15,2024-03-26,0.366,480.25,0,0.0,71.0,6
POL-103247,CUST-51433,Home,Central,Online,2022-03-07,2022-11-13,0.305,254.13,0,0.0,56.0,10
POL-103248,CUST-51663,Liability,East,Agent,2022-04-13,2022-12-27,0.543,740.77,0,0.0,19.0,6
POL-103249,CUST-50849,Motor,Central,Broker,2022-10-16,2023-10-16,0.289,244.59,0,0.0,64.0,12
POL-103250,CUST-51241,Motor,West,Agent,2022-09-05,2023-06-25,0.546,390.21,0,0.0,28.0,9
POL-103251,CUST-50488,Motor,East,Agent,2023-06-30,2024-01-24,0.354,315.55,0,0.0,35.0,18
POL-103252,CUST-50246,Home,West,Direct,2022-04-25,2022-10-29,0.798,518.0,0,0.0,42.0,16
POL-103253,CUST-52550,Motor,East,Broker,2022-09-29,2023-07-02,0.875,763.26,0,0.0,29.0,6
POL-103254,CUST-52421,Commercial,Central,Direct,2022-06-22,2023-05-17,0.766,793.3,0,0.0,71.0,0
POL-103255,CUST-50825,Motor,Central,Online,2022-05-18,2023-02-11,0.4,268.55,1,3053.25,73.0,11
POL-103256,CUST-51382,Home,Central,Agent,2022-05-07,2023-02-15,0.825,408.54,0,0.0,26.0,6
POL-103257,CUST-52992,Home,East,Online,2022-05-23,2023-04-16,0.437,256.37,1,1480.37,36.0,18
POL-103258,CUST-51593,Motor,East,Agent,2023-02-16,2023-11-19,0.82,771.27,0,0.0,39.0,8
POL-103259,CUST-50030,Commercial,North,Online,2022-10-27,2023-10-11,0.676,1288.46,0,0.0,56.0,5
POL-103260,CUST-51732,Home,West,Direct,2022-11-14,2023-09-08,0.0,278.74,0,0.0,52.0,6
POL-103261,CUST-52645,Commercial,North,Agent,2022-12-16,2023-10-27,0.313,562.7,0,0.0,56.0,17
POL-103262,CUST-50692,Home,East,Broker,2023-06-25,2024-05-15,0.871,463.52,0,0.0,19.0,2
POL-103263,CUST-52842,Home,North,Agent,2023-09-22,2024-07-14,0.955,427.99,0,0.0,47.0,19
POL-103264,CUST-52289,Motor,East,Direct,2023-01-20,2023-07-28,0.749,735.27,0,0.0,30.0,4
POL-103265,CUST-50176,Commercial,West,Agent,2023-04-14,2023-12-29,0.973,1199.57,0,0.0,31.0,16
POL-103266,CUST-52963,Motor,South,Online,2023-06-24,2024-01-16,0.951,1086.23,0,0.0,62.0,10
POL-103267,CUST-51882,Motor,West,Agent,2023-05-19,2024-02-17,0.396,455.55,0,0.0,26.0,11
POL-103268,CUST-50647,Motor,South,Online,2022-04-09,2022-11-01,0.798,524.68,0,0.0,19.0,4
POL-103269,CUST-52348,Home,South,Agent,2023-12-19,2024-09-18,0.512,265.48,0,0.0,45.0,14
POL-103270,CUST-52464,Motor,North,Direct,2022-05-01,2022-12-30,0.616,443.64,0,0.0,59.0,12
POL-103271,CUST-51846,Liability,North,Online,2022-10-28,2023-04-29,0.368,482.54,0,0.0,47.0,9
POL-103272,CUST-52892,Motor,South,Agent,2023-04-22,2023-11-11,0.981,629.24,0,0.0,27.0,9
POL-103273,CUST-52640,Motor,North,Agent,2022-10-22,2023-07-22,0.795,828.35,0,0.0,62.0,11
POL-103274,CUST-50934,Motor,Central,Broker,2022-06-27,2023-01-07,0.45,344.78,0,0.0,39.0,9
POL-103275,CUST-50397,Motor,West,Direct,2023-11-06,2024-10-10,0.529,498.08,0,0.0,58.0,19
POL-103276,CUST-52422,Motor,South,Online,2022-02-22,2023-01-09,0.567,397.17,0,0.0,29.0,0
POL-103277,CUST-52846,Commercial,Central,Agent,2022-06-29,2023-05-06,0.811,1487.07,1,8512.34,69.0,5
POL-103278,CUST-50882,Motor,South,Online,2023-12-26,2024-07-25,0.944,938.44,0,,34.0,17
POL-103279,CUST-51651,Motor,East,Online,2023-06-17,2024-05-10,0.491,298.32,0,0.0,73.0,15
POL-103280,CUST-51531,Motor,West,Direct,2022-03-05,2022-12-28,0.604,444.6,0,0.0,39.0,6
POL-103281,CUST-51033,Motor,West,Agent,2023-07-05,2024-03-13,0.695,606.37,0,0.0,59.0,10
POL-103282,CUST-51614,Liability,North,Agent,2023-12-09,2024-06-06,0.545,572.46,0,0.0,46.0,0
POL-103283,CUST-51575,Motor,South,Online,2022-03-13,2022-12-16,0.628,682.78,0,0.0,22.0,3
POL-103284,CUST-52955,Commercial,South,Direct,2022-10-30,2023-09-23,0.329,463.16,0,0.0,23.0,18
POL-103285,CUST-51017,Home,East,Direct,2022-12-08,2023-06-12,0.376,314.43,0,0.0,41.0,12
POL-103286,CUST-50446,Motor,Central,Online,2022-04-06,2022-10-12,0.551,391.41,0,0.0,29.0,0
POL-103287,CUST-51366,Commercial,East,Agent,2022-05-27,2023-02-02,0.936,1764.9,0,0.0,52.0,15
POL-103288,CUST-50424,Motor,East,Direct,2022-05-07,2023-02-06,0.512,580.13,0,0.0,25.0,8
POL-103289,CUST-50469,Commercial,North,Direct,2022-05-16,2023-02-08,0.437,721.53,0,0.0,51.0,11
POL-103290,CUST-51905,Home,East,Online,2022-10-22,2023-07-08,0.807,689.1,0,0.0,29.0,17
POL-103291,CUST-52533,Motor,East,Direct,2022-12-05,2023-07-20,0.962,807.41,0,0.0,28.0,16
POL-103292,CUST-50347,Liability,West,Broker,2022-06-23,2022-12-31,0.594,692.43,0,0.0,38.0,2
POL-103293,CUST-51168,Motor,Central,Agent,2022-07-31,2023-02-01,0.256,153.86,0,0.0,51.0,7
POL-103294,CUST-50549,Liability,East,Online,2022-05-21,2022-12-05,0.766,669.81,0,0.0,40.0,5
POL-103295,CUST-51401,Liability,North,Direct,2023-08-05,2024-06-08,0.561,602.81,0,0.0,37.0,18
POL-103296,CUST-51772,Motor,Central,Broker,2022-06-04,2023-04-26,0.755,842.72,0,0.0,37.0,15
POL-103297,CUST-52728,Motor,East,Online,2023-10-25,2024-07-11,0.458,532.19,0,0.0,37.0,12
POL-103298,CUST-52682,Commercial,East,Agent,2023-01-29,2023-08-11,0.252,403.99,0,0.0,41.0,1
POL-103299,CUST-52721,Motor,Central,Broker,2023-08-09,2024-04-22,0.508,560.96,0,0.0,65.0,16
POL-103300,CUST-51267,Commercial,East,Online,2023-04-10,2024-04-07,0.779,1422.63,0,0.0,50.0,11
POL-103301,CUST-52364,Motor,West,Direct,2022-07-14,2023-02-25,0.545,575.16,0,0.0,42.0,5
POL-103302,CUST-50871,Motor,Central,Online,2023-03-15,2023-12-11,0.414,273.79,0,0.0,60.0,8
POL-103303,CUST-50090,Home,East,Online,2022-07-20,2023-04-26,0.598,383.75,0,0.0,48.0,8
POL-103304,CUST-52789,Commercial,Central,Broker,2022-03-28,2022-11-24,0.814,1227.96,0,0.0,72.0,5
POL-103305,CUST-52719,Commercial,North,Agent,2022-07-05,2023-03-23,0.34,616.85,0,0.0,50.0,18
POL-103306,CUST-50543,Home,Central,Online,2022-07-21,2023-04-14,0.769,529.36,0,0.0,30.0,18
POL-103307,CUST-50566,Motor,Central,Broker,2022-04-09,2023-01-02,0.751,813.19,0,0.0,50.0,1
POL-103308,CUST-52721,Motor,North,Broker,2022-01-18,2022-11-27,0.528,614.64,0,0.0,62.0,18
POL-103309,CUST-51314,Motor,North,Broker,2023-11-20,2024-09-03,0.978,904.67,0,0.0,30.0,8
POL-103310,CUST-52369,Motor,North,Agent,2023-01-10,2023-07-18,0.921,981.85,0,0.0,29.0,15
POL-103311,CUST-52708,Motor,South,Agent,2022-10-21,2023-04-20,0.487,452.2,0,0.0,52.0,15
POL-103312,CUST-51636,Home,Central,Direct,2023-11-10,2024-07-23,0.273,192.62,0,0.0,68.0,11
POL-103313,CUST-50285,Motor,North,Direct,2022-06-14,2023-05-28,0.481,422.43,0,0.0,37.0,14
POL-103314,CUST-51800,Motor,North,Broker,2022-10-22,2023-04-26,0.404,471.05,0,0.0,46.0,13
POL-103315,CUST-50399,Home,East,Agent,2023-09-11,2024-03-22,0.66,520.63,0,0.0,55.0,17
POL-103316,CUST-52063,Motor,South,Broker,2023-04-07,2024-02-07,0.939,978.82,0,0.0,55.0,8
POL-103317,CUST-51728,Liability,West,Direct,2022-10-19,2023-07-09,0.903,823.62,0,0.0,26.0,14
POL-103318,CUST-51311,Motor,West,Agent,2022-07-06,2023-02-13,0.479,423.35,0,0.0,40.0,19
POL-103319,CUST-51403,Motor,Central,Broker,2022-01-26,2022-09-01,0.571,632.91,0,0.0,74.0,18
POL-103320,CUST-52886,Commercial,East,Direct,2022-03-04,2023-01-01,0.277,544.42,0,0.0,68.0,2
POL-103321,CUST-51169,Home,East,Broker,2022-04-29,2023-01-31,0.658,570.44,0,0.0,62.0,9
POL-103322,CUST-52546,Commercial,North,Direct,2023-07-29,2024-05-22,0.298,524.61,0,0.0,19.0,10
POL-103323,CUST-52428,Motor,Central,Online,2023-04-12,2023-11-30,0.954,982.48,0,0.0,41.0,12
POL-103324,CUST-52988,Motor,South,Agent,2022-11-13,2023-08-17,0.9,585.77,0,0.0,20.0,12
POL-103325,CUST-52684,Home,East,Agent,2023-07-26,2024-06-29,0.411,312.43,0,0.0,35.0,16
POL-103326,CUST-51863,Motor,Central,Agent,2022-04-28,2022-12-22,0.775,621.02,0,0.0,67.0,10
POL-103327,CUST-52974,Home,West,Direct,2022-06-03,2023-02-11,0.676,547.05,0,0.0,40.0,14
POL-103328,CUST-52101,Motor,West,Online,2022-10-14,2023-05-12,0.851,512.04,0,0.0,27.0,17
POL-103329,CUST-50368,Motor,North,Direct,2023-11-01,2024-08-25,0.607,698.63,0,0.0,59.0,2
POL-103330,CUST-50289,Motor,West,Online,2023-03-25,2023-09-27,0.394,347.87,0,0.0,61.0,12
POL-103331,CUST-52028,Commercial,North,Direct,2023-09-14,2024-04-27,0.73,835.76,0,0.0,55.0,7
POL-103332,CUST-51589,Motor,West,Agent,2022-07-01,2023-05-09,0.31,295.3,0,,64.0,18
POL-103333,CUST-52614,Liability,East,Agent,2023-09-12,2024-03-13,0.688,798.59,1,4973.0,58.0,11
POL-103334,CUST-51614,Motor,East,Direct,2022-02-22,2023-02-20,0.41,434.18,0,0.0,54.0,12
POL-103335,CUST-50721,Home,West,Direct,2022-06-16,2023-02-26,0.764,564.29,0,0.0,68.0,15
POL-103336,CUST-52571,Motor,West,Broker,2023-01-17,2023-09-28,0.871,805.03,1,4475.99,36.0,4
POL-103337,CUST-51440,Home,South,Broker,2022-02-06,2022-11-12,0.332,155.9,0,0.0,44.0,10
POL-103338,CUST-52862,Commercial,South,Broker,2023-09-19,2024-07-13,0.55,1039.96,0,0.0,50.0,15
POL-103339,CUST-50021,Home,East,Agent,2023-09-26,2024-06-17,0.8,688.64,0,0.0,56.0,15
POL-103340,CUST-50054,Motor,North,Direct,2023-01-31,2024-01-10,0.373,394.6,0,0.0,45.0,4
POL-103341,CUST-50403,Commercial,South,Direct,2022-08-12,2023-08-05,0.675,708.93,0,0.0,43.0,16
POL-103342,CUST-52871,Motor,North,Online,2022-03-14,2022-10-17,0.754,787.66,0,0.0,27.0,3
POL-103343,CUST-50376,Home,East,Agent,2023-03-28,2024-02-02,0.516,,1,22820.2,54.0,5
POL-103344,CUST-52138,Commercial,South,Online,2023-01-28,2023-09-20,0.874,1740.6,0,0.0,25.0,17
POL-103345,CUST-52122,Motor,South,Agent,2023-07-09,2024-07-08,0.633,400.55,0,0.0,45.0,12
POL-103346,CUST-52639,Home,Central,Agent,2023-03-16,2023-10-29,0.72,341.31,0,0.0,41.0,10
POL-103347,CUST-51866,Commercial,North,Online,2022-04-04,2022-11-24,0.356,426.88,0,0.0,62.0,11
POL-103348,CUST-50062,Motor,North,Online,2022-03-30,2023-02-05,0.267,278.52,0,0.0,45.0,19
POL-103349,CUST-50116,Motor,South,Online,2023-07-25,2024-06-15,0.288,282.98,0,0.0,18.0,4
POL-103350,CUST-50042,Motor,North,Agent,2022-04-27,2022-11-16,0.928,953.71,0,0.0,46.0,5
POL-103351,CUST-51787,Commercial,Central,Agent,2023-11-17,2024-08-26,0.912,1253.26,0,0.0,30.0,9
POL-103352,CUST-51290,Home,Central,Direct,2022-03-19,2022-11-18,0.856,698.27,0,0.0,39.0,16
POL-103353,CUST-50204,Motor,Central,Online,2023-06-16,2024-04-04,0.4,344.21,0,0.0,34.0,10
POL-103354,CUST-50062,Motor,West,Broker,2023-12-13,2024-09-21,0.644,434.57,0,0.0,27.0,14
POL-103355,CUST-50606,Motor,North,Agent,2022-11-19,2023-11-17,0.847,890.75,0,0.0,71.0,16
POL-103356,CUST-51439,Motor,East,Broker,2022-02-11,2023-01-30,0.756,688.02,0,0.0,32.0,17
POL-103357,CUST-52704,Motor,North,Agent,2023-10-02,2024-07-29,0.337,319.5,0,0.0,46.0,9
POL-103358,CUST-52481,Motor,South,Agent,2022-05-17,2023-03-19,0.922,759.86,2,6935.67,65.0,9
POL-103359,CUST-51341,Motor,East,Direct,2023-01-21,2024-01-03,0.371,377.63,0,0.0,38.0,1
POL-103360,CUST-50860,Home,West,Agent,2023-12-20,2024-07-21,0.379,170.34,0,0.0,71.0,1
POL-103361,CUST-52344,Home,South,Direct,2023-06-28,2024-05-07,0.926,599.28,0,0.0,41.0,9
POL-103362,CUST-52811,Motor,South,Direct,2022-02-03,2022-12-23,0.613,520.53,0,0.0,71.0,14
POL-103363,CUST-50942,Home,Central,Broker,2023-08-22,2024-03-12,0.53,401.72,1,2339.26,43.0,16
POL-103364,CUST-51493,Motor,South,Broker,2022-04-28,2023-04-06,0.665,500.87,0,0.0,18.0,8
POL-103365,CUST-50332,Motor,East,Online,2023-07-02,2024-05-07,0.986,723.78,0,0.0,67.0,11
POL-103366,CUST-50389,Liability,South,Broker,2023-03-30,2023-11-29,0.34,307.84,0,0.0,67.0,16
POL-103367,CUST-52664,Home,Central,Online,2022-07-30,2023-04-26,0.818,525.61,0,0.0,72.0,6
POL-103368,CUST-50678,Motor,East,Broker,2022-11-06,2023-08-04,0.501,360.66,0,0.0,25.0,3
POL-103369,CUST-50491,Motor,North,Broker,2022-03-28,2023-03-13,0.338,338.71,0,0.0,66.0,18
POL-103370,CUST-50956,Home,North,Online,2023-12-22,2024-12-16,0.566,327.1,0,0.0,37.0,10
POL-103371,CUST-51048,Motor,Central,Agent,2022-06-23,2023-05-19,0.662,559.93,0,0.0,65.0,3
POL-103372,CUST-50611,Liability,Central,Agent,2022-08-14,2023-06-11,0.404,431.68,0,0.0,72.0,5
POL-103373,CUST-52103,Motor,West,Online,2023-01-03,2023-07-21,0.554,453.86,0,0.0,29.0,6
POL-103374,CUST-51721,Motor,North,Broker,2023-05-06,2024-04-20,0.727,735.89,0,0.0,39.0,4
POL-103375,CUST-51775,Home,West,Agent,2023-01-04,2023-07-27,0.682,490.21,0,0.0,33.0,8
POL-103376,CUST-52956,Home,West,Online,2023-01-04,2023-08-03,0.792,603.87,0,0.0,35.0,16
POL-103377,CUST-52783,Home,Central,Agent,2023-03-02,2023-09-10,0.877,579.68,0,0.0,51.0,14
POL-103378,CUST-50846,Liability,East,Direct,2023-09-19,2024-09-09,0.557,522.49,0,0.0,41.0,18
POL-103379,CUST-52963,Liability,East,Direct,2022-10-16,2023-07-14,0.567,467.19,0,0.0,55.0,16
POL-103380,CUST-52035,Motor,West,Direct,2023-08-31,2024-04-10,0.623,532.63,0,0.0,56.0,6
POL-103381,CUST-50439,Motor,North,Broker,2023-07-29,2024-02-09,0.675,752.25,0,0.0,29.0,1
POL-103382,CUST-50957,Motor,West,Agent,2023-12-03,2024-08-15,0.331,220.78,0,0.0,20.0,3
POL-103383,CUST-50679,Home,East,Online,2023-10-29,2024-09-07,0.484,255.3,0,0.0,60.0,15
POL-103384,CUST-52397,Home,North,Online,2023-08-06,2024-08-04,0.379,273.91,0,0.0,28.0,6
POL-103385,CUST-51917,Motor,Central,Agent,2022-06-30,2023-04-08,0.539,505.09,0,0.0,29.0,14
POL-103386,CUST-52337,Liability,South,Agent,2023-07-20,2024-05-07,0.98,1288.21,0,0.0,52.0,9
POL-103387,CUST-50440,Motor,Central,Broker,2023-06-22,2024-05-22,0.687,420.63,1,2906.2,32.0,17
POL-103388,CUST-51547,Commercial,South,Agent,2022-07-31,2023-07-13,0.572,1090.63,0,0.0,28.0,10
POL-103389,CUST-51626,Commercial,East,Online,2023-05-10,2023-12-28,0.674,1180.42,0,0.0,35.0,18
POL-103390,CUST-52042,Motor,East,Online,2022-07-04,2023-07-03,0.752,794.44,0,0.0,47.0,5
POL-103391,CUST-51118,Motor,West,Agent,2023-01-17,2023-10-20,0.576,472.5,0,0.0,66.0,15
POL-103392,CUST-50188,Motor,North,Online,2023-08-05,2024-07-23,0.586,455.83,0,0.0,74.0,10
POL-103393,CUST-52664,Liability,South,Online,2022-05-18,2022-12-05,0.776,539.99,0,0.0,59.0,3
POL-103394,CUST-51279,Motor,North,Direct,2022-09-03,2023-03-20,0.296,314.8,0,0.0,69.0,4
POL-103395,CUST-52754,Commercial,South,Online,2023-08-04,2024-07-13,0.655,772.23,0,0.0,48.0,6
POL-103396,CUST-51242,Home,East,Agent,2022-11-28,2023-09-29,0.66,351.21,0,0.0,41.0,3
POL-103397,CUST-50776,Home,East,Online,2023-12-03,2024-07-02,0.818,453.19,0,0.0,64.0,18
POL-103398,CUST-51392,Liability,Central,Agent,2022-01-06,2022-12-18,0.987,1265.92,0,0.0,35.0,4
POL-103399,CUST-50287,Motor,East,Broker,2023-06-11,2023-12-27,0.847,649.06,0,0.0,64.0,11
POL-103400,CUST-51676,Commercial,East,Broker,2023-08-18,2024-06-19,0.628,908.76,0,0.0,74.0,11
POL-103401,CUST-52973,Motor,North,Agent,2023-11-02,2024-06-07,0.377,391.96,0,0.0,40.0,10
POL-103402,CUST-50768,Motor,North,Direct,2022-04-25,2022-11-04,0.691,778.0,0,0.0,54.0,12
POL-103403,CUST-50449,Motor,West,Broker,2023-12-20,2024-11-13,0.876,933.6,0,0.0,62.0,18
POL-103404,CUST-50410,Motor,West,Broker,2022-10-14,2023-09-16,0.949,866.98,1,3220.48,62.0,19
POL-103405,CUST-50520,Commercial,East,Broker,2022-09-14,2023-04-01,0.869,883.96,0,0.0,29.0,17
POL-103406,CUST-51178,Motor,East,Agent,2022-09-17,2023-04-02,0.392,270.06,0,0.0,72.0,9
POL-103407,CUST-50756,Home,East,Agent,2023-04-11,2024-01-30,0.784,426.55,0,0.0,46.0,14
POL-103408,CUST-52142,Motor,Central,Agent,2023-04-27,2023-10-29,0.91,765.48,0,0.0,20.0,3
POL-103409,CUST-51022,Home,North,Online,2022-12-12,2023-10-26,0.761,449.9,0,0.0,24.0,17
POL-103410,CUST-51089,Commercial,East,Direct,2022-02-21,2023-02-06,0.764,1174.36,0,0.0,59.0,3
POL-103411,CUST-50443,Home,South,Broker,2023-12-22,2024-11-05,0.625,383.01,0,0.0,42.0,2
POL-103412,CUST-51719,Liability,North,Direct,2022-06-12,2023-01-20,0.728,862.01,0,0.0,24.0,16
POL-103413,CUST-50966,Motor,West,Direct,2022-03-10,2022-10-11,0.471,294.88,0,0.0,47.0,15
POL-103414,CUST-52116,Motor,West,Agent,2023-03-13,2024-01-13,0.317,376.24,0,0.0,52.0,2
POL-103415,CUST-50066,Home,Central,Agent,2022-10-29,2023-05-08,0.871,696.7,0,0.0,22.0,19
POL-103416,CUST-51928,Motor,North,Broker,2023-03-26,2023-12-31,0.957,760.15,0,0.0,37.0,2
POL-103417,CUST-52402,Home,North,Agent,2023-10-02,2024-06-21,0.893,541.35,0,0.0,44.0,0
POL-103418,CUST-52135,Commercial,East,Online,2022-03-13,2023-01-25,0.5,996.58,0,0.0,62.0,19
POL-103419,CUST-50790,Motor,Central,Agent,2022-07-27,2023-03-01,0.32,368.58,0,0.0,55.0,4
POL-103420,CUST-52090,Liability,Central,Broker,2023-01-13,2023-11-30,0.46,439.63,0,0.0,22.0,4
POL-103421,CUST-52453,Motor,West,Broker,2023-07-30,2024-06-04,0.882,556.08,0,0.0,53.0,15
POL-103422,CUST-51580,Home,Central,Direct,2023-03-15,2023-10-25,0.742,640.18,0,0.0,69.0,12
POL-103423,CUST-51940,Motor,Central,Online,2022-10-07,2023-06-10,0.975,959.38,0,0.0,21.0,10
POL-103424,CUST-52447,Home,South,Broker,2023-03-22,2023-09-30,0.507,372.52,0,0.0,74.0,19
POL-103425,CUST-51441,Motor,East,Agent,2023-12-17,2024-09-05,0.664,503.57,0,0.0,23.0,1
POL-103426,CUST-50446,Liability,West,Direct,2022-12-17,2023-08-02,0.843,1051.75,0,0.0,53.0,18
POL-103427,CUST-52916,Liability,South,Agent,2023-10-07,2024-04-25,0.425,454.08,0,0.0,38.0,5
POL-103428,CUST-50979,Home,Central,Agent,2023-07-24,2024-05-03,0.973,620.86,0,0.0,59.0,12
POL-103429,CUST-51160,Home,West,Direct,2022-08-08,2023-05-20,0.694,524.44,0,0.0,66.0,6
POL-103430,CUST-51838,Home,East,Agent,2022-07-02,2023-01-13,0.256,152.42,0,0.0,66.0,5
POL-103431,CUST-50535,Home,East,Agent,2023-07-17,2024-02-16,0.269,166.88,0,0.0,67.0,6
POL-103432,CUST-51039,Home,West,Broker,2022-06-01,2022-12-13,0.912,,0,0.0,64.0,11
POL-103433,CUST-51732,Home,South,Broker,2022-09-03,2023-07-06,0.734,522.3,0,0.0,35.0,17
POL-103434,CUST-52200,Commercial,South,Online,2022-06-21,2023-02-18,0.822,1644.62,0,0.0,44.0,2
POL-103435,CUST-50420,Home,East,Agent,2023-03-19,2023-09-28,0.838,568.4,0,0.0,58.0,13
POL-103436,CUST-52484,Motor,North,Broker,2022-08-03,2023-03-06,0.565,444.08,0,0.0,27.0,17
POL-103437,CUST-50830,Liability,East,Direct,2023-04-26,2024-04-21,0.849,749.82,0,0.0,50.0,14
POL-103438,CUST-52740,Motor,East,Online,2023-11-14,2024-06-28,0.953,869.84,0,0.0,48.0,19
POL-103439,CUST-52723,Motor,East,Agent,2023-08-29,2024-07-01,0.379,252.47,0,0.0,74.0,0
POL-103440,CUST-52133,Liability,East,Direct,2023-11-24,2024-08-17,0.823,896.61,0,0.0,20.0,7
POL-103441,CUST-52676,Motor,Central,Direct,2022-01-18,2022-08-19,0.481,397.88,0,0.0,23.0,8
POL-103442,CUST-50479,Motor,South,Agent,2022-11-29,2023-07-24,0.491,394.98,0,0.0,19.0,10
POL-103443,CUST-51397,Home,East,Agent,2022-06-10,2022-12-09,0.56,289.82,0,0.0,49.0,6
POL-103444,CUST-50422,Commercial,West,Direct,2023-11-02,2024-09-15,0.898,1363.02,0,0.0,49.0,5
POL-103445,CUST-51434,Motor,South,Agent,2023-06-04,2024-02-01,0.267,164.84,0,0.0,51.0,17
POL-103446,CUST-51746,Home,West,Agent,2022-08-22,2023-05-21,0.575,401.07,0,0.0,31.0,4
POL-103447,CUST-51700,Motor,Central,Broker,2023-02-16,2023-09-12,0.76,581.33,0,,35.0,19
POL-103448,CUST-50227,Motor,South,Agent,2023-03-18,2024-02-14,0.333,377.46,0,0.0,41.0,0
POL-103449,CUST-50252,Motor,South,Agent,2022-12-28,2023-08-05,0.844,766.51,1,5038.5,20.0,8
POL-103450,CUST-52994,Motor,North,Broker,2022-12-13,2023-09-24,0.956,1012.83,0,0.0,60.0,12
POL-103451,CUST-50759,Liability,North,Online,2022-02-10,2023-01-18,0.318,403.83,0,0.0,20.0,19
POL-103452,CUST-51483,Home,South,Direct,2022-11-27,2023-10-05,0.365,297.65,1,10113.68,56.0,15
POL-103453,CUST-51739,Commercial,Central,Agent,2022-09-12,2023-07-01,0.981,1862.62,0,0.0,43.0,0
POL-103454,CUST-50477,Liability,South,Agent,2023-08-21,2024-07-31,0.398,334.59,1,17509.77,74.0,14
POL-103455,CUST-50963,Liability,Central,Online,2023-09-24,2024-04-23,0.309,276.27,0,0.0,57.0,6
POL-103456,CUST-51804,Commercial,Central,Direct,2023-07-02,2024-06-25,0.964,1671.15,0,0.0,45.0,17
POL-103457,CUST-50640,Motor,West,Direct,2022-01-23,2022-11-02,0.919,840.78,0,0.0,57.0,15
POL-103458,CUST-52377,Commercial,Central,Agent,2023-09-07,2024-05-20,0.742,1212.04,0,0.0,24.0,3
POL-103459,CUST-51942,Home,East,Agent,2022-10-17,2023-06-01,0.664,483.48,0,0.0,28.0,7
POL-103460,CUST-52966,Motor,Central,Agent,2022-10-31,2023-09-14,0.939,622.54,0,0.0,46.0,16
POL-103461,CUST-51699,Motor,East,Online,2023-11-21,2024-11-16,0.742,515.8,1,4417.12,66.0,18
POL-103462,CUST-52400,Motor,North,Online,2023-09-26,2024-07-30,0.744,725.04,0,0.0,64.0,12
POL-103463,CUST-50981,Home,Central,Agent,2022-02-07,2022-08-12,0.883,622.88,0,0.0,39.0,4
POL-103464,CUST-52082,Commercial,Central,Direct,2022-09-20,2023-06-14,0.74,1365.07,0,0.0,34.0,7
POL-103465,CUST-52812,Home,Central,Online,2023-07-02,2024-05-13,0.628,461.64,0,0.0,72.0,15
POL-103466,CUST-52466,Motor,East,Online,2023-01-29,2023-10-09,0.542,389.46,0,0.0,50.0,11
POL-103467,CUST-52333,Motor,North,Broker,2022-07-08,2023-05-27,0.627,399.21,0,0.0,24.0,4
POL-103468,CUST-51351,Commercial,East,Agent,2023-01-19,2023-11-26,0.642,906.43,0,0.0,30.0,5
POL-103469,CUST-51788,Motor,Central,Online,2023-09-25,2024-04-04,0.521,425.09,0,0.0,65.0,3
POL-103470,CUST-51778,Motor,Central,Agent,2022-06-13,2023-03-23,0.586,616.24,0,0.0,69.0,9
POL-103471,CUST-50628,Commercial,West,Agent,2023-06-29,2024-01-26,0.851,1443.77,0,0.0,69.0,8
POL-103472,CUST-50788,Commercial,West,Agent,2023-06-21,2024-03-17,0.562,1067.96,0,0.0,18.0,10
POL-103473,CUST-51944,Home,North,Broker,2023-10-09,2024-06-16,0.269,175.62,0,0.0,64.0,18
POL-103474,CUST-51910,Home,West,Agent,2022-08-06,2023-07-02,0.462,258.39,0,0.0,24.0,13
POL-103475,CUST-52063,Motor,North,Broker,2022-06-07,2023-05-14,0.424,379.49,0,0.0,64.0,11
POL-103476,CUST-51811,Liability,West,Online,2023-02-04,2023-10-27,0.845,704.59,0,0.0,68.0,7
POL-103477,CUST-51743,Home,North,Broker,2023-01-23,2023-10-29,0.587,270.18,0,0.0,38.0,12
POL-103478,CUST-51559,Commercial,East,Online,2022-10-26,2023-08-18,0.46,,0,0.0,29.0,19
POL-103479,CUST-51913,Motor,Central,Online,2023-07-23,2024-05-19,0.858,721.66,0,0.0,58.0,0
POL-103480,CUST-51087,Home,North,Direct,2023-08-07,2024-05-31,0.264,118.27,0,0.0,21.0,6
POL-103481,CUST-50486,Motor,East,Direct,2022-06-29,2023-05-20,0.381,390.2,-1,0.0,51.0,1
POL-103482,CUST-52030,Home,North,Online,2023-08-04,2024-07-31,0.87,620.87,0,0.0,36.0,4
POL-103483,CUST-51004,Home,West,Broker,2022-06-18,2023-05-18,0.663,308.98,0,0.0,42.0,1
POL-103484,CUST-52273,Commercial,Central,Agent,2022-10-25,2023-05-18,0.83,1440.61,1,12494.06,65.0,11
POL-103485,CUST-52672,Motor,North,Online,2022-01-20,2022-10-15,0.879,566.32,0,0.0,74.0,16
POL-103486,CUST-51173,Commercial,East,Broker,2022-09-06,2023-05-29,0.956,1472.64,0,0.0,40.0,18
POL-103487,CUST-50411,Motor,West,Online,2023-12-01,2024-08-31,0.298,287.64,1,7792.74,34.0,4
POL-103488,CUST-50002,Home,North,Broker,2022-11-20,2023-08-25,0.849,552.33,0,0.0,65.0,13
POL-103489,CUST-51769,Motor,East,Agent,2023-06-03,2024-04-11,0.782,813.05,0,0.0,41.0,6
POL-103490,CUST-52646,Motor,North,Direct,2022-03-20,2022-12-03,0.405,333.89,0,0.0,29.0,6
POL-103491,CUST-52692,Commercial,Central,Direct,2023-04-09,2023-11-23,0.949,1168.36,0,0.0,69.0,12
POL-103492,CUST-52696,Motor,East,Broker,2022-09-29,2023-06-21,0.553,489.08,0,0.0,74.0,13
POL-103493,CUST-50042,Liability,East,Online,2023-06-28,2024-05-31,0.916,843.43,0,0.0,34.0,11
POL-103494,CUST-50163,Motor,Central,Broker,2023-11-09,2024-07-03,0.704,482.25,0,0.0,27.0,1
POL-103495,CUST-52901,Home,West,Agent,2023-01-24,2023-07-26,0.645,411.8,0,0.0,26.0,8
POL-103496,CUST-52022,Motor,South,Direct,2022-03-17,2023-03-13,0.37,264.49,0,0.0,52.0,5
POL-103497,CUST-52650,Home,West,Agent,2022-12-14,2023-07-18,0.936,597.27,1,3896.64,35.0,0
POL-103498,CUST-52940,Liability,South,Broker,2022-03-31,2023-01-17,0.667,728.68,0,0.0,53.0,0
POL-103499,CUST-52145,Home,East,Agent,2022-11-25,2023-10-19,0.255,197.24,-1,0.0,61.0,8
POL-103500,CUST-51203,Motor,Central,Agent,2022-02-14,2022-10-03,0.264,291.1,0,0.0,18.0,2
POL-103501,CUST-52127,Commercial,Central,Online,2023-04-13,2023-12-12,0.0,1410.42,0,0.0,67.0,14
POL-103502,CUST-51879,Commercial,Central,Agent,2022-08-15,2023-04-04,0.371,713.04,0,0.0,19.0,1
POL-103503,CUST-52603,Motor,East,Direct,2022-05-28,2022-12-21,0.699,647.89,0,0.0,24.0,4
POL-103504,CUST-52583,Home,Central,Direct,2022-01-13,2022-08-09,0.761,564.91,0,0.0,59.0,19
POL-103505,CUST-50512,Home,Central,Agent,2023-10-11,2024-05-12,0.46,353.44,0,0.0,53.0,14
POL-103506,CUST-52641,Commercial,East,Online,2023-09-04,2024-05-26,0.677,1253.95,0,0.0,73.0,11
POL-103507,CUST-52099,Motor,North,Agent,2023-08-16,2024-05-20,0.43,448.21,0,0.0,50.0,0
POL-103508,CUST-52204,Motor,North,Broker,2022-02-12,2022-08-13,0.96,1086.66,1,3306.33,41.0,0
POL-103509,CUST-51030,Liability,West,Direct,2022-09-13,2023-08-16,0.895,904.29,0,0.0,56.0,18
POL-103510,CUST-51458,Home,Central,Direct,2023-12-11,2024-10-11,0.466,395.08,0,0.0,61.0,15
POL-103511,CUST-52626,Home,Central,Agent,2023-02-27,2023-09-08,0.647,393.2,0,0.0,56.0,19
POL-103512,CUST-50415,Liability,South,Online,2022-04-04,2023-03-06,0.625,458.84,0,0.0,39.0,16
POL-103513,CUST-51599,Motor,Central,Online,2022-04-13,2022-10-15,0.97,682.26,0,0.0,72.0,0
POL-103514,CUST-52901,Motor,Central,Broker,2022-07-12,2023-04-22,0.546,506.23,0,0.0,35.0,16
POL-103515,CUST-52297,Commercial,East,Direct,2023-12-11,2024-09-02,0.672,692.03,0,0.0,37.0,9
POL-103516,CUST-50446,Commercial,South,Broker,2022-05-04,2023-02-01,0.947,1112.49,0,0.0,33.0,13
POL-103517,CUST-50501,Liability,East,Broker,2023-10-22,2024-10-13,0.372,350.65,0,0.0,35.0,8
POL-103518,CUST-51511,Home,West,Broker,2023-05-10,2024-04-26,0.663,467.38,0,0.0,30.0,14
POL-103519,CUST-50726,Motor,Central,Agent,2023-11-04,2024-06-22,0.329,228.16,0,0.0,51.0,16
POL-103520,CUST-52644,Motor,North,Direct,2023-08-26,2024-06-08,0.713,668.11,0,0.0,59.0,19
POL-103521,CUST-52514,Motor,South,Agent,2022-08-31,2023-08-24,0.524,518.54,0,0.0,42.0,10
POL-103522,CUST-52861,Liability,North,Agent,2023-08-28,2024-07-08,0.976,1180.83,0,0.0,70.0,5
POL-103523,CUST-51185,Motor,Central,Broker,2022-05-04,2023-04-14,0.562,555.25,0,0.0,45.0,12
POL-103524,CUST-50856,Home,East,Agent,2022-08-01,2023-04-18,0.352,190.97,0,0.0,44.0,9
POL-103525,CUST-51583,Motor,South,Broker,2022-06-04,2023-01-22,0.875,1039.88,0,0.0,21.0,4
POL-103526,CUST-50345,Motor,South,Broker,2022-04-08,2023-01-07,0.866,972.96,0,0.0,69.0,14
POL-103527,CUST-52176,Motor,North,Agent,2022-03-07,2023-02-01,0.771,630.09,0,0.0,26.0,1
POL-103528,CUST-52608,Home,East,Agent,2022-05-17,2023-05-04,0.812,362.69,0,0.0,27.0,8
POL-103529,CUST-50509,Motor,West,Agent,2022-03-29,2023-01-30,0.449,408.4,0,0.0,71.0,13
POL-103530,CUST-50593,Liability,South,Broker,2022-10-05,2023-08-12,0.732,936.61,0,0.0,47.0,18
POL-103531,CUST-50907,Liability,East,Agent,2022-02-22,2022-11-24,0.279,348.71,0,0.0,21.0,12
POL-103532,CUST-52402,Motor,West,Direct,2022-02-14,2022-10-11,0.398,449.36,0,0.0,43.0,19
POL-103533,CUST-50976,Commercial,South,Direct,2023-12-24,2024-09-07,0.949,1897.11,0,0.0,51.0,16
POL-103534,CUST-52187,Motor,West,Broker,2022-03-06,2022-12-03,0.804,819.48,1,2765.13,18.0,4
POL-103535,CUST-52750,Motor,South,Agent,2022-02-24,2023-01-21,0.423,292.56,0,0.0,61.0,16
POL-103536,CUST-51314,Motor,East,Agent,2022-01-22,2022-11-01,0.334,205.97,0,0.0,56.0,6
POL-103537,CUST-50412,Commercial,Central,Agent,2022-04-07,2023-02-28,0.962,1124.27,0,0.0,18.0,12
POL-103538,CUST-52747,Home,Central,Agent,2023-01-21,2023-07-25,0.334,174.11,0,0.0,53.0,4
POL-103539,CUST-51113,Motor,East,Online,2023-08-27,2024-07-12,0.443,279.77,0,0.0,30.0,10
POL-103540,CUST-51797,Commercial,South,Agent,2023-06-21,2024-03-21,0.387,570.92,1,3479.73,59.0,13
POL-103541,CUST-52877,Commercial,Central,Agent,2023-02-28,2024-02-28,0.256,463.52,0,0.0,39.0,18
POL-103542,CUST-52692,Commercial,East,Online,2022-03-04,2022-11-26,0.486,495.39,0,0.0,29.0,18
POL-103543,CUST-52504,Home,South,Online,2023-07-20,2024-04-14,0.981,767.9,0,0.0,46.0,16
POL-103544,CUST-51060,Commercial,East,Broker,2022-01-28,2022-08-19,0.506,988.82,0,0.0,43.0,11
POL-103545,CUST-52011,Home,East,Broker,2023-04-06,2024-03-01,0.628,313.98,0,0.0,37.0,17
POL-103546,CUST-51002,Motor,Central,Agent,2022-10-26,2023-09-01,0.809,491.63,0,0.0,68.0,2
POL-103547,CUST-51646,Commercial,South,Online,2023-10-06,2024-09-10,0.663,995.53,0,0.0,54.0,19
POL-103548,CUST-51012,Motor,North,Broker,2022-08-13,2023-02-26,0.808,898.31,0,0.0,45.0,4
POL-103549,CUST-52516,Commercial,East,Broker,2023-04-12,2023-11-17,0.746,1315.11,0,0.0,30.0,8
POL-103550,CUST-52253,Home,Central,Agent,2022-11-18,2023-10-27,0.706,317.04,0,0.0,50.0,18
POL-103551,CUST-52839,Motor,North,Broker,2023-01-17,2023-07-23,0.737,733.75,1,6863.41,19.0,14
POL-103552,CUST-50799,Motor,Central,Direct,2023-11-17,2024-08-17,0.849,918.24,0,0.0,68.0,16
POL-103553,CUST-52772,Home,North,Agent,2023-06-05,2024-02-15,0.783,431.93,1,7198.89,18.0,13
POL-103554,CUST-50742,Commercial,East,Broker,2022-10-30,2023-10-19,0.844,1416.41,0,0.0,57.0,12
POL-103555,CUST-51917,Commercial,East,Agent,2022-11-23,2023-10-28,0.359,544.37,0,0.0,37.0,3
POL-103556,CUST-50521,Home,North,Direct,2023-05-30,2024-05-10,0.758,396.62,0,0.0,58.0,19
POL-103557,CUST-52183,Motor,West,Agent,2022-09-10,2023-05-01,0.803,908.51,0,0.0,38.0,12
POL-103558,CUST-52324,Motor,North,Online,2022-05-03,2023-02-16,0.475,345.65,0,0.0,19.0,13
POL-103559,CUST-52325,Commercial,East,Broker,2022-12-08,2023-10-14,0.906,1692.48,0,0.0,72.0,8
POL-103560,CUST-50831,Motor,East,Broker,2022-02-19,2023-02-13,0.479,484.98,0,0.0,61.0,19
POL-103561,CUST-52428,Commercial,East,Broker,2022-05-04,2022-11-01,0.433,536.58,0,0.0,20.0,9
POL-103562,CUST-50477,Motor,North,Broker,2022-11-04,2023-10-31,0.9,916.41,0,0.0,19.0,3
POL-103563,CUST-52199,Motor,East,Agent,2023-08-05,2024-04-07,0.435,265.56,0,0.0,48.0,3
POL-103564,CUST-51410,Home,West,Broker,2023-07-25,2024-02-13,0.562,301.54,0,0.0,72.0,13
POL-103565,CUST-50539,Home,East,Agent,2022-07-10,2023-04-30,0.526,293.44,0,0.0,50.0,14
POL-103566,CUST-52922,Home,West,Agent,2022-11-05,2023-09-26,0.924,757.6,0,0.0,18.0,4
POL-103567,CUST-52278,Motor,West,Online,2022-04-23,2022-11-13,0.591,673.54,0,0.0,57.0,13
POL-103568,CUST-50438,Commercial,North,Agent,2023-07-06,2024-01-09,0.771,994.63,0,0.0,42.0,19
POL-103569,CUST-51171,Home,Central,Online,2022-06-29,2023-06-10,0.846,541.44,0,0.0,54.0,10
POL-103570,CUST-52214,Commercial,Central,Online,2023-08-07,2024-07-25,0.721,1450.18,0,0.0,37.0,19
POL-103571,CUST-50599,Home,Central,Direct,2023-09-07,2024-04-03,0.958,692.67,0,0.0,18.0,3
POL-103572,CUST-51419,Motor,Central,Agent,2023-05-19,2024-05-01,0.852,542.28,1,771.93,19.0,8
POL-103573,CUST-50307,Home,South,Broker,2022-08-30,2023-08-14,0.55,332.13,0,0.0,54.0,11
POL-103574,CUST-50067,Home,West,Online,2023-11-27,2024-11-26,0.963,594.08,1,8755.38,54.0,7
POL-103575,CUST-50720,Home,East,Broker,2023-05-16,2023-12-22,0.643,364.57,0,0.0,36.0,2
POL-103576,CUST-52134,Home,Central,Agent,2023-04-17,2024-01-29,0.267,176.12,0,0.0,22.0,9
POL-103577,CUST-51523,Motor,Central,Agent,2023-09-18,2024-09-16,0.445,459.65,0,0.0,62.0,6
POL-103578,CUST-50926,Liability,North,Broker,2023-10-06,2024-09-17,0.716,830.82,0,0.0,26.0,4
POL-103579,CUST-50740,Motor,Central,Agent,2022-02-26,2022-12-15,0.368,295.93,0,0.0,28.0,7
POL-103580,CUST-52411,Motor,West,Agent,2023-10-06,2024-05-09,0.688,710.91,0,0.0,43.0,8
POL-103581,CUST-51997,Commercial,East,Direct,2023-07-13,2024-01-24,0.521,811.24,0,0.0,58.0,17
POL-103582,CUST-52590,Motor,East,Broker,2022-05-31,2023-01-14,0.651,685.41,0,0.0,74.0,9
POL-103583,CUST-52893,Liability,East,Agent,2022-08-13,2023-02-21,0.251,191.8,0,0.0,53.0,8
POL-103584,CUST-51898,Motor,West,Online,2023-07-04,2024-02-05,0.886,740.55,0,0.0,72.0,7
POL-103585,CUST-50132,Motor,West,Agent,2022-06-08,2022-12-18,0.521,432.33,0,0.0,55.0,11
POL-103586,CUST-52813,Motor,East,Agent,2022-11-27,2023-10-14,0.355,285.53,0,0.0,66.0,5
POL-103587,CUST-50391,Motor,Central,Agent,2023-05-18,2024-03-02,0.578,583.97,0,0.0,28.0,17
POL-103588,CUST-52127,Motor,South,Agent,2023-04-20,2024-01-21,0.615,569.79,0,0.0,21.0,8
POL-103589,CUST-50741,Motor,East,Broker,2023-10-27,2024-09-21,0.728,600.31,0,0.0,56.0,8
POL-103590,CUST-52300,Motor,East,Agent,2022-03-23,2022-12-04,0.643,587.77,1,2667.36,73.0,1
POL-103591,CUST-52413,Motor,North,Online,2022-08-04,2023-04-15,0.283,286.99,0,0.0,60.0,17
POL-103592,CUST-52379,Motor,East,Online,2023-12-20,2024-07-25,0.904,901.02,0,0.0,37.0,9
POL-103593,CUST-50813,Motor,Central,Agent,2023-02-20,2023-11-09,0.592,620.18,0,0.0,45.0,2
POL-103594,CUST-51925,Motor,West,Direct,2022-07-01,2023-01-29,0.308,339.3,0,0.0,24.0,3
POL-103595,CUST-50574,Motor,West,Broker,2022-07-31,2023-05-16,0.83,859.0,0,0.0,37.0,7
POL-103596,CUST-52661,Motor,North,Online,2022-09-05,2023-09-05,0.745,523.13,0,0.0,56.0,15
POL-103597,CUST-50458,Motor,North,Agent,2023-02-09,2023-11-15,0.737,809.75,0,0.0,27.0,1
POL-103598,CUST-52524,Motor,East,Direct,2022-07-27,2023-03-19,0.57,451.76,0,0.0,45.0,2
POL-103599,CUST-50449,Motor,South,Agent,2023-03-30,2024-01-31,0.558,553.12,0,0.0,34.0,11
POL-103600,CUST-50865,Liability,North,Agent,2022-11-22,2023-10-20,0.652,890.51,0,0.0,45.0,9
POL-103601,CUST-52159,Motor,East,Online,2023-03-22,2023-12-14,0.288,221.85,0,0.0,61.0,19
POL-103602,CUST-52875,Motor,West,Agent,2022-04-24,2022-12-06,0.474,358.24,0,0.0,68.0,15
POL-103603,CUST-52124,Home,West,Broker,2023-04-01,2024-02-07,0.991,508.44,0,0.0,41.0,13
POL-103604,CUST-51028,Home,North,Agent,2023-11-07,2024-06-08,0.747,643.23,0,0.0,65.0,6
POL-103605,CUST-50933,Motor,West,Online,2022-04-09,2023-04-09,0.564,478.85,0,0.0,58.0,12
POL-103606,CUST-51891,Commercial,South,Broker,2022-08-28,2023-04-24,0.417,755.03,0,0.0,70.0,11
POL-103607,CUST-51348,Commercial,North,Agent,2023-05-22,2024-01-22,0.809,861.57,0,0.0,60.0,5
POL-103608,CUST-50621,Liability,East,Direct,2023-03-27,2024-02-05,0.445,360.35,1,13753.26,49.0,7
POL-103609,CUST-51884,Liability,South,Agent,2023-05-08,2023-11-06,0.372,271.32,0,0.0,56.0,18
POL-103610,CUST-51303,Home,West,Agent,2023-02-13,2023-09-18,0.366,288.4,0,0.0,36.0,10
POL-103611,CUST-52925,Home,West,Direct,2023-05-14,2023-12-03,0.797,382.75,0,0.0,56.0,9
POL-103612,CUST-50088,Motor,West,Online,2023-03-21,2023-11-28,0.732,837.61,0,0.0,58.0,15
POL-103613,CUST-52229,Commercial,North,Direct,2022-02-24,2022-12-03,0.302,509.99,0,0.0,52.0,5
POL-103614,CUST-52394,Home,South,Agent,2023-07-03,2024-02-01,0.336,278.46,0,0.0,23.0,4
POL-103615,CUST-52409,Motor,East,Agent,2022-11-23,2023-07-25,0.725,607.75,0,0.0,47.0,19
POL-103616,CUST-52100,Motor,Central,Direct,2022-02-07,2022-12-27,0.678,615.47,0,0.0,58.0,16
POL-103617,CUST-52933,Home,East,Agent,2022-10-26,2023-10-15,0.764,340.72,0,0.0,29.0,8
POL-103618,CUST-50927,Home,West,Direct,2022-11-14,2023-05-15,0.384,244.3,0,0.0,62.0,18
POL-103619,CUST-51143,Commercial,South,Broker,2022-03-05,2022-12-26,0.795,1283.59,0,0.0,66.0,7
POL-103620,CUST-52802,Motor,South,Online,2023-12-29,2024-06-30,0.952,623.42,0,0.0,48.0,13
POL-103621,CUST-50207,Commercial,West,Broker,2022-06-12,2023-03-15,0.701,1409.68,0,0.0,72.0,0
POL-103622,CUST-52479,Motor,Central,Online,2022-08-30,2023-08-08,0.397,237.25,0,0.0,66.0,13
POL-103623,CUST-52240,Home,North,Broker,2022-11-18,2023-10-12,0.76,418.06,0,0.0,44.0,3
POL-103624,CUST-51766,Motor,East,Direct,2023-08-31,2024-04-10,0.507,487.38,0,0.0,68.0,4
POL-103625,CUST-50363,Motor,West,Agent,2023-06-27,2024-02-10,0.287,255.74,0,0.0,71.0,16
POL-103626,CUST-51833,Motor,North,Broker,2023-07-17,2024-06-06,0.477,351.7,0,0.0,24.0,4
POL-103627,CUST-51315,Motor,West,Agent,2022-06-23,2023-05-21,0.929,1098.19,0,0.0,74.0,9
POL-103628,CUST-50262,Motor,East,Agent,2023-09-10,2024-04-29,0.558,394.72,0,0.0,18.0,18
POL-103629,CUST-52215,Commercial,East,Broker,2023-08-29,2024-02-25,0.898,1429.51,0,0.0,45.0,19
POL-103630,CUST-52437,Motor,East,Agent,2022-12-05,2023-08-24,0.631,418.95,0,0.0,71.0,8
POL-103631,CUST-51675,Commercial,Central,Online,2023-02-03,2023-11-25,0.638,683.92,0,0.0,59.0,1
POL-103632,CUST-50488,Commercial,North,Online,2022-01-28,2022-10-17,0.254,383.59,0,0.0,33.0,5
POL-103633,CUST-51101,Motor,South,Direct,2023-07-10,2024-06-27,0.728,781.72,0,0.0,54.0,12
POL-103634,CUST-51622,Commercial,South,Broker,2023-12-03,2024-10-29,0.331,514.47,0,0.0,30.0,6
POL-103635,CUST-51543,Commercial,Central,Agent,2022-12-11,2023-11-02,0.609,799.64,0,0.0,31.0,14
POL-103636,CUST-51774,Commercial,East,Agent,2023-01-30,2023-08-01,0.445,459.23,0,0.0,69.0,19
POL-103637,CUST-50735,Commercial,North,Agent,2022-12-31,2023-12-04,0.544,1071.48,1,13081.55,20.0,12
POL-103638,CUST-52388,Home,North,Broker,2022-03-02,2023-01-16,0.653,343.45,0,0.0,72.0,12
POL-103639,CUST-50222,Liability,Central,Online,2023-03-29,2023-12-07,0.261,281.92,0,0.0,43.0,10
POL-103640,CUST-52959,Motor,North,Agent,2023-06-11,2024-03-26,0.463,279.76,0,0.0,21.0,3
POL-103641,CUST-51237,Motor,North,Agent,2023-11-09,2024-10-07,0.992,647.61,0,0.0,62.0,11
POL-103642,CUST-52487,Commercial,East,Agent,2023-11-10,2024-10-23,0.293,348.0,0,0.0,20.0,18
POL-103643,CUST-50174,Motor,East,Broker,2022-12-26,2023-10-04,0.49,324.3,1,1417.29,36.0,13
POL-103644,CUST-52007,Home,South,Agent,2023-12-02,2024-06-06,0.491,326.19,0,0.0,31.0,15
POL-103645,CUST-52938,Motor,North,Broker,2023-01-21,2023-11-12,0.535,444.72,0,0.0,62.0,17
POL-103646,CUST-52881,Motor,North,Agent,2023-04-14,2024-02-14,0.764,818.83,0,0.0,40.0,7
POL-103647,CUST-51342,Commercial,East,Agent,2023-03-16,2023-09-22,0.436,493.96,0,0.0,55.0,6
POL-103648,CUST-51122,Motor,Central,Direct,2023-12-31,2024-11-27,0.595,506.63,0,0.0,22.0,19
POL-103649,CUST-52647,Motor,North,Online,2023-06-23,2024-01-26,0.734,623.76,0,0.0,57.0,9
POL-103650,CUST-51913,Home,East,Agent,2022-03-29,2023-03-09,0.492,262.81,0,0.0,58.0,14
POL-103651,CUST-52855,Commercial,North,Agent,2022-02-22,2022-12-01,0.962,1070.13,1,12699.22,34.0,12
POL-103652,CUST-50702,Commercial,West,Agent,2022-10-27,2023-06-23,0.985,1010.44,0,0.0,68.0,2
POL-103653,CUST-51348,Motor,North,Direct,2023-01-12,2023-07-21,0.34,206.11,0,0.0,44.0,6
POL-103654,CUST-50938,Commercial,South,Broker,2023-05-04,2023-11-03,0.508,721.16,0,0.0,56.0,6
POL-103655,CUST-51261,Home,North,Broker,2022-12-18,2023-10-31,0.406,185.77,0,0.0,28.0,3
POL-103656,CUST-52618,Commercial,West,Broker,2023-01-11,2023-09-18,0.39,552.04,0,0.0,71.0,15
POL-103657,CUST-52680,Motor,West,Online,2023-11-04,2024-10-05,0.618,528.55,0,0.0,32.0,19
POL-103658,CUST-51785,Motor,North,Agent,2022-09-02,2023-04-12,0.673,578.78,0,0.0,53.0,19
POL-103659,CUST-50104,Home,East,Agent,2022-12-27,2023-12-13,0.569,294.27,0,0.0,23.0,3
POL-103660,CUST-51325,Home,South,Broker,2023-02-11,2024-02-01,0.454,295.3,0,0.0,20.0,8
POL-103661,CUST-51461,Motor,North,Broker,2022-12-08,2023-06-24,0.459,380.25,1,1866.53,25.0,4
POL-103662,CUST-52141,Home,North,Agent,2023-12-08,2024-10-03,0.994,858.27,0,0.0,71.0,1
POL-103663,CUST-50805,Home,Central,Online,2023-12-04,2024-11-22,0.943,,0,,29.0,12
POL-103664,CUST-51735,Motor,West,Direct,2023-01-10,2023-09-07,0.307,192.51,0,0.0,68.0,17
POL-103665,CUST-52258,Home,West,Online,2022-11-25,2023-06-05,0.742,587.55,0,0.0,51.0,1
POL-103666,CUST-51708,Motor,South,Online,2023-03-06,2024-02-11,0.593,446.7,0,0.0,23.0,12
POL-103667,CUST-52510,Commercial,South,Broker,2022-05-13,2023-02-05,0.767,921.58,0,0.0,43.0,0
POL-103668,CUST-50757,Home,West,Online,2022-11-07,2023-05-11,0.698,567.84,0,0.0,45.0,16
POL-103669,CUST-51860,Home,East,Direct,2022-06-08,2023-05-10,0.917,609.99,0,0.0,33.0,1
POL-103670,CUST-51366,Liability,North,Broker,2022-04-16,2023-02-16,0.3,332.53,0,0.0,52.0,8
POL-103671,CUST-51220,Home,East,Direct,2022-03-11,2022-09-20,0.512,223.98,0,0.0,67.0,2
POL-103672,CUST-51272,Motor,East,Online,2023-03-05,2023-10-19,0.989,741.9,0,0.0,68.0,8
POL-103673,CUST-51664,Home,East,Direct,2022-01-01,2022-07-03,0.387,211.49,0,0.0,47.0,8
POL-103674,CUST-51539,Liability,East,Direct,2023-04-17,2024-04-08,0.346,417.96,0,0.0,68.0,10
POL-103675,CUST-51722,Motor,Central,Agent,2022-11-12,2023-05-15,0.797,657.05,0,0.0,70.0,16
POL-103676,CUST-52880,Home,South,Online,2022-09-25,2023-08-19,0.833,570.28,0,0.0,23.0,19
POL-103677,CUST-51905,Motor,East,Broker,2023-07-16,2024-04-16,0.754,866.71,0,0.0,54.0,6
POL-103678,CUST-51640,Commercial,Central,Direct,2023-01-29,2023-11-13,0.832,1676.02,0,0.0,62.0,18
POL-103679,CUST-52766,Home,Central,Direct,2023-06-20,2024-05-15,0.77,376.73,0,0.0,18.0,8
POL-103680,CUST-50713,Liability,Central,Broker,2023-06-02,2024-05-13,0.352,375.7,0,0.0,52.0,2
POL-103681,CUST-50747,Home,West,Agent,2022-01-24,2022-08-15,0.706,520.62,0,0.0,70.0,12
POL-103682,CUST-50349,Motor,North,Direct,2022-06-07,2022-12-07,0.833,883.25,0,0.0,33.0,14
POL-103683,CUST-50604,Home,Central,Agent,2023-02-21,2023-09-12,0.899,749.16,1,2304.55,66.0,6
POL-103684,CUST-50234,Liability,North,Agent,2023-12-14,2024-10-15,0.435,515.75,0,0.0,71.0,11
POL-103685,CUST-50570,Motor,East,Agent,2022-04-23,2023-02-02,0.346,347.91,0,0.0,54.0,8
POL-103686,CUST-51967,Motor,East,Direct,2022-03-19,2022-09-30,0.836,524.33,0,0.0,53.0,2
POL-103687,CUST-52091,Commercial,West,Agent,2023-11-18,2024-06-28,0.442,693.05,0,0.0,48.0,7
POL-103688,CUST-51943,Home,West,Agent,2023-12-07,2024-09-11,0.274,190.12,0,0.0,41.0,8
POL-103689,CUST-52714,Motor,West,Online,2022-05-03,2023-03-14,0.869,877.18,1,5383.66,43.0,6
POL-103690,CUST-52572,Motor,South,Broker,2022-10-21,2023-06-21,0.629,592.58,0,0.0,47.0,18
POL-103691,CUST-50980,Motor,West,Online,2023-04-03,2024-03-24,0.495,415.12,0,0.0,45.0,7
POL-103692,CUST-50569,Home,West,Broker,2022-05-23,2023-05-22,0.259,167.2,0,0.0,65.0,12
POL-103693,CUST-51262,Home,North,Agent,2022-08-27,2023-07-15,0.276,235.65,0,0.0,61.0,0
POL-103694,CUST-52782,Home,West,Direct,2022-10-16,2023-07-07,0.844,486.85,0,0.0,37.0,6
POL-103695,CUST-52904,Commercial,North,Broker,2023-04-14,2024-03-22,0.617,1117.53,0,0.0,47.0,17
POL-103696,CUST-50614,Motor,East,Online,2022-08-13,2023-06-24,0.362,346.23,0,0.0,30.0,17
POL-103697,CUST-50435,Home,South,Agent,2022-10-28,2023-07-31,0.519,325.22,0,0.0,28.0,19
POL-103698,CUST-52212,Motor,South,Online,2022-07-31,2023-04-19,0.374,314.73,0,0.0,39.0,1
POL-103699,CUST-52638,Motor,South,Broker,2023-07-09,2024-06-07,0.335,306.41,0,0.0,21.0,17
POL-103700,CUST-52850,Home,Central,Online,2022-04-22,2023-01-30,0.457,356.97,0,0.0,66.0,5
POL-103701,CUST-52877,Home,Central,Agent,2022-06-18,2023-01-18,0.662,322.4,0,0.0,25.0,0
POL-103702,CUST-50848,Liability,West,Direct,2022-07-02,2023-07-02,0.408,534.77,0,0.0,36.0,1
POL-103703,CUST-52398,Motor,West,Agent,2023-10-24,2024-05-03,0.508,536.25,0,0.0,32.0,15
POL-103704,CUST-52021,Motor,South,Online,2023-11-21,2024-09-25,0.608,488.02,1,4047.41,29.0,11
POL-103705,CUST-51009,Motor,North,Agent,2023-01-01,2023-10-30,0.565,339.6,0,0.0,38.0,11
POL-103706,CUST-50047,Home,East,Broker,2022-04-25,2023-02-08,0.346,165.97,0,0.0,58.0,17
POL-103707,CUST-51960,Motor,East,Direct,2023-07-06,2024-01-11,0.279,189.98,0,0.0,68.0,1
POL-103708,CUST-51084,Commercial,South,Broker,2022-12-26,2023-09-23,0.277,310.28,0,0.0,28.0,1
POL-103709,CUST-50874,Commercial,South,Direct,2023-09-13,2024-08-24,0.513,574.21,0,0.0,31.0,18
POL-103710,CUST-50028,Home,North,Direct,2022-09-20,2023-05-02,0.789,671.2,0,0.0,44.0,12
POL-103711,CUST-50362,Home,Central,Agent,2023-12-31,2024-11-03,0.348,250.48,0,0.0,36.0,15
POL-103712,CUST-50570,Motor,South,Direct,2023-08-13,2024-07-17,0.84,909.96,0,0.0,,10
POL-103713,CUST-50322,Home,Central,Broker,2022-06-13,2023-06-05,0.787,533.79,0,0.0,30.0,2
POL-103714,CUST-52849,Home,West,Broker,2023-06-14,2024-03-16,0.253,177.82,0,0.0,40.0,10
POL-103715,CUST-50028,Commercial,North,Agent,2022-07-29,2023-03-24,0.27,515.49,0,0.0,49.0,19
POL-103716,CUST-51166,Home,North,Broker,2022-09-13,2023-07-20,0.396,216.89,0,0.0,39.0,2
POL-103717,CUST-52935,Motor,East,Online,2022-07-02,2023-03-29,0.292,294.41,0,0.0,53.0,2
POL-103718,CUST-50352,Motor,North,Online,2023-05-14,2024-03-05,0.649,733.43,0,0.0,63.0,6
POL-103719,CUST-51965,Motor,Central,Online,2022-07-11,2023-05-24,0.28,322.59,0,0.0,48.0,9
POL-103720,CUST-50750,Liability,Central,Direct,2023-04-12,2024-02-18,0.852,844.01,0,0.0,44.0,12
POL-103721,CUST-50963,Commercial,West,Agent,2023-03-02,2023-10-13,0.62,1168.43,0,0.0,72.0,3
POL-103722,CUST-51332,Commercial,South,Broker,2023-07-03,2024-05-18,0.796,1215.03,0,0.0,73.0,18
POL-103723,CUST-51737,Commercial,Central,Agent,2023-12-27,2024-10-02,0.813,1038.0,0,0.0,74.0,3
POL-103724,CUST-52282,Motor,West,Direct,2022-01-07,2022-12-26,0.63,468.92,0,0.0,18.0,4
POL-103725,CUST-51857,Commercial,South,Agent,2023-12-24,2024-10-21,0.944,1391.02,0,0.0,65.0,19
POL-103726,CUST-50061,Commercial,Central,Online,2022-03-21,2023-03-01,0.993,1267.82,0,0.0,69.0,7
POL-103727,CUST-50548,Motor,South,Agent,2023-01-20,2024-01-17,0.519,318.06,0,0.0,63.0,11
POL-103728,CUST-51882,Home,East,Agent,2022-09-06,2023-09-05,0.344,165.05,0,0.0,60.0,8
POL-103729,CUST-50866,Home,West,Online,2023-04-12,2024-02-24,0.522,418.94,0,0.0,38.0,5
POL-103730,CUST-50179,Commercial,Central,Agent,2023-06-11,2024-03-28,0.418,798.69,0,0.0,59.0,10
POL-103731,CUST-51641,Motor,North,Agent,2023-09-20,2024-04-08,0.648,722.17,0,0.0,51.0,15
POL-103732,CUST-50951,Commercial,South,Broker,2022-10-21,2023-06-29,0.534,842.13,0,0.0,65.0,0
POL-103733,CUST-52519,Liability,Central,Online,2023-11-13,2024-08-07,0.61,809.81,0,0.0,38.0,17
POL-103734,CUST-52668,Liability,East,Agent,2022-08-24,2023-07-15,0.822,845.33,0,0.0,60.0,3
POL-103735,CUST-50388,Motor,West,Broker,2022-05-29,2023-03-14,0.456,396.82,0,0.0,62.0,18
POL-103736,CUST-52331,Motor,West,Agent,2022-10-04,2023-06-22,0.653,572.85,0,0.0,65.0,19
POL-103737,CUST-52575,Home,South,Broker,2023-01-21,2023-08-16,0.501,272.69,0,0.0,27.0,18
POL-103738,CUST-51921,Motor,South,Agent,2023-05-03,2024-03-11,0.839,805.47,1,7859.26,67.0,13
POL-103739,CUST-51826,Motor,East,Broker,2023-08-31,2024-05-17,0.73,629.35,0,0.0,30.0,18
POL-103740,CUST-51391,Commercial,North,Broker,2022-06-14,2022-12-17,0.256,513.1,0,0.0,71.0,17
POL-103741,CUST-51468,Motor,West,Online,2022-08-10,2023-03-30,0.745,519.51,1,2525.7,20.0,12
POL-103742,CUST-50236,Motor,North,Direct,2023-11-17,2024-10-25,0.378,242.16,0,0.0,30.0,17
POL-103743,CUST-50431,Liability,Central,Direct,2022-11-18,2023-06-08,0.793,735.02,0,0.0,52.0,6
POL-103744,CUST-52052,Motor,West,Broker,2022-06-26,2023-03-08,0.676,488.92,0,0.0,48.0,16
POL-103745,CUST-51649,Liability,South,Agent,2023-12-21,2024-09-21,0.551,752.91,-1,-500.0,57.0,18
POL-103746,CUST-50521,Motor,North,Agent,2022-11-24,2023-06-07,0.771,714.99,0,0.0,41.0,12
POL-103747,CUST-51060,Motor,West,Broker,2023-12-21,2024-07-18,0.892,721.66,0,0.0,18.0,2
POL-103748,CUST-51938,Motor,East,Agent,2023-11-03,2024-10-22,0.834,815.18,0,0.0,53.0,4
POL-103749,CUST-50566,Motor,North,Agent,2023-10-24,2024-08-08,0.659,569.77,0,0.0,47.0,3
POL-103750,CUST-50632,Motor,East,Broker,2023-03-01,2023-10-06,0.792,569.65,0,0.0,46.0,10
POL-103751,CUST-52639,Commercial,Central,Agent,2023-08-06,2024-03-04,0.56,792.64,0,0.0,39.0,8
POL-103752,CUST-51374,Liability,West,Agent,2023-12-03,2024-08-18,0.842,743.01,1,4264.85,68.0,16
POL-103753,CUST-51381,Motor,West,Broker,2022-07-16,2023-05-26,0.872,849.65,0,0.0,63.0,5
POL-103754,CUST-50220,Motor,East,Direct,2022-01-28,2022-12-09,0.353,381.54,0,0.0,28.0,3
POL-103755,CUST-50239,Home,North,Agent,2022-08-23,2023-03-27,0.429,235.07,1,7042.04,20.0,12
POL-103756,CUST-51948,Home,Central,Direct,2023-04-10,2024-02-18,0.452,318.05,0,0.0,28.0,2
POL-103757,CUST-50906,Motor,West,Agent,2023-02-04,2024-01-16,0.375,381.2,0,0.0,20.0,18
POL-103758,CUST-50838,Motor,East,Online,2022-02-28,2022-10-08,0.544,443.45,0,0.0,58.0,1
POL-103759,CUST-50544,Motor,West,Broker,2023-02-14,2023-08-17,0.395,349.61,0,0.0,53.0,9
POL-103760,CUST-52260,Home,South,Broker,2022-05-08,2023-05-01,0.697,411.04,0,0.0,,18
POL-103761,CUST-52817,Motor,West,Direct,2023-01-05,2023-10-09,0.326,266.3,0,0.0,51.0,11
POL-103762,CUST-50781,Commercial,Central,Broker,2023-02-25,2024-01-15,0.452,663.5,0,0.0,64.0,16
POL-103763,CUST-50729,Motor,South,Broker,2023-04-10,2023-12-05,0.749,577.31,0,0.0,65.0,8
POL-103764,CUST-52339,Motor,North,Broker,2022-10-29,2023-06-21,0.549,486.17,0,0.0,42.0,15
POL-103765,CUST-51519,Home,West,Online,2022-10-26,2023-06-04,0.566,430.43,0,0.0,51.0,14
POL-103766,CUST-52382,Motor,Central,Online,2023-05-11,2023-12-17,0.848,703.51,0,0.0,50.0,10
POL-103767,CUST-52236,Commercial,Central,Broker,2023-07-01,2024-03-24,0.988,1950.92,0,0.0,72.0,2
POL-103768,CUST-52386,Home,Central,Online,2023-08-13,2024-02-28,0.674,356.28,0,0.0,61.0,19
POL-103769,CUST-50475,Commercial,South,Agent,2022-09-01,2023-08-03,0.309,454.62,0,0.0,35.0,0
POL-103770,CUST-51605,Home,Central,Broker,2022-11-06,2023-08-08,0.327,227.31,1,2910.74,68.0,7
POL-103771,CUST-51312,Motor,South,Broker,2022-08-30,2023-08-15,0.976,896.2,0,0.0,40.0,12
POL-103772,CUST-52600,Motor,East,Agent,2023-01-21,2023-10-21,0.759,879.25,0,0.0,61.0,15
POL-103773,CUST-51959,Home,Central,Online,2022-04-03,2022-11-25,0.814,467.85,0,0.0,73.0,10
POL-103774,CUST-52235,Home,Central,Online,2022-11-10,2023-08-12,0.757,452.6,0,0.0,64.0,8
POL-103775,CUST-52645,Motor,West,Online,2022-05-18,2022-12-12,0.385,365.53,0,0.0,24.0,8
POL-103776,CUST-52071,Motor,East,Direct,2023-01-24,2023-12-23,0.586,556.61,0,0.0,29.0,19
POL-103777,CUST-51962,Motor,East,Broker,2023-09-13,2024-07-22,0.849,902.93,0,0.0,63.0,6
POL-103778,CUST-51589,Motor,Central,Direct,2023-12-21,2024-07-15,0.9,960.96,0,0.0,25.0,17
POL-103779,CUST-50240,Motor,Central,Agent,2022-11-22,2023-09-06,0.428,257.43,0,0.0,18.0,1
POL-103780,CUST-52162,Home,South,Online,2022-02-11,2022-11-18,0.697,533.67,0,0.0,32.0,13
POL-103781,CUST-50964,Liability,North,Agent,2022-06-16,2023-01-19,0.368,433.67,0,0.0,45.0,13
POL-103782,CUST-50369,Motor,Central,Online,2022-03-18,2022-10-06,0.969,914.28,0,0.0,25.0,13
POL-103783,CUST-51052,Motor,Central,Direct,2023-07-09,2024-05-25,0.439,344.0,0,0.0,26.0,8
POL-103784,CUST-51041,Motor,North,Agent,2023-12-20,2024-08-05,0.795,902.09,1,2656.56,37.0,13
POL-103785,CUST-51164,Motor,East,Agent,2023-02-09,2023-11-12,0.423,437.48,0,0.0,52.0,8
POL-103786,CUST-50840,Home,East,Broker,2022-05-10,2022-12-22,0.712,388.51,0,0.0,49.0,11
POL-103787,CUST-52824,Motor,North,Agent,2022-01-16,2022-11-13,0.744,577.79,0,0.0,63.0,17
POL-103788,CUST-52650,Liability,West,Online,2023-12-14,2024-06-20,0.496,581.99,0,0.0,73.0,13
POL-103789,CUST-50107,Commercial,Central,Agent,2022-08-19,2023-04-22,0.864,1681.71,1,17129.22,19.0,14
POL-103790,CUST-51490,Home,South,Broker,2022-03-23,2022-12-29,0.914,591.26,0,0.0,57.0,19
POL-103791,CUST-50906,Liability,West,Agent,2022-05-10,2023-01-26,0.891,1148.62,0,0.0,27.0,4
POL-103792,CUST-52546,Home,North,Agent,2022-07-06,2023-04-25,0.498,298.72,0,0.0,38.0,11
POL-103793,CUST-51477,Liability,South,Agent,2023-04-24,2023-11-23,0.808,773.32,0,0.0,37.0,13
POL-103794,CUST-51902,Motor,East,Online,2023-10-14,2024-07-02,0.67,672.1,0,0.0,57.0,13
POL-103795,CUST-50259,Liability,Central,Direct,2022-07-20,2023-06-05,0.694,500.14,0,0.0,32.0,2
POL-103796,CUST-52139,Motor,Central,Online,2023-05-17,2024-01-14,0.608,412.02,0,0.0,68.0,15
POL-103797,CUST-51450,Motor,Central,Broker,2022-02-17,2022-09-14,0.7,719.89,0,0.0,39.0,3
POL-103798,CUST-52625,Liability,Central,Agent,2022-01-08,2022-12-11,0.352,299.93,0,0.0,64.0,8
POL-103799,CUST-50321,Motor,Central,Agent,2022-02-10,2022-12-31,0.557,389.44,0,0.0,72.0,14
POL-103800,CUST-50908,Motor,South,Broker,2023-11-05,2024-09-06,0.383,248.18,0,0.0,47.0,5
POL-103801,CUST-52513,Motor,North,Agent,2023-03-01,2024-01-23,0.46,335.24,0,0.0,23.0,2
POL-103802,CUST-50702,Motor,Central,Agent,2023-08-11,2024-06-30,0.346,257.43,0,0.0,57.0,13
POL-103803,CUST-50810,Motor,North,Direct,2022-01-16,2022-11-30,0.409,326.38,0,0.0,42.0,5
POL-103804,CUST-50906,Motor,East,Agent,2022-01-17,2022-10-18,0.836,964.16,1,2967.1,37.0,16
POL-103805,CUST-51569,Home,West,Broker,2023-09-12,2024-03-13,0.662,472.51,0,0.0,44.0,17
POL-103806,CUST-50163,Commercial,North,Broker,2022-03-16,2023-01-01,0.268,460.62,0,0.0,35.0,6
POL-103807,CUST-51854,Motor,Central,Direct,2022-04-24,2022-12-10,0.841,566.82,0,0.0,33.0,14
POL-103808,CUST-52429,Commercial,South,Broker,2023-01-14,2023-12-03,0.932,1128.24,0,0.0,74.0,4
POL-103809,CUST-50917,Home,South,Direct,2023-03-19,2023-12-11,0.91,749.86,0,0.0,33.0,18
POL-103810,CUST-50513,Commercial,South,Broker,2022-06-17,2023-05-31,0.867,1438.2,0,0.0,44.0,4
POL-103811,CUST-51053,Commercial,East,Agent,2022-11-21,2023-09-07,0.994,1825.77,0,0.0,58.0,17
POL-103812,CUST-51936,Liability,East,Agent,2023-05-08,2024-02-14,0.69,642.54,1,5668.42,30.0,15
POL-103813,CUST-51531,Motor,North,Agent,2022-11-20,2023-11-05,0.972,912.16,0,0.0,53.0,6
POL-103814,CUST-51811,Home,North,Broker,2022-10-07,2023-07-02,0.962,627.18,0,0.0,69.0,16
POL-103815,CUST-52416,Liability,East,Direct,2022-02-22,2022-10-29,0.485,401.05,0,0.0,64.0,12
POL-103816,CUST-52843,Commercial,South,Direct,2022-11-26,2023-08-02,0.898,1663.22,0,0.0,19.0,13
POL-103817,CUST-51358,Motor,West,Agent,2023-08-10,2024-07-17,0.844,669.79,0,0.0,41.0,7
POL-103818,CUST-52281,Home,Central,Agent,2023-04-03,2024-02-17,0.832,529.68,0,0.0,18.0,4
POL-103819,CUST-51472,Commercial,North,Agent,2023-10-14,2024-05-11,0.922,1060.29,0,0.0,52.0,13
POL-103820,CUST-50414,Motor,North,Online,2022-04-03,2022-12-30,0.538,524.45,0,0.0,36.0,1
POL-103821,CUST-51787,Home,West,Agent,2022-01-09,2022-09-15,0.55,427.54,0,0.0,68.0,6
POL-103822,CUST-52858,Commercial,North,Broker,2023-02-05,2023-12-02,0.73,1045.03,0,0.0,28.0,2
POL-103823,CUST-51275,Home,West,Agent,2022-05-11,2022-11-16,0.803,689.38,0,0.0,66.0,0
POL-103824,CUST-51620,Motor,East,Direct,2023-03-10,2024-01-16,0.91,680.92,0,0.0,37.0,0
POL-103825,CUST-52178,Home,East,Broker,2023-10-22,2024-09-04,0.907,737.32,0,0.0,70.0,1
POL-103826,CUST-52489,Home,West,Agent,2022-09-04,2023-04-14,0.791,590.88,0,0.0,29.0,18
POL-103827,CUST-50014,Motor,Central,Broker,2023-02-06,2023-09-02,0.968,1110.03,0,0.0,33.0,15
POL-103828,CUST-50171,Home,North,Direct,2023-05-13,2024-03-04,0.384,290.09,0,0.0,38.0,19
POL-103829,CUST-51449,Motor,North,Broker,2022-04-20,2022-12-03,0.963,856.53,0,0.0,74.0,1
POL-103830,CUST-50335,Commercial,West,Online,2023-10-18,2024-10-07,0.298,427.53,0,0.0,59.0,19
POL-103831,CUST-52769,Commercial,North,Online,2022-05-29,2023-04-18,0.667,1238.51,0,0.0,64.0,11
POL-103832,CUST-52113,Commercial,East,Broker,2023-08-14,2024-08-05,0.318,594.01,0,0.0,49.0,15
POL-103833,CUST-51847,Home,East,Online,2023-04-27,2024-01-31,0.676,466.16,0,0.0,63.0,17
POL-103834,CUST-51751,Motor,South,Online,2022-04-13,2023-04-02,0.543,549.93,0,0.0,53.0,5
POL-103835,CUST-51459,Commercial,East,Broker,2023-06-14,2023-12-13,0.311,461.77,0,0.0,56.0,14
POL-103836,CUST-50149,Motor,North,Direct,2022-05-24,2023-01-12,0.736,533.55,0,0.0,65.0,12
POL-103837,CUST-52316,Home,South,Broker,2023-03-14,2023-09-10,0.798,363.64,0,0.0,74.0,8
POL-103838,CUST-51434,Motor,North,Broker,2023-12-02,2024-10-03,0.381,374.89,0,0.0,50.0,9
POL-103839,CUST-51179,Home,Central,Broker,2023-11-27,2024-08-27,0.771,558.54,0,0.0,43.0,4
POL-103840,CUST-51309,Home,Central,Online,2023-09-29,2024-05-19,0.384,277.53,0,0.0,55.0,3
POL-103841,CUST-51401,Motor,South,Online,2022-12-27,2023-08-20,0.353,328.16,0,0.0,60.0,18
POL-103842,CUST-52824,Motor,North,Agent,2023-02-13,2023-12-09,0.361,288.34,0,0.0,74.0,14
POL-103843,CUST-50585,Motor,South,Direct,2022-08-08,2023-03-09,0.699,516.57,0,0.0,57.0,11
POL-103844,CUST-50531,Motor,Central,Direct,2023-11-04,2024-08-05,0.834,528.83,0,0.0,72.0,13
POL-103845,CUST-50372,Motor,Central,Online,2022-12-15,2023-10-05,0.698,476.78,0,0.0,59.0,8
POL-103846,CUST-51862,Commercial,West,Broker,2023-07-18,2024-02-27,0.857,1416.38,0,0.0,72.0,4
POL-103847,CUST-50076,Commercial,Central,Agent,2022-09-20,2023-04-30,0.694,1245.45,0,0.0,60.0,18
POL-103848,CUST-52375,Liability,North,Agent,2023-06-25,2024-02-25,0.848,1109.72,0,0.0,68.0,19
POL-103849,CUST-52194,Motor,East,Agent,2022-06-13,2023-03-30,0.982,633.32,0,0.0,28.0,4
POL-103850,CUST-52126,Motor,West,Agent,2023-06-20,2024-02-02,0.543,586.08,0,0.0,74.0,16
POL-103851,CUST-51404,Home,North,Agent,2022-02-03,2022-10-11,0.362,250.97,0,0.0,37.0,8
POL-103852,CUST-51231,Home,East,Agent,2022-03-18,2022-12-24,0.352,198.8,0,0.0,63.0,14
POL-103853,CUST-52818,Commercial,South,Online,2022-09-15,2023-04-17,0.698,1222.67,0,0.0,40.0,2
POL-103854,CUST-52491,Commercial,North,Broker,2022-12-18,2023-09-29,0.66,1332.67,0,0.0,44.0,9
POL-103855,CUST-50530,Home,South,Broker,2023-06-04,2023-12-26,0.388,232.28,0,0.0,60.0,2
POL-103856,CUST-50776,Home,Central,Direct,2022-09-20,2023-04-14,0.912,644.15,0,0.0,48.0,16
POL-103857,CUST-50731,Liability,East,Agent,2022-01-14,2022-08-26,0.968,837.25,1,3275.76,58.0,7
POL-103858,CUST-51418,Motor,North,Direct,2022-08-26,2023-04-16,0.44,315.48,1,5614.12,22.0,5
POL-103859,CUST-51916,Commercial,West,Online,2022-11-17,2023-05-21,0.405,472.38,0,0.0,65.0,13
POL-103860,CUST-50663,Commercial,East,Broker,2023-02-01,2024-01-25,0.41,429.53,0,0.0,41.0,19
POL-103861,CUST-50163,Motor,South,Broker,2023-04-16,2023-12-09,0.541,554.89,0,0.0,62.0,6
POL-103862,CUST-51155,Liability,South,Agent,2022-06-30,2023-05-25,0.89,699.65,0,0.0,34.0,14
POL-103863,CUST-51510,Commercial,East,Broker,2023-03-22,2024-03-03,0.697,1185.89,0,0.0,51.0,13
POL-103864,CUST-52017,Commercial,Central,Broker,2023-04-07,2024-02-29,0.301,571.19,0,0.0,51.0,9
POL-103865,CUST-50370,Motor,West,Agent,2023-07-21,2024-06-19,0.605,664.73,0,0.0,25.0,16
POL-103866,CUST-52067,Motor,East,Broker,2023-01-17,2023-08-03,0.318,245.78,0,0.0,45.0,2
POL-103867,CUST-50484,Home,South,Broker,2023-08-15,2024-04-20,0.555,270.84,1,3848.02,54.0,17
POL-103868,CUST-50879,Motor,North,Agent,2022-06-11,2023-04-25,0.553,474.82,0,0.0,65.0,8
POL-103869,CUST-51536,Motor,North,Agent,2023-06-04,2024-03-17,0.736,517.31,0,0.0,68.0,0
POL-103870,CUST-50315,Motor,North,Broker,2022-02-03,2022-08-03,0.662,541.01,0,0.0,39.0,19
POL-103871,CUST-51707,Motor,Central,Agent,2022-03-17,2022-12-27,0.906,845.7,1,4636.72,54.0,15
POL-103872,CUST-50115,Commercial,East,Direct,2023-09-24,2024-08-18,0.262,437.28,-1,0.0,27.0,16
POL-103873,CUST-50636,Home,North,Online,2022-12-13,2023-11-12,0.83,438.86,0,0.0,69.0,2
POL-103874,CUST-51697,Motor,Central,Direct,2023-03-30,2023-12-06,0.267,194.97,0,0.0,67.0,15
POL-103875,CUST-50813,Home,North,Agent,2023-03-17,2023-10-26,0.478,387.1,2,12850.19,74.0,13
POL-103876,CUST-51297,Motor,West,Broker,2023-05-23,2024-01-15,0.91,1053.06,0,0.0,45.0,18
POL-103877,CUST-50852,Motor,North,Direct,2022-06-29,2023-02-19,0.768,750.53,1,6159.05,38.0,7
POL-103878,CUST-51501,Home,East,Direct,2022-05-11,2023-01-10,0.379,256.08,0,0.0,61.0,18
POL-103879,CUST-50425,Home,East,Online,2022-02-01,2022-09-25,0.618,444.72,0,0.0,59.0,14
POL-103880,CUST-50466,Motor,Central,Broker,2023-09-24,2024-06-15,0.791,531.18,0,0.0,30.0,5
POL-103881,CUST-52897,Home,West,Agent,2022-06-13,2022-12-17,0.953,784.62,0,0.0,48.0,4
POL-103882,CUST-50996,Motor,East,Broker,2023-02-24,2023-10-13,0.726,522.08,1,2778.22,54.0,18
POL-103883,CUST-52076,Home,East,Online,2022-11-29,2023-07-25,0.269,194.93,0,0.0,43.0,12
POL-103884,CUST-50025,Motor,West,Direct,2022-04-29,2022-11-23,0.625,454.42,1,2597.42,39.0,2
POL-103885,CUST-50332,Commercial,East,Online,2022-10-30,2023-10-08,0.365,631.95,0,0.0,31.0,2
POL-103886,CUST-52362,Home,West,Direct,2022-03-02,2023-01-01,0.286,217.64,0,0.0,41.0,16
POL-103887,CUST-51071,Motor,East,Online,2022-05-09,2023-04-23,0.699,724.11,0,0.0,32.0,3
POL-103888,CUST-50900,Home,Central,Broker,2022-04-12,2023-01-21,0.833,516.51,0,0.0,35.0,4
POL-103889,CUST-50517,Commercial,North,Online,2023-08-25,2024-03-12,0.277,451.83,0,0.0,28.0,12
POL-103890,CUST-50799,Motor,West,Online,2023-02-19,2024-02-02,0.838,796.77,1,1645.74,39.0,17
POL-103891,CUST-50703,Home,Central,Online,2023-11-07,2024-07-29,0.78,582.36,0,0.0,53.0,6
POL-103892,CUST-52392,Commercial,West,Online,2022-11-15,2023-09-18,0.814,1238.49,0,0.0,39.0,13
POL-103893,CUST-52818,Motor,Central,Broker,2022-05-27,2023-02-01,0.434,389.23,0,0.0,26.0,14
POL-103894,CUST-50104,Liability,East,Direct,2023-03-21,2023-12-17,0.545,629.75,0,0.0,63.0,12
POL-103895,CUST-50410,Motor,East,Broker,2023-11-10,2024-08-07,0.34,236.72,0,0.0,42.0,13
POL-103896,CUST-51882,Commercial,North,Direct,2023-01-24,2023-09-13,0.429,719.55,0,0.0,51.0,4
POL-103897,CUST-52639,Commercial,South,Direct,2022-01-14,2022-10-24,0.477,555.92,0,0.0,47.0,12
POL-103898,CUST-50950,Liability,North,Direct,2022-08-10,2023-06-22,0.49,579.79,0,0.0,46.0,0
POL-103899,CUST-52525,Home,West,Broker,2023-11-07,2024-05-08,0.381,229.66,0,0.0,42.0,14
POL-103900,CUST-50013,Commercial,West,Direct,2023-01-14,2023-08-06,0.392,731.93,0,0.0,61.0,15
POL-103901,CUST-52231,Motor,North,Online,2023-11-26,2024-10-27,0.926,599.68,1,2310.72,66.0,15
POL-103902,CUST-52829,Motor,Central,Direct,2023-01-07,2023-10-19,0.838,728.23,0,0.0,69.0,0
POL-103903,CUST-51490,Commercial,South,Broker,2022-01-09,2023-01-05,0.508,601.84,0,0.0,43.0,18
POL-103904,CUST-51752,Motor,West,Online,2023-09-30,2024-07-18,0.961,1068.61,0,0.0,37.0,8
POL-103905,CUST-50775,Commercial,,Direct,2023-07-12,2024-05-08,0.429,489.97,0,0.0,22.0,1
POL-103906,CUST-52355,Motor,Central,Broker,2023-06-07,2024-05-19,0.555,490.45,0,0.0,43.0,10
POL-103907,CUST-52492,Motor,North,Broker,2023-12-10,2024-10-07,0.86,565.56,0,0.0,74.0,11
POL-103908,CUST-52499,Motor,North,Direct,2022-05-24,2023-01-20,0.582,622.53,0,0.0,32.0,8
POL-103909,CUST-52502,Home,North,Direct,2023-10-24,2024-07-28,0.426,237.03,0,0.0,66.0,14
POL-103910,CUST-50231,Motor,Central,Agent,2022-06-19,2023-01-28,0.526,498.89,0,0.0,61.0,10
POL-103911,CUST-51575,Motor,East,Agent,2023-12-10,2024-08-08,0.626,435.84,0,0.0,55.0,4
POL-103912,CUST-51527,Liability,North,Online,2022-05-20,2023-03-22,0.715,662.95,0,0.0,50.0,12
POL-103913,CUST-50142,Commercial,East,Online,2023-02-06,2023-09-01,0.554,626.24,0,0.0,61.0,5
POL-103914,CUST-52403,Commercial,East,Broker,2023-07-31,2024-05-30,0.573,901.96,0,0.0,23.0,2
POL-103915,CUST-50578,Motor,East,Online,2022-02-27,2022-12-12,0.448,267.48,0,0.0,25.0,5
POL-103916,CUST-51274,Motor,West,Broker,2022-02-18,2022-10-13,0.652,773.19,0,0.0,29.0,18
POL-103917,CUST-50168,Home,North,Agent,2023-09-13,2024-03-19,0.415,255.09,0,0.0,61.0,11
POL-103918,CUST-52367,Motor,South,Direct,2022-02-14,2022-12-22,0.901,873.54,0,0.0,42.0,6
POL-103919,CUST-50539,Motor,West,Agent,2023-03-25,2024-02-21,0.811,620.93,0,0.0,29.0,7
POL-103920,CUST-51549,Liability,Central,Agent,2023-11-16,2024-09-26,0.558,479.73,0,0.0,20.0,17
POL-103921,CUST-51525,Motor,South,Online,2023-03-25,2023-12-08,0.81,889.74,0,0.0,45.0,13
POL-103922,CUST-50287,Liability,East,Broker,2022-12-18,2023-10-15,0.255,307.56,0,0.0,40.0,15
POL-103923,CUST-52562,Motor,Central,Agent,2022-11-01,2023-07-16,0.508,496.7,0,0.0,28.0,12
POL-103924,CUST-50019,Motor,West,Broker,2023-04-11,2023-12-13,0.58,604.72,0,0.0,19.0,19
POL-103925,CUST-51959,Motor,South,Broker,2023-02-22,2023-10-20,0.602,420.99,0,0.0,60.0,13
POL-103926,CUST-50516,Liability,East,Direct,2023-01-02,2023-08-09,0.812,1077.35,0,0.0,62.0,8
POL-103927,CUST-51802,Home,North,Agent,2022-04-23,2023-04-18,0.972,613.68,0,0.0,32.0,5
POL-103928,CUST-50677,Commercial,East,Broker,2023-04-29,2024-02-26,0.535,1014.76,0,0.0,46.0,0
POL-103929,CUST-52243,Motor,East,Broker,2023-06-25,2024-01-23,0.513,529.91,0,0.0,32.0,15
POL-103930,CUST-51691,Commercial,North,Direct,2023-06-02,2024-05-07,0.708,924.09,0,0.0,41.0,18
POL-103931,CUST-51919,Home,South,Online,2022-02-24,2022-09-20,0.461,313.98,0,0.0,24.0,13
POL-103932,CUST-52961,Home,Central,Broker,2023-05-29,2024-03-14,0.356,303.85,0,0.0,71.0,9
POL-103933,CUST-51330,Commercial,West,Online,2023-06-17,2024-01-13,0.971,1022.12,0,0.0,59.0,2
POL-103934,CUST-52276,Commercial,East,Online,2022-05-14,2023-01-16,0.857,1240.83,1,15339.43,69.0,12
POL-103935,CUST-52446,Home,South,Agent,2023-09-12,2024-07-10,0.969,681.51,0,0.0,34.0,4
POL-103936,CUST-50973,Motor,North,Agent,2023-01-18,2024-01-18,0.413,329.26,0,0.0,67.0,12
POL-103937,CUST-50930,Commercial,East,Direct,2022-12-11,2023-12-10,0.263,351.81,0,0.0,47.0,6
POL-103938,CUST-52117,Motor,East,Online,2023-06-12,2024-05-23,0.578,601.39,-1,0.0,29.0,17
POL-103939,CUST-52784,Liability,North,Agent,2023-01-08,2023-08-19,0.95,1248.87,1,4654.88,36.0,18
POL-103940,CUST-50044,Motor,Central,Agent,2023-02-02,2023-08-18,0.354,323.87,0,0.0,64.0,4
POL-103941,CUST-50348,Motor,East,Direct,2022-08-16,2023-07-30,0.338,391.8,0,0.0,62.0,6
POL-103942,CUST-50506,Motor,North,Online,2023-11-09,2024-10-25,0.302,197.89,0,0.0,59.0,18
POL-103943,CUST-51913,Home,North,Agent,2023-12-09,2024-07-27,0.824,438.96,0,0.0,30.0,0
POL-103944,CUST-51261,Motor,Central,Broker,2022-04-06,2022-10-06,0.839,542.99,0,0.0,54.0,10
POL-103945,CUST-51501,Commercial,South,Agent,2023-06-20,2024-04-15,0.772,1124.86,0,0.0,71.0,2
POL-103946,CUST-50951,Home,South,Online,2022-01-18,2022-07-31,0.29,204.74,0,0.0,20.0,8
POL-103947,CUST-51277,Motor,North,Direct,2022-09-27,2023-04-02,0.792,565.71,1,3867.56,36.0,0
POL-103948,CUST-52324,Home,Central,Broker,2023-12-10,2024-11-28,0.586,368.4,1,11576.66,22.0,2
POL-103949,CUST-51289,Commercial,Central,Online,2022-05-08,2023-02-04,0.368,629.16,0,0.0,23.0,8
POL-103950,CUST-51178,Commercial,South,Broker,2022-10-03,2023-04-21,0.471,783.78,0,0.0,74.0,1
POL-103951,CUST-50126,Motor,West,Online,2022-06-10,2023-04-07,0.626,606.86,0,0.0,31.0,15
POL-103952,CUST-51134,Liability,East,Agent,2023-06-16,2024-02-19,0.497,547.56,0,0.0,28.0,11
POL-103953,CUST-52254,Motor,North,Agent,2022-12-05,2023-09-10,0.977,1154.85,2,4899.68,22.0,9
POL-103954,CUST-50411,Home,West,Broker,2023-03-09,2024-02-19,0.606,450.77,0,0.0,73.0,9
POL-103955,CUST-51057,Commercial,North,Agent,2023-11-20,2024-07-01,0.529,1024.3,0,0.0,44.0,16
POL-103956,CUST-50855,Motor,Central,Online,2023-01-16,2023-11-12,0.755,876.77,0,0.0,63.0,16
POL-103957,CUST-51429,Motor,North,Broker,2023-06-20,2024-05-19,0.738,816.6,0,0.0,32.0,0
POL-103958,CUST-52464,Home,South,Agent,2022-03-13,2022-11-26,0.252,119.78,0,0.0,54.0,13
POL-103959,CUST-52542,Motor,South,Direct,2022-06-07,2023-06-02,0.714,649.67,0,0.0,68.0,9
POL-103960,CUST-51151,Motor,South,Broker,2023-11-23,2024-08-12,0.433,355.93,1,1454.31,56.0,15
POL-103961,CUST-51731,Motor,East,Broker,2023-09-20,2024-06-11,0.531,346.61,0,0.0,47.0,15
POL-103962,CUST-52452,Commercial,West,Agent,2023-04-25,2024-04-03,0.78,1238.38,0,0.0,30.0,14
POL-103963,CUST-52554,Motor,South,Online,2022-10-04,2023-07-29,0.668,482.05,1,2497.05,31.0,13
POL-103964,CUST-51807,Home,East,Direct,2022-05-26,2023-05-02,0.526,361.09,0,0.0,52.0,4
POL-103965,CUST-50411,Liability,Central,Online,2023-09-14,2024-08-06,0.376,468.77,0,0.0,43.0,17
POL-103966,CUST-51130,Commercial,East,Direct,2023-07-28,2024-06-04,0.629,889.88,0,0.0,20.0,14
POL-103967,CUST-50845,Home,West,Broker,2022-06-26,2023-02-05,0.49,414.65,0,0.0,29.0,5
POL-103968,CUST-52040,Home,South,Agent,2023-03-07,2023-11-16,0.935,716.82,0,0.0,42.0,4
POL-103969,CUST-50683,Motor,North,Direct,2023-03-28,2024-03-02,0.651,698.88,0,0.0,28.0,10
POL-103970,CUST-50103,Motor,South,Agent,2022-12-15,2023-10-05,0.899,594.97,0,0.0,49.0,6
POL-103971,CUST-52659,Motor,North,Online,2023-11-08,2024-06-27,0.543,627.39,0,0.0,35.0,13
POL-103972,CUST-50331,Motor,Central,Agent,2022-04-01,2022-11-27,0.871,536.14,0,0.0,34.0,8
POL-103973,CUST-52344,Motor,North,Broker,2022-07-08,2023-05-28,0.292,320.36,0,0.0,24.0,3
POL-103974,CUST-52864,Home,Central,Broker,2022-03-11,2022-10-10,0.474,211.82,0,0.0,46.0,7
POL-103975,CUST-52502,Motor,North,Broker,2023-05-21,2023-12-07,0.309,213.72,0,0.0,28.0,16
POL-103976,CUST-51466,Motor,North,Direct,2023-04-16,2024-03-03,0.274,214.44,0,0.0,53.0,16
POL-103977,CUST-51706,Commercial,East,Direct,2023-12-22,2024-08-11,0.939,1656.23,0,0.0,71.0,6
POL-103978,CUST-52153,Motor,North,Direct,2023-01-31,2023-12-19,0.788,890.56,0,0.0,69.0,15
POL-103979,CUST-50662,Commercial,North,Online,2022-04-20,2023-01-24,-0.1,1216.19,0,0.0,56.0,1
POL-103980,CUST-51268,Motor,West,Broker,2022-11-26,2023-11-26,0.649,667.19,1,1362.82,64.0,19
POL-103981,CUST-51130,Home,North,Broker,2022-03-06,2022-12-08,0.677,378.96,0,0.0,70.0,15
POL-103982,CUST-50819,Motor,East,Online,2023-05-05,2024-04-10,0.729,856.83,0,0.0,56.0,0
POL-103983,CUST-51650,Motor,North,Agent,2023-05-08,2024-04-10,0.87,728.71,0,0.0,32.0,14
POL-103984,CUST-51260,Commercial,North,Agent,2023-09-19,2024-04-25,0.698,1355.24,0,0.0,46.0,9
POL-103985,CUST-50056,Home,West,Agent,2022-09-06,2023-09-06,0.811,626.25,0,0.0,66.0,17
POL-103986,CUST-50273,Motor,South,Direct,2022-08-15,2023-06-29,0.461,375.03,0,0.0,56.0,4
POL-103987,CUST-51918,Motor,North,Direct,2022-02-22,2022-09-09,0.983,785.58,0,0.0,38.0,17
POL-103988,CUST-51654,Home,West,Agent,2022-10-31,2023-04-30,0.274,199.72,0,0.0,27.0,17
POL-103989,CUST-52564,Motor,Central,Agent,2022-12-13,2023-07-31,0.54,623.47,0,0.0,26.0,5
POL-103990,CUST-50220,Home,East,Agent,2023-07-05,2024-01-04,0.912,661.93,0,0.0,39.0,8
POL-103991,CUST-50976,Home,South,Broker,2023-07-05,2024-03-07,0.385,310.36,0,0.0,63.0,12
POL-103992,CUST-51162,Home,Central,Agent,2022-04-13,2023-04-13,0.356,303.8,0,0.0,49.0,4
POL-103993,CUST-52039,Commercial,South,Direct,2022-07-28,2023-04-23,0.524,707.38,0,0.0,21.0,19
POL-103994,CUST-51310,Motor,West,Online,2023-01-09,2023-07-12,0.571,522.69,0,0.0,70.0,3
POL-103995,CUST-51450,Commercial,East,Direct,2022-09-02,2023-05-31,0.95,1551.58,0,0.0,41.0,4
POL-103996,CUST-52761,Home,West,Online,2022-01-19,2022-08-27,0.877,463.28,0,0.0,40.0,10
POL-103997,CUST-50011,Home,East,Online,2023-09-10,2024-08-14,0.598,466.52,0,0.0,64.0,9
POL-103998,CUST-52679,Home,East,Direct,2023-06-18,2023-12-31,0.98,536.65,0,0.0,39.0,1
POL-103999,CUST-50851,Home,East,Broker,2023-01-15,2023-12-04,0.732,542.25,0,0.0,53.0,18
POL-104000,CUST-50121,Motor,South,Online,2022-08-20,2023-05-09,0.905,820.54,0,0.0,70.0,4
POL-104001,CUST-51583,Liability,East,Broker,2023-09-08,2024-03-09,0.435,548.08,0,0.0,47.0,2
POL-104002,CUST-50636,Liability,North,Broker,2022-01-26,2022-11-27,0.617,639.78,0,0.0,53.0,10
POL-104003,CUST-52174,Motor,South,Agent,2022-11-22,2023-08-13,0.272,256.79,0,0.0,38.0,18
POL-104004,CUST-52278,Home,North,Direct,2023-08-08,2024-06-26,0.257,131.73,0,0.0,68.0,0
POL-104005,CUST-51206,Commercial,South,Online,2023-11-27,2024-09-16,0.779,1429.71,0,0.0,22.0,9
POL-104006,CUST-52341,Liability,South,Direct,2022-07-03,2023-05-25,0.339,326.07,0,0.0,33.0,18
POL-104007,CUST-50558,Home,North,Broker,2023-04-21,2024-01-11,0.661,453.19,0,0.0,74.0,17
POL-104008,CUST-51008,Motor,South,Direct,2022-05-19,2022-11-16,0.772,847.97,0,0.0,45.0,3
POL-104009,CUST-50183,Home,West,Online,2022-03-26,2022-10-16,0.274,175.92,0,0.0,27.0,12
POL-104010,CUST-51925,Motor,Central,Direct,2022-09-15,2023-06-07,0.587,445.13,0,0.0,41.0,16
POL-104011,CUST-52144,Home,West,Broker,2023-10-09,2024-06-18,0.763,419.03,0,0.0,32.0,13
POL-104012,CUST-52288,Home,West,Broker,2023-05-19,2024-04-10,0.917,623.36,0,0.0,47.0,13
POL-104013,CUST-51095,Home,West,Broker,2022-12-24,2023-09-06,0.474,265.62,0,0.0,31.0,15
POL-104014,CUST-52513,Motor,Central,Online,2022-07-26,2023-06-30,0.981,781.3,0,0.0,40.0,9
POL-104015,CUST-51941,Home,Central,Agent,2022-04-14,2022-11-14,0.883,473.2,0,0.0,69.0,1
POL-104016,CUST-51725,Home,North,Online,2022-07-17,2023-03-25,0.738,463.23,1,10688.3,22.0,12
POL-104017,CUST-50665,Motor,East,Agent,2022-04-22,2023-03-08,0.544,474.54,0,0.0,61.0,12
POL-104018,CUST-52525,Motor,Central,Online,2022-05-17,2022-12-06,0.783,710.9,0,0.0,22.0,17
POL-104019,CUST-52264,Motor,Central,Broker,2023-05-17,2024-01-11,0.862,816.96,0,0.0,44.0,18
POL-104020,CUST-52627,Commercial,East,Direct,2022-04-07,2023-02-20,0.477,768.79,0,0.0,56.0,6
POL-104021,CUST-51033,Home,East,Direct,2022-02-04,2022-11-20,0.995,590.42,0,0.0,72.0,19
POL-104022,CUST-51654,Home,North,Direct,2023-01-31,2023-12-21,0.931,767.98,0,0.0,32.0,0
POL-104023,CUST-50157,Home,East,Direct,2022-07-29,2023-04-30,0.614,402.82,0,0.0,21.0,19
POL-104024,CUST-51796,Commercial,East,Agent,2022-11-28,2023-11-02,0.792,1472.8,0,0.0,60.0,2
POL-104025,CUST-51530,Home,West,Agent,2022-04-13,2023-03-22,0.643,434.61,0,0.0,68.0,12
POL-104026,CUST-52456,Motor,East,Agent,2022-06-03,2023-05-30,0.821,669.54,0,0.0,50.0,13
POL-104027,CUST-52194,Motor,South,Direct,2022-11-18,2023-06-08,0.87,900.01,0,0.0,21.0,12
POL-104028,CUST-52971,Motor,Central,Direct,2023-05-19,2024-03-03,0.267,186.98,0,0.0,46.0,19
POL-104029,CUST-52797,Commercial,South,Agent,2022-10-30,2023-05-19,0.309,617.76,0,0.0,40.0,11
POL-104030,CUST-50503,Home,South,Direct,2023-01-31,2023-09-10,0.502,342.55,0,0.0,43.0,2
POL-104031,CUST-52912,Commercial,East,Agent,2023-01-16,2023-09-08,0.938,1051.24,0,0.0,21.0,12
POL-104032,CUST-50090,Commercial,South,Agent,2022-07-16,2023-05-12,0.549,792.03,0,0.0,36.0,5
POL-104033,CUST-51369,Commercial,North,Broker,2022-07-24,2023-04-10,0.916,1592.22,0,0.0,74.0,12
POL-104034,CUST-52798,Liability,West,Direct,2022-11-07,2023-10-13,0.597,437.44,1,7996.94,20.0,7
POL-104035,CUST-51835,Home,South,Agent,2022-01-24,2022-09-16,0.467,255.65,0,0.0,70.0,0
POL-104036,CUST-52975,Motor,Central,Online,2023-05-16,2024-03-05,0.925,1059.13,0,0.0,47.0,12
POL-104037,CUST-51671,Motor,West,Direct,2023-03-25,2024-02-09,0.671,541.46,1,2066.96,51.0,1
POL-104038,CUST-52044,Home,East,Broker,2022-08-12,2023-08-09,0.52,261.6,0,0.0,71.0,6
POL-104039,CUST-51600,Commercial,East,Agent,2022-09-30,2023-05-13,0.283,315.5,0,0.0,30.0,12
POL-104040,CUST-52781,Home,Central,Direct,2022-08-28,2023-07-10,0.333,233.99,0,0.0,74.0,17
POL-104041,CUST-50343,Motor,North,Online,2023-04-21,2023-11-02,0.354,328.19,0,0.0,33.0,6
POL-104042,CUST-51168,Commercial,South,Broker,2023-07-09,2024-04-15,0.524,876.37,0,0.0,37.0,5
POL-104043,CUST-52012,Motor,North,Agent,2022-03-21,2022-12-02,0.705,821.35,0,0.0,43.0,6
POL-104044,CUST-51479,Motor,North,Broker,2022-10-29,2023-10-22,0.481,303.4,0,0.0,52.0,11
POL-104045,CUST-52895,Commercial,Central,Broker,2022-01-11,2022-11-30,0.299,363.48,0,0.0,36.0,3
POL-104046,CUST-51746,Home,North,Agent,2022-11-27,2023-11-14,0.449,240.43,1,3430.49,63.0,10
POL-104047,CUST-50380,Motor,Central,Direct,2022-07-01,2023-06-04,0.557,472.96,0,0.0,19.0,16
POL-104048,CUST-51840,Motor,West,Agent,2022-09-03,2023-05-17,0.994,663.01,0,0.0,55.0,1
POL-104049,CUST-50935,Home,West,Online,2022-11-30,2023-10-12,0.545,333.48,0,0.0,55.0,19
POL-104050,CUST-51409,Motor,West,Broker,2022-08-25,2023-02-26,0.317,342.56,0,0.0,48.0,10
POL-104051,CUST-50231,Motor,North,Direct,2022-10-15,2023-07-25,0.686,474.97,0,0.0,52.0,12
POL-104052,CUST-52607,Home,North,Online,2023-07-13,2024-01-17,0.94,781.89,1,2361.62,60.0,12
POL-104053,CUST-51208,Home,South,Broker,2023-08-15,2024-06-24,0.84,696.77,0,0.0,69.0,18
POL-104054,CUST-52418,Motor,West,Agent,2022-01-05,2022-12-30,0.877,789.5,0,0.0,30.0,13
POL-104055,CUST-51445,Home,South,Broker,2022-10-03,2023-08-05,0.946,763.71,0,0.0,45.0,17
POL-104056,CUST-52845,Home,North,Broker,2023-09-11,2024-08-12,0.727,540.01,0,0.0,50.0,5
POL-104057,CUST-51074,Motor,West,Direct,2023-01-23,2023-09-03,0.996,804.03,0,0.0,37.0,4
POL-104058,CUST-50319,Motor,West,Online,2022-05-30,2023-05-29,0.275,255.54,0,0.0,73.0,12
POL-104059,CUST-51429,Motor,East,Direct,2023-03-10,2023-12-17,0.876,582.0,0,0.0,47.0,3
POL-104060,CUST-50102,Motor,East,Online,2022-04-16,2023-02-15,0.893,794.75,1,5869.88,51.0,2
POL-104061,CUST-52408,Commercial,West,Agent,2022-01-16,2022-12-05,0.938,1742.27,0,0.0,29.0,4
POL-104062,CUST-52756,Home,West,Agent,2023-04-07,2024-01-30,0.609,418.99,1,14453.46,41.0,5
POL-104063,CUST-50641,Liability,South,Agent,2023-01-12,2023-09-07,0.841,797.33,0,0.0,53.0,1
POL-104064,CUST-50158,Motor,North,Direct,2023-07-07,2024-04-25,0.396,391.97,0,0.0,42.0,14
POL-104065,CUST-52273,Home,Central,Agent,2022-09-09,2023-07-07,0.702,602.28,0,0.0,61.0,11
POL-104066,CUST-52066,Home,North,Agent,2023-09-16,2024-08-20,0.519,240.45,0,0.0,25.0,4
POL-104067,CUST-52379,Commercial,East,Online,2022-11-04,2023-07-31,0.697,941.17,1,5100.17,26.0,5
POL-104068,CUST-51708,Commercial,Central,Agent,2023-06-23,2024-03-22,0.757,888.17,0,0.0,37.0,18
POL-104069,CUST-51743,Home,East,Agent,2022-03-15,2022-12-13,0.51,433.15,0,0.0,36.0,18
POL-104070,CUST-50814,Home,Central,Broker,2022-03-12,2022-09-29,0.412,276.42,0,0.0,64.0,2
POL-104071,CUST-50945,Liability,East,Agent,2023-07-26,2024-02-07,0.491,380.5,0,0.0,67.0,12
POL-104072,CUST-51893,Liability,West,Agent,2023-09-01,2024-03-02,0.748,827.25,0,0.0,44.0,6
POL-104073,CUST-52809,Liability,East,Agent,2023-11-19,2024-09-17,0.758,780.2,0,0.0,46.0,7
POL-104074,CUST-50928,Motor,South,Agent,2022-08-25,2023-05-09,0.806,508.02,0,0.0,34.0,11
POL-104075,CUST-51091,Motor,Central,Online,2022-01-17,2022-12-24,0.345,382.74,0,0.0,48.0,19
POL-104076,CUST-51767,Motor,East,Broker,2023-12-17,2024-10-22,0.864,878.66,0,0.0,58.0,11
POL-104077,CUST-50149,Commercial,East,Direct,2023-03-16,2023-10-08,0.766,781.56,0,0.0,59.0,19
POL-104078,CUST-51958,Motor,West,Direct,2022-06-30,2023-01-14,0.273,318.32,0,0.0,73.0,16
POL-104079,CUST-50408,Motor,Central,Direct,2023-07-12,2024-03-16,0.502,346.26,0,0.0,50.0,15
POL-104080,CUST-52049,Home,Central,Online,2023-10-22,2024-10-07,0.6,260.47,1,8976.16,37.0,15
POL-104081,CUST-52674,Motor,South,Broker,2022-07-27,2023-02-01,0.52,441.6,0,0.0,21.0,15
POL-104082,CUST-52748,Commercial,South,Agent,2023-07-16,2024-02-15,0.338,391.37,0,0.0,57.0,5
POL-104083,CUST-50449,Motor,South,Agent,2023-07-29,2024-01-30,0.406,379.3,0,0.0,63.0,19
POL-104084,CUST-51791,Commercial,South,Agent,2023-01-02,2023-09-15,0.268,356.74,0,0.0,49.0,18
POL-104085,CUST-51342,Motor,South,Online,2023-04-07,2024-04-05,0.32,225.66,0,0.0,70.0,12
POL-104086,CUST-51470,Home,East,Broker,2022-07-16,2023-05-19,0.45,387.74,0,0.0,36.0,14
POL-104087,CUST-52075,Home,North,Agent,2023-11-10,2024-08-07,0.865,500.32,0,0.0,21.0,17
POL-104088,CUST-52972,Motor,East,Agent,2023-12-19,2024-07-12,0.645,542.94,0,0.0,54.0,3
POL-104089,CUST-51720,Motor,Central,Online,2023-12-18,2024-08-20,0.568,437.4,0,0.0,24.0,1
POL-104090,CUST-51663,Commercial,East,Broker,2023-06-23,2024-03-26,0.747,1392.81,0,0.0,22.0,19
POL-104091,CUST-51960,Home,North,Agent,2022-01-31,2022-09-19,0.656,340.73,0,0.0,58.0,11
POL-104092,CUST-51515,Motor,South,Online,2022-09-25,2023-08-02,0.349,234.16,0,0.0,42.0,14
POL-104093,CUST-51046,Commercial,South,Direct,2022-11-21,2023-11-18,0.417,796.34,0,0.0,52.0,10
POL-104094,CUST-52469,Motor,East,Broker,2023-12-02,2024-07-07,0.417,293.61,0,0.0,60.0,10
POL-104095,CUST-51986,Home,South,Broker,2023-02-04,2023-09-18,0.7,564.44,1,4141.7,39.0,0
POL-104096,CUST-51695,Home,South,Direct,2023-01-27,2023-08-18,0.596,408.22,0,0.0,52.0,5
POL-104097,CUST-50027,Home,West,Agent,2022-04-18,2023-02-26,0.541,428.12,0,0.0,48.0,1
POL-104098,CUST-50826,Motor,North,Online,2023-08-03,2024-04-24,0.667,424.71,0,0.0,51.0,8
POL-104099,CUST-50789,Motor,Central,Direct,2022-09-03,2023-04-23,0.978,1142.65,0,0.0,58.0,0
POL-104100,CUST-51948,Motor,South,Direct,2022-03-09,2022-10-15,0.486,375.85,0,0.0,39.0,16
POL-104101,CUST-50370,Motor,Central,Direct,2023-12-22,2024-07-02,0.64,403.13,0,0.0,46.0,5
POL-104102,CUST-51145,Home,North,Online,2022-05-19,2023-02-11,0.61,467.24,0,0.0,51.0,14
POL-104103,CUST-51365,Home,South,Agent,2022-01-12,2022-11-15,0.787,402.51,0,0.0,25.0,1
POL-104104,CUST-52221,Motor,South,Agent,2022-02-26,2022-10-07,0.798,641.52,0,0.0,30.0,0
POL-104105,CUST-50437,Motor,East,Direct,2022-11-27,2023-05-26,0.797,756.21,0,0.0,23.0,8
POL-104106,CUST-51817,Home,North,Agent,2022-03-17,2022-12-10,0.401,185.98,0,0.0,29.0,15
POL-104107,CUST-51642,Home,South,Direct,2023-09-08,2024-07-09,0.587,306.2,0,0.0,43.0,16
POL-104108,CUST-52217,Commercial,Central,Broker,2023-01-10,2023-09-11,0.858,1296.79,0,0.0,71.0,10
POL-104109,CUST-50541,Motor,Central,Agent,2022-08-25,2023-04-08,0.536,453.47,0,0.0,70.0,12
POL-104110,CUST-51799,Motor,East,Agent,2022-01-03,2022-07-30,0.988,915.64,0,0.0,61.0,13
POL-104111,CUST-51242,Motor,North,Direct,2022-12-17,2023-10-31,0.524,538.95,1,6845.87,49.0,13
POL-104112,CUST-50777,Home,South,Agent,2022-04-21,2023-03-27,0.623,365.82,0,0.0,29.0,14
POL-104113,CUST-50222,Home,Central,Agent,2023-12-15,2024-11-02,0.606,369.36,0,0.0,38.0,0
POL-104114,CUST-51142,Motor,Central,Broker,2022-08-01,2023-05-04,0.575,435.31,1,1064.87,61.0,8
POL-104115,CUST-51319,Motor,Central,Agent,2022-12-13,2023-10-23,0.884,704.65,0,0.0,69.0,16
POL-104116,CUST-50152,Home,Central,Direct,2022-01-14,2022-09-24,0.366,166.95,0,0.0,72.0,8
POL-104117,CUST-52423,Motor,West,Online,2022-04-06,2022-10-07,0.676,635.56,0,0.0,40.0,2
POL-104118,CUST-52073,Home,West,Direct,2022-06-01,2023-02-04,0.714,363.42,0,0.0,45.0,13
POL-104119,CUST-50950,Motor,West,Direct,2022-02-07,2022-12-14,0.888,906.82,0,0.0,47.0,6
POL-104120,CUST-50141,Motor,West,Broker,2023-06-14,2024-04-09,0.707,438.41,0,0.0,21.0,10
POL-104121,CUST-52118,Motor,South,Online,2023-11-22,2024-11-20,0.97,611.71,0,0.0,24.0,10
POL-104122,CUST-50071,Liability,West,Online,2023-12-21,2024-12-20,0.904,796.69,0,0.0,20.0,13
POL-104123,CUST-51277,Motor,South,Online,2022-07-14,2023-02-24,0.512,438.2,0,0.0,60.0,18
POL-104124,CUST-50621,Motor,West,Agent,2023-07-30,2024-01-27,0.895,901.89,0,0.0,30.0,13
POL-104125,CUST-50702,Commercial,South,Agent,2023-01-03,2023-08-22,0.969,1664.32,0,0.0,57.0,19
POL-104126,CUST-52265,Motor,East,Agent,2022-02-03,2023-01-11,0.443,520.15,0,0.0,39.0,0
POL-104127,CUST-50910,Motor,North,Agent,2022-03-08,2023-02-02,0.708,569.39,1,3663.39,63.0,15
POL-104128,CUST-50736,Motor,Central,Agent,2023-02-04,2023-08-21,0.461,290.57,0,0.0,24.0,8
POL-104129,CUST-50907,Home,West,Online,2022-11-06,2023-06-03,0.737,595.34,0,0.0,36.0,14
POL-104130,CUST-50446,Motor,North,Agent,2022-01-07,2022-10-18,0.32,329.51,0,0.0,29.0,1
POL-104131,CUST-52227,Commercial,East,Agent,2023-11-10,2024-09-07,0.801,868.4,0,0.0,42.0,10
POL-104132,CUST-51486,Commercial,East,Online,2023-06-18,2024-06-14,0.565,621.27,0,0.0,50.0,0
POL-104133,CUST-50602,Home,Central,Online,2023-01-02,2023-11-18,0.69,442.19,0,0.0,27.0,13
POL-104134,CUST-50924,Motor,West,Agent,2023-12-22,2024-07-28,0.269,214.74,0,0.0,56.0,4
POL-104135,CUST-52933,Commercial,Central,Agent,2023-12-10,2024-06-13,0.772,1250.89,0,0.0,72.0,2
POL-104136,CUST-51734,Commercial,East,Online,2023-12-12,2024-10-04,0.622,769.69,0,0.0,20.0,1
POL-104137,CUST-52062,Commercial,North,Online,2022-07-08,2023-04-16,0.719,1429.9,0,0.0,22.0,5
POL-104138,CUST-52569,Motor,West,Direct,2023-10-06,2024-09-21,0.487,438.16,0,0.0,72.0,19
POL-104139,CUST-51203,Home,South,Broker,2023-01-04,2023-10-18,0.359,272.77,0,0.0,54.0,19
POL-104140,CUST-51044,Commercial,West,Direct,2023-06-15,2024-03-14,0.577,659.32,0,0.0,70.0,1
POL-104141,CUST-52994,Liability,East,Direct,2023-09-20,2024-05-13,0.958,1062.62,0,0.0,58.0,19
POL-104142,CUST-51698,Motor,South,Agent,2022-04-30,2022-11-12,0.421,467.22,0,0.0,58.0,11
POL-104143,CUST-50648,Commercial,North,Broker,2022-11-24,2023-11-02,0.757,786.02,0,0.0,26.0,6
POL-104144,CUST-52575,Home,Central,Online,2022-04-05,2023-03-04,0.287,191.82,0,0.0,47.0,18
POL-104145,CUST-52288,Commercial,West,Direct,2022-07-24,2023-02-19,0.789,998.45,0,0.0,38.0,4
POL-104146,CUST-51202,Home,South,Agent,2022-10-29,2023-09-04,0.429,275.26,0,0.0,65.0,3
POL-104147,CUST-50812,Commercial,West,Direct,2023-09-17,2024-05-21,0.589,1085.67,0,0.0,20.0,4
POL-104148,CUST-51970,Motor,Central,Direct,2023-09-22,2024-06-09,0.0,528.94,0,0.0,19.0,2
POL-104149,CUST-51630,Motor,West,Agent,2022-10-12,2023-09-14,0.335,349.72,0,0.0,49.0,9
POL-104150,CUST-50709,Motor,Central,Agent,2022-08-29,2023-07-31,0.509,366.96,0,0.0,73.0,2
POL-104151,CUST-50163,Commercial,East,Agent,2023-01-23,2023-08-26,0.513,954.18,0,0.0,74.0,4
POL-104152,CUST-52457,Motor,South,Online,2023-10-28,2024-06-21,0.642,616.53,0,0.0,51.0,7
POL-104153,CUST-52539,Home,Central,Agent,2023-12-14,2024-11-10,0.979,454.33,0,0.0,42.0,12
POL-104154,CUST-52719,Liability,West,Online,2022-06-15,2023-05-31,0.603,770.52,0,0.0,33.0,17
POL-104155,CUST-51098,Commercial,West,Broker,2022-05-17,2022-11-27,0.936,1003.01,0,0.0,74.0,1
POL-104156,CUST-52112,Home,West,Online,2023-05-31,2024-04-30,0.596,266.11,0,0.0,28.0,12
POL-104157,CUST-51753,Commercial,Central,Online,2022-08-09,2023-05-06,0.331,616.07,0,0.0,25.0,2
POL-104158,CUST-50798,Motor,West,Online,2022-05-26,2023-03-11,0.423,254.96,0,0.0,46.0,19
POL-104159,CUST-52781,Home,Central,Online,2022-01-23,2022-08-05,0.556,262.64,0,0.0,40.0,5
POL-104160,CUST-51008,Home,North,Broker,2022-10-22,2023-08-24,0.494,218.03,0,0.0,46.0,17
POL-104161,CUST-50090,Commercial,West,Agent,2022-10-14,2023-08-16,0.899,1715.73,1,9786.35,69.0,15
POL-104162,CUST-50496,Motor,South,Agent,2023-02-16,2023-12-16,0.759,471.79,0,0.0,33.0,6
POL-104163,CUST-52904,Motor,North,Direct,2022-05-27,2023-04-19,0.684,558.65,1,4752.18,67.0,6
POL-104164,CUST-50206,Home,South,Agent,2023-06-06,2024-05-26,0.618,326.41,0,0.0,30.0,6
POL-104165,CUST-51575,Home,Central,Broker,2023-05-12,2024-04-14,0.548,319.09,0,0.0,36.0,9
POL-104166,CUST-51455,Commercial,Central,Agent,2022-12-04,2023-10-18,0.709,928.76,0,0.0,18.0,8
POL-104167,CUST-52342,Home,South,Direct,2022-05-13,2023-05-10,0.343,281.03,0,0.0,56.0,13
POL-104168,CUST-52463,Commercial,North,Agent,2023-01-06,2023-11-07,0.372,667.83,0,0.0,66.0,9
POL-104169,CUST-51419,Home,East,Agent,2023-05-08,2024-03-07,0.477,390.23,0,0.0,68.0,15
POL-104170,CUST-51895,Commercial,South,Broker,2022-09-30,2023-07-07,0.378,659.93,0,0.0,27.0,9
POL-104171,CUST-52447,Commercial,East,Broker,2022-07-12,2023-05-31,0.758,1023.53,0,0.0,61.0,6
POL-104172,CUST-52428,Motor,West,Online,2023-01-05,2023-07-17,0.269,189.8,0,0.0,26.0,6
POL-104173,CUST-52641,Motor,South,Direct,2022-09-17,2023-06-18,0.37,336.78,0,0.0,53.0,14
POL-104174,CUST-52121,Commercial,North,Direct,2022-10-20,2023-07-06,0.927,1276.5,0,0.0,58.0,2
POL-104175,CUST-51145,Motor,North,Agent,2022-09-12,2023-08-27,0.998,975.88,0,0.0,26.0,5
POL-104176,CUST-51677,Home,West,Agent,2022-08-10,2023-02-19,0.616,277.75,0,0.0,24.0,6
POL-104177,CUST-52167,Motor,North,Direct,2023-06-08,2024-04-02,0.622,633.96,0,0.0,22.0,12
POL-104178,CUST-50889,Commercial,South,Agent,2022-12-02,2023-07-04,0.83,1094.81,0,0.0,58.0,2
POL-104179,CUST-52995,Motor,Central,Online,2022-12-07,2023-11-16,0.277,241.0,0,0.0,53.0,9
POL-104180,CUST-51331,Home,North,Online,2023-04-22,2024-03-25,0.57,489.47,0,0.0,24.0,13
POL-104181,CUST-52271,Home,West,Agent,2022-09-21,2023-05-02,0.325,171.46,0,0.0,46.0,18
POL-104182,CUST-51518,Motor,North,Direct,2022-03-15,2023-02-20,0.551,366.42,0,0.0,63.0,8
POL-104183,CUST-52870,Home,Central,Broker,2023-09-15,2024-06-13,0.988,518.76,0,0.0,31.0,19
POL-104184,CUST-52003,Commercial,West,Agent,2022-02-10,2023-02-05,0.815,1118.0,0,0.0,52.0,12
POL-104185,CUST-52209,Home,Central,Broker,2023-02-22,2024-01-03,0.989,659.39,0,0.0,34.0,15
POL-104186,CUST-52323,Liability,West,Direct,2022-07-14,2023-01-16,0.81,1100.33,0,0.0,32.0,4
POL-104187,CUST-50989,Commercial,East,Online,2022-06-06,2023-01-09,0.706,1339.94,0,0.0,40.0,18
POL-104188,CUST-51047,Home,Central,Agent,2022-01-31,2022-10-13,0.816,607.34,0,0.0,38.0,5
POL-104189,CUST-52481,Home,West,Direct,2023-10-20,2024-05-26,0.744,555.55,0,0.0,46.0,2
POL-104190,CUST-51386,Liability,North,Agent,2022-11-10,2023-06-02,0.598,526.64,0,0.0,29.0,1
POL-104191,CUST-51999,Home,East,Agent,2022-09-08,2023-09-04,0.469,392.43,0,0.0,40.0,13
POL-104192,CUST-51553,Motor,East,Direct,2023-06-26,2024-06-01,0.64,586.26,0,0.0,53.0,12
POL-104193,CUST-50099,Commercial,South,Direct,2022-01-29,2022-10-16,0.444,523.9,0,0.0,40.0,3
POL-104194,CUST-51413,Liability,East,Direct,2023-02-17,2023-09-24,0.615,822.81,0,0.0,55.0,17
POL-104195,CUST-50517,Home,Central,Online,2022-12-28,2023-07-29,0.36,235.38,0,0.0,24.0,5
POL-104196,CUST-50260,Motor,North,Agent,2023-02-09,2024-01-25,0.674,463.4,0,0.0,25.0,12
POL-104197,CUST-50783,Home,Central,Broker,2022-04-01,2022-11-28,0.434,326.84,0,0.0,67.0,10
POL-104198,CUST-50878,Commercial,West,Agent,2023-11-27,2024-05-27,0.47,588.58,0,0.0,44.0,11
POL-104199,CUST-52230,Motor,North,Online,2022-06-24,2023-03-04,0.624,440.96,0,0.0,52.0,14
POL-104200,CUST-50756,Commercial,South,Agent,2023-05-11,2024-01-30,0.372,478.62,0,0.0,60.0,18
POL-104201,CUST-52391,Home,Central,Agent,2023-06-30,2024-04-20,0.972,665.79,0,0.0,26.0,14
POL-104202,CUST-50630,Motor,West,Direct,2022-09-09,2023-05-09,0.585,449.92,0,0.0,73.0,18
POL-104203,CUST-52480,Home,North,Broker,2022-04-06,2023-03-23,0.514,232.18,0,0.0,42.0,17
POL-104204,CUST-51578,Motor,North,Direct,2022-08-05,2023-05-31,0.272,224.55,0,0.0,68.0,7
POL-104205,CUST-50201,Commercial,Central,Online,2023-08-13,2024-08-10,0.882,1105.06,0,0.0,41.0,11
POL-104206,CUST-50331,Motor,North,Broker,2023-10-24,2024-06-28,0.719,646.6,0,0.0,41.0,3
POL-104207,CUST-50216,Commercial,West,Broker,2023-11-15,2024-09-11,0.562,832.58,0,0.0,52.0,18
POL-104208,CUST-51231,Motor,Central,Online,2022-06-15,2023-02-17,0.434,278.39,0,0.0,28.0,19
POL-104209,CUST-50898,Liability,North,Direct,2023-03-19,2024-01-23,0.809,691.12,0,0.0,52.0,17
POL-104210,CUST-50138,Commercial,North,Agent,2022-04-21,2023-03-05,0.959,1247.38,0,0.0,74.0,14
POL-104211,CUST-52043,Motor,Central,Online,2023-06-03,2024-01-28,0.536,473.51,0,,54.0,16
POL-104212,CUST-52559,Liability,Central,Broker,2022-10-31,2023-10-20,0.351,438.76,0,0.0,21.0,15
POL-104213,CUST-52526,Home,East,Direct,2023-06-05,2024-05-09,0.332,175.59,0,0.0,57.0,4
POL-104214,CUST-50452,Home,South,Broker,2023-05-16,2024-04-26,0.255,128.18,0,0.0,19.0,5
POL-104215,CUST-52608,Liability,North,Agent,2023-12-26,2024-08-02,0.808,554.85,0,0.0,23.0,10
POL-104216,CUST-51276,Liability,Central,Online,2022-12-23,2023-11-01,0.986,1086.63,0,0.0,34.0,8
POL-104217,CUST-50622,Home,West,Agent,2022-09-07,2023-03-25,0.995,572.45,0,0.0,35.0,14
POL-104218,CUST-50400,Liability,Central,Online,2023-01-20,2023-08-07,0.838,960.12,0,0.0,18.0,14
POL-104219,CUST-52302,Motor,West,Online,2022-04-29,2023-04-25,0.372,374.1,0,0.0,18.0,19
POL-104220,CUST-50768,Motor,East,Online,2022-03-23,2022-10-17,0.983,611.03,0,0.0,62.0,15
POL-104221,CUST-51922,Motor,East,Agent,2023-01-14,2023-12-20,0.496,418.6,1,3319.57,43.0,0
POL-104222,CUST-51662,Motor,South,Broker,2023-08-26,2024-05-12,0.5,585.47,0,0.0,29.0,6
POL-104223,CUST-52780,Home,West,Agent,2023-01-25,2023-09-18,0.766,423.91,0,0.0,42.0,6
POL-104224,CUST-52147,Motor,North,Broker,2023-07-25,2024-02-03,0.287,261.19,0,0.0,57.0,12
POL-104225,CUST-52318,Home,North,Broker,2022-05-10,2023-03-11,0.869,579.98,0,0.0,59.0,6
POL-104226,CUST-51477,Motor,Central,Broker,2022-11-25,2023-10-05,0.998,748.53,1,3243.02,34.0,19
POL-104227,CUST-51585,Motor,South,Broker,2023-03-24,2023-12-15,0.831,879.74,0,0.0,27.0,5
POL-104228,CUST-50448,Commercial,North,Online,2022-09-11,2023-08-07,0.836,851.67,0,0.0,72.0,8
POL-104229,CUST-52349,Motor,West,Agent,2022-01-11,2022-09-08,0.543,396.36,0,0.0,53.0,16
POL-104230,CUST-52256,Commercial,South,Broker,2022-02-23,2022-12-02,0.299,483.31,0,0.0,74.0,7
POL-104231,CUST-50924,Commercial,South,Direct,2023-11-09,2024-06-29,0.845,1644.41,0,0.0,35.0,0
POL-104232,CUST-50419,Home,East,Agent,2023-03-18,2023-12-31,0.698,305.82,0,0.0,24.0,6
POL-104233,CUST-52358,Commercial,East,Direct,2022-07-13,2023-02-03,0.932,1514.39,0,0.0,39.0,7
POL-104234,CUST-52312,Liability,West,Direct,2022-07-08,2023-04-02,0.337,231.96,0,0.0,36.0,12
POL-104235,CUST-52343,Motor,Central,Direct,2022-01-29,2022-11-07,0.479,462.51,0,0.0,58.0,14
POL-104236,CUST-50089,Home,Central,Direct,2023-11-21,2024-08-30,0.52,318.57,0,0.0,58.0,10
POL-104237,CUST-52565,Motor,Central,Online,2022-03-21,2022-12-09,0.762,650.37,0,0.0,22.0,8
POL-104238,CUST-51079,Motor,East,Online,2023-07-09,2024-05-03,0.841,984.53,1,3002.84,51.0,10
POL-104239,CUST-50727,Home,East,Agent,2022-06-25,2023-03-27,0.971,708.92,1,12255.75,37.0,2
POL-104240,CUST-51579,Commercial,North,Broker,2022-09-03,2023-04-23,0.472,573.18,0,0.0,53.0,3
POL-104241,CUST-52547,Commercial,East,Online,2022-07-19,2023-02-24,0.62,1256.92,0,0.0,40.0,12
POL-104242,CUST-52444,Commercial,West,Agent,2023-08-25,2024-06-20,0.272,346.94,0,0.0,48.0,17
POL-104243,CUST-50507,Commercial,Central,Broker,2022-01-24,2023-01-13,0.44,752.93,0,0.0,58.0,10
POL-104244,CUST-52929,Home,North,Direct,2022-09-15,2023-08-01,0.531,387.23,0,0.0,34.0,1
POL-104245,CUST-52315,Motor,Central,Agent,2022-07-23,2023-05-17,0.695,764.91,0,0.0,29.0,19
POL-104246,CUST-52798,Motor,East,Broker,2022-07-19,2023-07-05,0.603,501.89,0,0.0,58.0,6
POL-104247,CUST-52789,Home,North,Direct,2022-05-21,2023-05-03,0.523,384.95,0,0.0,72.0,14
POL-104248,CUST-51576,Commercial,Central,Agent,2023-10-29,2024-07-29,0.718,1184.94,0,0.0,43.0,17
POL-104249,CUST-50107,Motor,East,Agent,2022-10-04,2023-04-22,0.871,744.42,0,0.0,74.0,19
POL-104250,CUST-50217,Motor,East,Online,2022-11-02,2023-08-26,0.431,491.34,1,2881.08,28.0,2
POL-104251,CUST-51878,Motor,North,Online,2022-10-09,2023-07-31,0.507,377.66,1,5374.8,64.0,3
POL-104252,CUST-50273,Home,North,Broker,2023-12-17,2024-08-04,0.779,413.91,0,0.0,74.0,12
POL-104253,CUST-51978,Motor,North,Broker,2022-09-05,2023-08-08,0.833,808.08,0,0.0,35.0,15
POL-104254,CUST-50309,Motor,South,Agent,2022-09-07,2023-08-14,0.869,615.43,0,0.0,26.0,16
POL-104255,CUST-52445,Motor,South,Online,2022-08-28,2023-04-26,0.407,443.16,0,0.0,55.0,11
POL-104256,CUST-50801,Motor,East,Agent,2022-08-27,2023-05-22,0.654,521.31,0,0.0,67.0,3
POL-104257,CUST-50308,Home,West,Online,2022-03-07,2022-10-09,0.925,570.5,0,0.0,22.0,14
POL-104258,CUST-51020,Liability,Central,Direct,2023-03-18,2023-10-17,0.544,627.81,0,0.0,54.0,13
POL-104259,CUST-52728,Motor,West,Agent,2022-01-19,2022-09-05,0.572,641.58,0,0.0,67.0,9
POL-104260,CUST-51655,Home,East,Direct,2022-06-14,2023-02-17,-0.1,725.38,0,0.0,19.0,12
POL-104261,CUST-52981,Home,Central,Online,2022-05-28,2023-01-13,0.335,159.09,0,0.0,47.0,4
POL-104262,CUST-50775,Home,East,Online,2022-08-01,2023-02-25,0.779,452.38,0,0.0,22.0,16
POL-104263,CUST-52016,Motor,East,Direct,2023-07-07,2024-03-26,0.888,924.66,0,0.0,28.0,0
POL-104264,CUST-50560,Motor,South,Agent,2023-03-14,2024-01-03,0.363,412.05,0,0.0,45.0,16
POL-104265,CUST-51289,Liability,East,Direct,2023-12-25,2024-08-21,0.786,880.95,0,0.0,36.0,16
POL-104266,CUST-51129,Liability,North,Direct,2022-09-14,2023-06-20,0.602,659.17,0,0.0,22.0,13
POL-104267,CUST-51905,Motor,North,Broker,2023-11-09,2024-06-26,0.89,730.37,0,0.0,63.0,16
POL-104268,CUST-52019,Home,Central,Agent,2022-02-02,2022-12-09,0.931,597.21,0,0.0,29.0,18
POL-104269,CUST-50164,Motor,North,Online,2023-01-04,2023-10-31,0.904,770.37,0,0.0,67.0,3
POL-104270,CUST-52086,Motor,East,Broker,2023-08-07,2024-07-30,0.298,187.09,0,0.0,28.0,10
POL-104271,CUST-52259,Motor,North,Agent,2023-01-24,2023-08-01,0.818,497.35,0,0.0,47.0,12
POL-104272,CUST-51145,Commercial,West,Agent,2023-11-13,2024-10-16,0.941,1544.81,0,0.0,59.0,18
POL-104273,CUST-50209,Motor,Central,Agent,2022-08-18,2023-04-18,0.716,643.22,0,0.0,45.0,14
POL-104274,CUST-51267,Motor,East,Broker,2022-01-25,2022-08-05,0.701,519.24,0,0.0,41.0,11
POL-104275,CUST-50967,Motor,North,Agent,2023-07-19,2024-05-22,0.284,319.84,0,0.0,60.0,11
POL-104276,CUST-52377,Motor,North,Broker,2022-02-19,2022-09-18,0.892,640.39,1,4665.8,18.0,2
POL-104277,CUST-50418,Motor,West,Agent,2023-07-13,2024-02-10,0.285,288.36,0,0.0,65.0,6
POL-104278,CUST-50890,Home,North,Agent,2023-06-20,2024-06-16,0.485,376.43,0,0.0,57.0,8
POL-104279,CUST-52178,Home,South,Agent,2023-09-09,2024-04-17,0.944,753.93,1,8181.71,61.0,17
POL-104280,CUST-52821,Home,Central,Broker,2022-12-16,2023-09-23,0.962,768.02,0,0.0,41.0,17
POL-104281,CUST-51783,Home,East,Broker,2023-10-16,2024-05-20,0.994,774.0,0,0.0,39.0,12
POL-104282,CUST-50006,Commercial,Central,Broker,2022-05-04,2022-11-23,0.607,898.16,1,6799.7,50.0,2
POL-104283,CUST-52097,Motor,Central,Direct,2022-11-14,2023-05-13,0.383,370.07,0,0.0,54.0,14
POL-104284,CUST-50093,Motor,West,Broker,2022-03-30,2022-09-28,0.616,680.89,0,0.0,70.0,9
POL-104285,CUST-50193,Commercial,Central,Direct,2023-07-14,2024-04-07,0.327,471.4,0,0.0,66.0,13
POL-104286,CUST-52003,Home,North,Agent,2023-06-06,2024-02-21,0.904,655.54,0,0.0,21.0,8
POL-104287,CUST-51111,Home,South,Broker,2023-08-12,2024-02-15,0.67,337.17,0,0.0,26.0,14
POL-104288,CUST-50081,Motor,South,Agent,2023-07-12,2024-03-13,0.553,514.84,0,0.0,71.0,4
POL-104289,CUST-51218,Motor,Central,Broker,2022-08-14,2023-04-01,0.31,210.47,0,0.0,40.0,2
POL-104290,CUST-51138,Motor,West,Direct,2022-02-19,2022-12-02,0.554,547.28,0,0.0,51.0,4
POL-104291,CUST-51807,Commercial,South,Direct,2023-11-10,2024-11-09,0.9,1257.74,1,19106.57,21.0,18
POL-104292,CUST-52831,Home,,Broker,2022-12-26,2023-10-30,0.778,414.58,0,0.0,23.0,1
POL-104293,CUST-50306,Motor,Central,Broker,2022-03-10,2023-02-23,0.312,252.61,0,0.0,41.0,5
POL-104294,CUST-51997,Motor,Central,Agent,2023-11-08,2024-06-10,0.37,374.57,0,0.0,58.0,6
POL-104295,CUST-51941,Motor,North,Online,2023-12-27,2024-08-03,0.544,617.59,0,0.0,62.0,16
POL-104296,CUST-52930,Motor,South,Agent,2022-11-22,2023-10-07,0.326,196.16,0,0.0,68.0,7
POL-104297,CUST-51184,Home,East,Agent,2023-07-17,2024-03-10,0.951,482.01,1,5875.19,29.0,17
POL-104298,CUST-50485,Motor,South,Agent,2022-01-27,2022-12-30,0.739,750.02,0,0.0,29.0,19
POL-104299,CUST-52717,Commercial,West,Online,2022-03-10,2022-12-01,0.321,511.12,0,0.0,48.0,13
POL-104300,CUST-50150,Commercial,West,Online,2022-07-21,2023-02-23,0.841,1126.07,0,0.0,49.0,6
POL-104301,CUST-51349,Liability,Central,Agent,2023-04-25,2024-03-27,0.526,596.02,0,0.0,20.0,11
POL-104302,CUST-51960,Commercial,West,Agent,2022-04-08,2023-01-15,0.434,822.51,0,0.0,43.0,13
POL-104303,CUST-50306,Liability,Central,Direct,2022-01-25,2022-12-20,0.677,584.23,0,0.0,69.0,2
POL-104304,CUST-50890,Liability,South,Agent,2023-05-04,2024-01-23,0.26,264.98,0,0.0,27.0,16
POL-104305,CUST-50310,Motor,South,Agent,2023-07-17,2024-02-05,0.599,363.81,0,0.0,64.0,8
POL-104306,CUST-52536,Motor,South,Broker,2023-06-24,2024-04-25,0.883,1022.4,0,0.0,43.0,16
POL-104307,CUST-50762,Motor,Central,Broker,2023-08-07,2024-02-26,0.946,1014.09,0,0.0,47.0,12
POL-104308,CUST-51810,Home,West,Broker,2023-08-10,2024-06-08,0.507,-331.18,0,0.0,54.0,17
POL-104309,CUST-50719,Home,South,Direct,2023-03-16,2023-11-28,0.732,632.83,0,0.0,58.0,1
POL-104310,CUST-52081,Motor,West,Direct,2023-01-15,2023-12-08,0.42,304.93,0,0.0,54.0,0
POL-104311,CUST-52390,Commercial,South,Broker,2023-09-18,2024-08-24,0.67,1185.99,0,0.0,23.0,2
POL-104312,CUST-50120,Commercial,South,Agent,2022-09-12,2023-05-25,0.441,792.06,0,0.0,34.0,17
POL-104313,CUST-52167,Home,North,Agent,2022-03-13,2023-02-20,0.679,539.53,0,0.0,66.0,19
POL-104314,CUST-51982,Motor,Central,Online,2023-07-03,2024-01-19,0.379,380.0,0,0.0,20.0,19
POL-104315,CUST-50230,Motor,South,Agent,2022-07-21,2023-02-05,0.956,677.23,0,0.0,58.0,6
POL-104316,CUST-50793,Home,West,Broker,2023-12-16,2024-12-14,0.915,433.38,0,0.0,47.0,5
POL-104317,CUST-52554,Motor,North,Agent,2022-10-30,2023-08-12,0.503,353.26,0,0.0,24.0,6
POL-104318,CUST-51330,Home,North,Agent,2023-09-14,2024-06-03,0.832,671.02,0,0.0,24.0,16
POL-104319,CUST-50288,Motor,West,Broker,2022-01-31,2022-08-27,0.322,268.61,0,0.0,73.0,5
POL-104320,CUST-51925,Motor,North,Agent,2023-04-27,2023-12-16,0.805,740.57,0,0.0,19.0,10
POL-104321,CUST-52356,Motor,North,Direct,2022-11-24,2023-09-27,0.462,281.86,0,0.0,19.0,12
POL-104322,CUST-51299,Home,South,Broker,2022-12-04,2023-11-01,0.352,227.84,0,0.0,18.0,7
POL-104323,CUST-50334,Motor,East,Direct,2022-07-13,2023-06-28,0.759,636.43,0,0.0,53.0,9
POL-104324,CUST-50391,Liability,North,Direct,2023-12-10,2024-08-21,0.602,633.73,1,3722.79,70.0,13
POL-104325,CUST-51129,Motor,North,Agent,2022-10-14,2023-07-05,0.648,530.25,0,0.0,27.0,15
POL-104326,CUST-51452,Liability,South,Online,2023-09-13,2024-04-10,0.64,472.16,0,0.0,63.0,3
POL-104327,CUST-52252,Motor,West,Online,2022-11-07,2023-05-21,0.295,183.24,0,0.0,58.0,10
POL-104328,CUST-52043,Motor,North,Agent,2022-02-05,2022-10-24,0.289,335.28,0,0.0,31.0,3
POL-104329,CUST-50760,Liability,South,Direct,2023-10-04,2024-07-17,0.701,771.25,0,0.0,22.0,0
POL-104330,CUST-52069,Commercial,North,Direct,2022-05-16,2022-12-01,0.718,1197.66,0,0.0,45.0,12
POL-104331,CUST-50339,Home,South,Direct,2022-07-17,2023-03-29,0.285,236.92,0,0.0,22.0,9
POL-104332,CUST-50552,Commercial,South,Agent,2023-09-21,2024-07-16,0.534,840.58,0,0.0,24.0,5
POL-104333,CUST-52361,Motor,West,Agent,2023-10-15,2024-09-09,0.71,682.49,0,0.0,44.0,1
POL-104334,CUST-52702,Commercial,North,Agent,2023-11-01,2024-10-20,0.743,1148.59,0,0.0,64.0,18
POL-104335,CUST-52072,Motor,Central,Agent,2022-11-07,2023-07-08,0.871,609.44,0,0.0,74.0,16
POL-104336,CUST-51368,Commercial,South,Broker,2023-07-07,2024-03-15,0.566,753.45,0,0.0,53.0,18
POL-104337,CUST-52673,Liability,Central,Online,2022-08-28,2023-08-05,0.661,854.45,0,0.0,33.0,2
POL-104338,CUST-51060,Commercial,West,Broker,2023-06-25,2024-04-28,0.684,1002.42,0,0.0,36.0,0
POL-104339,CUST-51924,Commercial,South,Broker,2023-01-02,2023-08-20,0.484,591.55,0,0.0,52.0,4
POL-104340,CUST-52056,Home,South,Agent,2022-02-07,2022-12-11,0.29,230.08,0,0.0,27.0,2
POL-104341,CUST-50221,Home,Central,Broker,2022-11-01,2023-05-29,0.253,119.39,0,0.0,47.0,9
POL-104342,CUST-52877,Motor,Central,Direct,2022-12-08,2023-08-28,0.877,855.53,0,0.0,61.0,12
POL-104343,CUST-51915,Commercial,West,Online,2022-07-07,2023-03-01,0.4,690.25,0,0.0,66.0,3
POL-104344,CUST-50722,Home,North,Broker,2022-10-01,2023-09-30,0.723,409.1,0,0.0,21.0,7
POL-104345,CUST-52467,Motor,Central,Broker,2023-01-02,2023-07-07,0.683,474.2,0,0.0,34.0,10
POL-104346,CUST-51143,Commercial,East,Agent,2022-02-06,2023-01-11,0.55,808.51,0,0.0,32.0,6
POL-104347,CUST-50251,Motor,North,Online,2022-04-21,2022-12-09,0.875,913.71,0,0.0,49.0,9
POL-104348,CUST-52027,Commercial,Central,Agent,2023-07-14,2024-01-16,0.774,1482.2,0,0.0,28.0,11
POL-104349,CUST-50407,Commercial,North,Agent,2022-09-14,2023-07-13,0.267,491.97,0,0.0,72.0,19
POL-104350,CUST-51790,Motor,South,Broker,2023-03-21,2024-01-21,0.833,549.92,1,2817.12,70.0,6
POL-104351,CUST-52032,Motor,North,Agent,2023-02-18,2023-09-12,0.63,458.36,0,0.0,36.0,1
POL-104352,CUST-50470,Commercial,East,Agent,2023-02-07,2023-08-13,0.51,837.03,0,0.0,41.0,17
POL-104353,CUST-52373,Motor,Central,Online,2022-10-29,2023-05-17,0.795,808.83,0,0.0,43.0,11
POL-104354,CUST-51371,Liability,North,Agent,2022-12-19,2023-09-01,0.765,529.38,0,0.0,20.0,9
POL-104355,CUST-51059,Motor,North,Agent,2023-08-25,2024-03-16,0.483,328.36,0,0.0,68.0,14
POL-104356,CUST-50305,Motor,Central,Agent,2023-12-06,2024-10-11,0.987,642.48,0,0.0,62.0,19
POL-104357,CUST-52205,Motor,North,Agent,2022-07-07,2023-01-17,0.737,588.1,0,0.0,36.0,2
POL-104358,CUST-50493,Commercial,North,Online,2023-05-04,2024-03-25,0.704,1201.03,1,49516.03,49.0,17
POL-104359,CUST-50502,Home,East,Direct,2023-12-09,2024-11-15,0.302,254.69,0,0.0,39.0,12
POL-104360,CUST-50796,Commercial,South,Online,2022-01-06,2022-11-15,0.459,507.59,0,0.0,31.0,11
POL-104361,CUST-51332,Liability,Central,Online,2023-07-27,2024-07-16,0.585,604.41,0,0.0,35.0,17
POL-104362,CUST-52637,Home,North,Direct,2022-12-29,2023-12-18,0.723,430.66,0,0.0,24.0,6
POL-104363,CUST-52243,Motor,East,Broker,2023-12-08,2024-06-13,0.635,528.32,0,0.0,64.0,15
POL-104364,CUST-52213,Motor,Central,Broker,2023-02-27,2023-10-28,0.822,522.37,0,0.0,55.0,11
POL-104365,CUST-50596,Commercial,West,Direct,2023-09-04,2024-07-21,0.447,584.52,0,0.0,71.0,18
POL-104366,CUST-51944,Motor,North,Direct,2022-05-02,2022-12-31,0.777,579.03,0,0.0,18.0,9
POL-104367,CUST-51046,Commercial,North,Broker,2022-04-14,2023-02-25,0.862,1503.39,0,0.0,53.0,14
POL-104368,CUST-51421,Commercial,North,Broker,2023-11-08,2024-09-27,0.824,1373.18,0,0.0,49.0,9
POL-104369,CUST-51887,Home,Central,Direct,2023-01-20,2024-01-20,0.828,588.01,0,0.0,53.0,7
POL-104370,CUST-50499,Home,South,Agent,2023-02-12,2023-10-11,0.916,603.97,1,3794.42,74.0,7
POL-104371,CUST-51037,Liability,North,Broker,2022-05-05,2023-01-04,0.313,288.17,0,0.0,40.0,18
POL-104372,CUST-51185,Commercial,South,Broker,2022-06-15,2022-12-16,0.773,975.87,0,0.0,26.0,16
POL-104373,CUST-52622,Home,South,Broker,2023-08-21,2024-04-10,0.977,428.8,0,0.0,18.0,4
POL-104374,CUST-52901,Motor,North,Broker,2022-08-10,2023-03-30,0.68,464.45,0,0.0,46.0,17
POL-104375,CUST-52870,Home,East,Direct,2023-03-03,2023-11-22,0.413,218.65,0,0.0,27.0,11
POL-104376,CUST-51582,Motor,Central,Direct,2022-08-20,2022-07-21,0.999,1174.28,0,0.0,26.0,2
POL-104377,CUST-51926,Liability,South,Agent,2022-07-12,2023-06-16,0.381,515.01,0,0.0,26.0,15
POL-104378,CUST-52148,Home,Central,Broker,2022-05-02,2023-03-21,0.502,385.12,0,0.0,33.0,3
POL-104379,CUST-52347,Commercial,West,Agent,2023-11-10,2024-09-20,0.379,619.47,0,0.0,24.0,17
POL-104380,CUST-52029,Motor,South,Agent,2023-11-18,2024-05-16,0.598,593.78,0,0.0,45.0,9
POL-104381,CUST-52720,Commercial,West,Agent,2022-03-26,2022-12-18,0.564,916.25,0,0.0,55.0,18
POL-104382,CUST-51149,Motor,South,Direct,2022-09-15,2023-07-27,0.618,605.56,0,0.0,34.0,9
POL-104383,CUST-52105,Commercial,South,Direct,2023-02-16,2023-09-29,0.946,1170.7,0,0.0,25.0,1
POL-104384,CUST-51832,Motor,South,Agent,2022-10-07,2023-06-23,0.609,716.27,0,0.0,50.0,15
POL-104385,CUST-52319,Commercial,North,Online,2023-06-11,2024-04-21,0.636,1133.98,0,0.0,22.0,14
POL-104386,CUST-52788,Home,West,Broker,2022-07-09,2023-06-01,0.915,490.13,0,0.0,60.0,6
POL-104387,CUST-50240,Home,North,Direct,2022-02-12,2023-01-16,0.863,566.92,0,0.0,39.0,4
POL-104388,CUST-52558,Motor,North,Broker,2022-09-03,2023-05-20,0.43,457.77,0,0.0,41.0,17
POL-104389,CUST-52471,Motor,North,Direct,2023-03-13,2023-11-22,0.26,295.66,0,0.0,32.0,15
POL-104390,CUST-52610,Motor,North,Broker,2022-05-12,2023-01-18,0.722,594.49,0,0.0,34.0,5
POL-104391,CUST-50823,Motor,Central,Agent,2023-08-19,2024-06-18,0.884,780.41,0,0.0,26.0,14
POL-104392,CUST-51736,Home,North,Agent,2022-01-09,2022-09-24,0.665,378.05,0,0.0,49.0,4
POL-104393,CUST-50212,Home,West,Direct,2022-02-19,2022-10-31,0.408,243.75,0,0.0,26.0,3
POL-104394,CUST-50182,Motor,South,Online,2023-01-07,2023-08-06,0.806,588.77,0,0.0,56.0,13
POL-104395,CUST-51768,Commercial,North,Direct,2023-01-09,2023-10-04,0.752,786.11,0,0.0,32.0,16
POL-104396,CUST-52912,Motor,South,Direct,2022-08-04,2023-03-16,0.674,567.99,0,0.0,50.0,18
POL-104397,CUST-50680,Motor,North,Agent,2022-07-08,2023-04-11,0.898,785.74,0,0.0,48.0,9
POL-104398,CUST-52370,Commercial,South,Direct,2022-02-20,2023-01-31,0.838,1513.93,0,0.0,54.0,2
POL-104399,CUST-50239,Motor,Central,Online,2023-04-29,2024-03-18,0.751,680.38,0,0.0,61.0,10
POL-104400,CUST-50193,Home,West,Broker,2022-10-04,2023-06-29,0.749,431.17,0,0.0,49.0,13
POL-104401,CUST-51828,Liability,Central,Broker,2022-03-28,2023-03-24,0.747,749.83,1,6095.55,66.0,19
POL-104402,CUST-50836,Commercial,West,Agent,2022-10-19,2023-10-16,0.644,1174.06,0,0.0,32.0,2
POL-104403,CUST-50295,Home,Central,Agent,2023-11-16,2024-08-04,0.598,384.35,0,0.0,60.0,13
POL-104404,CUST-52744,Home,North,Agent,2022-07-10,2023-05-28,0.782,527.81,0,0.0,37.0,10
POL-104405,CUST-52661,Commercial,North,Direct,2023-10-16,2024-06-15,0.708,842.94,0,0.0,53.0,11
POL-104406,CUST-50043,Commercial,East,Direct,2022-07-08,2023-06-16,0.617,631.04,1,16381.53,46.0,1
POL-104407,CUST-52907,Motor,East,Agent,2022-05-16,2023-01-20,0.345,396.11,0,0.0,69.0,0
POL-104408,CUST-50054,Home,West,Online,2022-07-10,2023-02-23,0.776,427.03,0,0.0,33.0,12
POL-104409,CUST-52214,Commercial,North,Online,2022-08-24,2023-03-16,0.734,1003.96,0,0.0,47.0,3
POL-104410,CUST-52351,Commercial,North,Broker,2022-03-30,2023-03-01,0.507,573.71,0,0.0,27.0,12
POL-104411,CUST-50862,Motor,West,Online,2023-03-05,2023-10-26,0.517,465.42,0,0.0,54.0,0
POL-104412,CUST-50407,Motor,East,Online,2022-09-01,2023-07-29,0.435,449.6,0,0.0,20.0,16
POL-104413,CUST-51687,Home,East,Agent,2023-06-09,2023-12-22,0.971,710.53,0,0.0,41.0,6
POL-104414,CUST-52657,Motor,South,Online,2022-12-25,2023-09-24,0.895,988.15,0,0.0,18.0,9
POL-104415,CUST-50094,Home,West,Broker,2022-11-20,2023-08-06,0.671,374.67,0,0.0,36.0,6
POL-104416,CUST-52553,Home,Central,Agent,2022-12-10,2023-08-28,0.551,314.38,0,0.0,45.0,8
POL-104417,CUST-51864,Motor,North,Agent,2022-04-25,2022-11-22,0.803,939.12,0,0.0,36.0,10
POL-104418,CUST-52960,Motor,North,Direct,2023-06-05,2023-12-15,0.646,559.87,1,2313.19,39.0,12
POL-104419,CUST-50791,Commercial,West,Online,2022-03-18,2022-11-17,0.982,1828.51,0,0.0,26.0,13
POL-104420,CUST-51934,Commercial,Central,Broker,2023-06-11,2024-03-04,0.291,475.98,0,0.0,58.0,19
POL-104421,CUST-51365,Commercial,South,Broker,2023-12-31,2024-11-22,0.276,330.81,0,0.0,63.0,3
POL-104422,CUST-51903,Liability,West,Agent,2023-07-12,2024-04-03,0.676,907.73,0,0.0,43.0,17
POL-104423,CUST-50536,Liability,Central,Online,2022-11-29,2023-07-12,0.402,365.24,0,0.0,21.0,12
POL-104424,CUST-51493,Home,North,Agent,2022-08-18,2023-04-03,0.703,500.91,1,5222.04,21.0,6
POL-104425,CUST-52959,Motor,North,Broker,2023-09-29,2024-07-18,0.836,624.02,0,0.0,56.0,18
POL-104426,CUST-52532,Commercial,North,Broker,2022-07-07,2023-03-25,0.354,566.15,0,0.0,70.0,14
POL-104427,CUST-50622,Home,West,Agent,2022-12-19,2023-12-01,0.58,387.93,0,0.0,67.0,3
POL-104428,CUST-50176,Motor,West,Online,2023-07-17,2024-04-03,0.767,575.49,0,0.0,41.0,3
POL-104429,CUST-51250,Liability,North,Online,2023-11-05,2024-08-16,0.875,1193.76,0,0.0,46.0,13
POL-104430,CUST-50686,Motor,North,Broker,2023-11-04,2024-05-13,0.622,422.16,0,0.0,27.0,14
POL-104431,CUST-50763,Liability,West,Direct,2022-03-06,2022-10-08,0.405,400.91,0,0.0,22.0,0
POL-104432,CUST-50547,Home,Central,Online,2023-10-18,2024-09-20,0.689,308.41,0,0.0,61.0,12
POL-104433,CUST-51624,Motor,West,Agent,2022-03-25,2022-11-24,0.591,591.72,0,0.0,42.0,10
POL-104434,CUST-50280,Commercial,North,Agent,2023-03-03,2023-11-16,0.829,1230.27,0,0.0,46.0,19
POL-104435,CUST-52716,Commercial,South,Direct,2023-11-10,2024-08-25,0.667,1056.19,0,0.0,37.0,14
POL-104436,CUST-50091,Home,North,Broker,2023-04-24,2023-10-31,0.46,339.09,0,0.0,35.0,18
POL-104437,CUST-50490,Home,South,Direct,2023-11-23,2024-08-23,0.816,624.71,0,0.0,74.0,0
POL-104438,CUST-51685,Motor,East,Broker,2022-09-09,2023-05-11,0.638,746.25,0,0.0,64.0,15
POL-104439,CUST-50422,Motor,South,Direct,2022-08-18,2023-03-13,0.383,424.78,0,0.0,57.0,6
POL-104440,CUST-51511,Motor,West,Agent,2022-08-27,2023-05-11,0.672,529.31,1,2444.41,40.0,11
POL-104441,CUST-50222,Motor,South,Agent,2022-09-17,2023-06-07,0.961,987.64,0,0.0,59.0,17
POL-104442,CUST-52609,Motor,East,Agent,2023-05-14,2023-12-14,0.779,498.71,0,0.0,37.0,17
POL-104443,CUST-51768,Home,West,Broker,2022-11-27,2023-09-04,0.474,233.74,0,0.0,47.0,4
POL-104444,CUST-50910,Motor,North,Direct,2023-06-23,2024-05-06,0.783,680.01,0,0.0,26.0,4
POL-104445,CUST-51806,Home,North,Online,2022-10-31,2023-06-17,0.462,292.67,0,0.0,58.0,14
POL-104446,CUST-51622,Motor,South,Broker,2022-08-13,2023-08-07,0.657,588.62,0,0.0,21.0,17
POL-104447,CUST-52464,Motor,North,Direct,2022-05-19,2023-03-08,0.645,566.14,0,0.0,59.0,12
POL-104448,CUST-52179,Liability,North,Agent,2023-02-07,2023-12-27,0.436,490.93,0,0.0,52.0,1
POL-104449,CUST-52507,Liability,South,Broker,2023-10-18,2024-04-28,0.511,685.09,0,0.0,21.0,3
POL-104450,CUST-52591,Commercial,South,Online,2023-09-20,2024-08-07,0.957,1139.1,0,0.0,46.0,14
POL-104451,CUST-50305,Motor,South,Agent,2022-07-04,2023-03-03,0.438,353.77,0,0.0,30.0,14
POL-104452,CUST-52307,Commercial,North,Direct,2022-12-15,2023-10-23,0.851,927.91,0,0.0,45.0,17
POL-104453,CUST-52731,Motor,North,Agent,2023-05-30,2024-04-23,0.751,536.21,0,0.0,18.0,10
POL-104454,CUST-50595,Home,Central,Agent,2023-03-24,2023-11-05,0.649,559.76,0,0.0,59.0,8
POL-104455,CUST-52488,Commercial,West,Direct,2022-02-19,2022-10-05,0.353,372.47,0,0.0,47.0,2
POL-104456,CUST-51830,Motor,East,Direct,2023-03-08,2023-09-15,0.403,291.02,0,0.0,38.0,15
POL-104457,CUST-51941,Liability,North,Broker,2022-01-29,2022-11-17,0.384,375.78,0,0.0,67.0,18
POL-104458,CUST-52139,Commercial,South,Online,2022-03-27,2023-02-13,0.69,905.32,0,0.0,54.0,0
POL-104459,CUST-51041,Motor,Central,Online,2023-04-23,2024-01-04,0.98,901.02,0,0.0,52.0,9
POL-104460,CUST-52693,Motor,Central,Direct,2022-03-16,2022-10-11,0.908,1075.36,0,0.0,26.0,7
POL-104461,CUST-52236,Commercial,West,Agent,2022-09-05,2023-05-01,0.269,465.23,0,0.0,46.0,14
POL-104462,CUST-51315,Home,South,Broker,2023-03-06,2023-11-15,0.455,277.62,0,0.0,57.0,15
POL-104463,CUST-51862,Motor,East,Direct,2023-04-24,2024-04-08,0.368,368.5,0,0.0,70.0,4
POL-104464,CUST-52862,Motor,North,Direct,2022-11-22,2023-06-13,0.982,1093.94,0,0.0,52.0,19
POL-104465,CUST-51059,Liability,Central,Broker,2022-03-10,2022-11-08,0.427,360.0,0,0.0,27.0,2
POL-104466,CUST-52679,Motor,North,Broker,2023-08-07,2024-05-31,0.401,409.65,0,0.0,56.0,15
POL-104467,CUST-50039,Liability,West,Agent,2023-11-25,2024-07-06,0.716,792.73,0,0.0,22.0,14
POL-104468,CUST-52381,Home,South,Agent,2023-10-11,2024-09-19,0.667,501.9,0,0.0,35.0,3
POL-104469,CUST-51777,Motor,East,Broker,2023-07-01,2024-06-14,0.419,270.29,0,0.0,70.0,13
POL-104470,CUST-52130,Motor,Central,Online,2022-10-21,2023-06-28,0.753,776.42,0,0.0,63.0,5
POL-104471,CUST-51729,Commercial,South,Direct,2023-10-02,2024-08-15,0.323,586.2,0,0.0,69.0,5
POL-104472,CUST-51436,Motor,North,Online,2022-12-23,2023-11-08,0.265,266.03,0,0.0,38.0,1
POL-104473,CUST-50463,Motor,West,Direct,2022-04-10,2023-02-10,0.312,222.26,0,0.0,56.0,14
POL-104474,CUST-50728,Motor,East,Agent,2023-09-13,2024-04-14,0.524,362.08,0,0.0,57.0,16
POL-104475,CUST-52718,Commercial,North,Direct,2022-08-22,2023-02-27,0.981,1730.93,0,0.0,32.0,10
POL-104476,CUST-51219,Home,North,Online,2023-11-17,2024-07-18,0.66,471.97,0,0.0,71.0,15
POL-104477,CUST-50477,Home,East,Direct,2022-09-26,2023-04-18,0.816,702.49,0,0.0,73.0,6
POL-104478,CUST-50386,Motor,West,Broker,2023-09-27,2024-05-18,0.491,425.0,0,0.0,24.0,11
POL-104479,CUST-50861,Home,North,Direct,2023-01-28,2023-11-22,0.79,421.48,0,0.0,61.0,15
POL-104480,CUST-52195,Commercial,East,Agent,2022-12-08,2023-09-23,0.975,1751.36,0,0.0,43.0,8
POL-104481,CUST-51115,Motor,East,Agent,2022-08-05,2023-03-11,0.518,538.91,0,0.0,56.0,12
POL-104482,CUST-51290,Liability,North,Agent,2023-09-03,2024-03-04,0.999,1043.53,0,0.0,49.0,2
POL-104483,CUST-52048,Commercial,West,Broker,2022-02-14,2022-09-23,0.729,1291.96,0,0.0,30.0,10
POL-104484,CUST-51815,Motor,West,Online,2022-12-09,2023-08-30,0.811,632.42,0,0.0,23.0,17
POL-104485,CUST-50244,Commercial,North,Agent,2022-09-27,2023-08-17,0.439,541.71,0,0.0,47.0,15
POL-104486,CUST-51174,Home,West,Agent,2023-02-01,2023-10-06,0.732,357.75,1,6110.74,65.0,6
POL-104487,CUST-52107,Home,South,Direct,2022-07-05,2023-02-23,0.633,354.52,0,0.0,64.0,10
POL-104488,CUST-52127,Motor,East,Online,2023-05-01,2024-02-07,0.967,951.98,0,0.0,33.0,12
POL-104489,CUST-51243,Liability,Central,Broker,2022-10-09,2023-04-20,0.929,801.99,0,0.0,67.0,18
POL-104490,CUST-50643,Home,Central,Broker,2022-05-18,2022-12-25,0.548,447.94,0,0.0,38.0,16
POL-104491,CUST-50548,Commercial,South,Broker,2022-05-24,2022-11-26,0.96,1217.77,1,12044.36,50.0,16
POL-104492,CUST-50270,Motor,South,Direct,2023-05-24,2024-02-25,0.914,916.05,0,0.0,36.0,15
POL-104493,CUST-50336,Motor,North,Online,2022-07-11,2023-03-30,0.693,629.87,1,10322.71,47.0,7
POL-104494,CUST-52909,Liability,Central,Agent,2022-08-13,2023-05-28,0.312,259.31,0,0.0,48.0,7
POL-104495,CUST-51237,Home,South,Online,2023-04-03,2024-01-22,0.371,250.57,0,0.0,57.0,9
POL-104496,CUST-50961,Motor,Central,Direct,2022-08-29,2023-05-09,0.308,358.22,0,0.0,44.0,8
POL-104497,CUST-51337,Commercial,Central,Direct,2022-10-11,2023-09-17,0.331,653.18,0,0.0,48.0,19
POL-104498,CUST-51552,Motor,East,Agent,2022-06-28,2023-06-13,0.983,755.43,0,0.0,55.0,17
POL-104499,CUST-50411,Commercial,West,Online,2022-09-10,2023-03-29,0.409,637.85,0,0.0,41.0,17
POL-104500,CUST-52712,Liability,East,Broker,2023-05-21,2024-05-06,0.768,606.33,0,0.0,47.0,12
POL-104501,CUST-51447,Motor,East,Broker,2023-01-25,2023-08-29,0.727,635.45,0,0.0,22.0,3
POL-104502,CUST-51687,Home,South,Broker,2023-12-30,2024-08-12,0.723,414.66,0,0.0,67.0,2
POL-104503,CUST-51507,Liability,Central,Agent,2023-07-18,2024-04-21,0.405,536.07,0,0.0,25.0,5
POL-104504,CUST-52812,Liability,North,Agent,2022-01-13,2022-07-17,0.685,767.21,0,0.0,67.0,13
POL-104505,CUST-52943,Home,West,Agent,2022-10-04,2023-06-08,0.719,369.75,0,0.0,61.0,7
POL-104506,CUST-50377,Home,Central,Agent,2022-07-31,2023-03-04,0.678,586.25,0,0.0,72.0,13
POL-104507,CUST-52139,Home,Central,Broker,2023-03-05,2023-11-29,0.39,286.76,0,0.0,19.0,17
POL-104508,CUST-50489,Motor,West,Direct,2022-07-13,2023-06-09,0.792,534.7,0,0.0,30.0,6
POL-104509,CUST-50036,Home,West,Direct,2023-12-07,2024-11-22,0.305,238.21,0,0.0,20.0,18
POL-104510,CUST-51656,Motor,Central,Broker,2022-08-07,2023-03-14,0.693,642.24,0,0.0,41.0,10
POL-104511,CUST-51430,Motor,Central,Agent,2023-01-17,2023-10-25,0.577,480.73,0,0.0,69.0,16
POL-104512,CUST-51476,Motor,South,Broker,2022-03-31,2022-12-24,0.438,311.77,0,0.0,61.0,1
POL-104513,CUST-50064,Commercial,West,Direct,2023-10-27,2024-07-10,0.856,1110.31,0,0.0,58.0,5
POL-104514,CUST-51930,Motor,East,Direct,2023-10-28,2024-08-20,0.382,265.31,0,0.0,66.0,18
POL-104515,CUST-51533,Motor,South,Agent,2023-08-03,2024-08-01,0.95,1019.35,0,0.0,18.0,17
POL-104516,CUST-50174,Motor,Central,Online,2022-09-14,2023-05-27,0.913,691.52,0,0.0,62.0,11
POL-104517,CUST-51013,Motor,North,Direct,2022-02-12,2022-08-23,0.52,454.81,0,0.0,35.0,0
POL-104518,CUST-50405,Liability,North,Online,2023-06-04,2024-05-19,0.479,646.64,0,0.0,57.0,1
POL-104519,CUST-52710,Motor,North,Direct,2022-11-10,2023-10-29,0.353,418.93,0,0.0,61.0,8
POL-104520,CUST-52226,Motor,South,Broker,2023-12-24,2024-08-19,0.937,998.66,0,0.0,57.0,17
POL-104521,CUST-51479,Liability,East,Online,2023-05-25,2024-02-22,0.721,889.75,0,0.0,41.0,7
POL-104522,CUST-50261,Motor,Central,Online,2023-01-29,2024-01-04,0.274,317.07,0,0.0,52.0,17
POL-104523,CUST-52549,Home,Central,Online,2023-12-22,2024-09-20,0.633,493.63,0,0.0,44.0,10
POL-104524,CUST-51064,Commercial,Central,Online,2023-08-08,2024-05-03,0.314,462.43,0,0.0,53.0,2
POL-104525,CUST-51751,Commercial,West,Online,2022-12-01,2023-11-17,0.68,731.83,0,0.0,44.0,11
POL-104526,CUST-52160,Motor,East,Direct,2022-01-14,2022-12-14,0.632,454.4,0,0.0,40.0,7
POL-104527,CUST-51189,Commercial,West,Agent,2022-03-09,2022-12-08,0.312,457.46,0,0.0,29.0,4
POL-104528,CUST-52916,Home,South,Broker,2022-11-20,2023-06-18,0.862,473.4,0,0.0,40.0,13
POL-104529,CUST-50689,Home,West,Direct,2023-02-15,2023-11-03,0.447,257.86,0,0.0,59.0,4
POL-104530,CUST-51030,Motor,North,Direct,2022-01-23,2022-11-24,0.656,413.32,0,0.0,67.0,18
POL-104531,CUST-50549,Commercial,Central,Broker,2022-04-03,2022-11-19,0.729,1148.47,0,0.0,23.0,16
POL-104532,CUST-51030,Home,Central,Broker,2023-05-30,2024-03-04,0.972,570.16,1,4934.35,28.0,15
POL-104533,CUST-52383,Commercial,West,Online,2023-07-03,2024-04-30,0.62,792.19,0,0.0,46.0,1
POL-104534,CUST-51414,Liability,North,Broker,2022-01-22,2022-08-05,0.938,1036.22,0,0.0,58.0,19
POL-104535,CUST-52648,Commercial,South,Agent,2023-01-06,2023-10-18,0.516,668.7,0,0.0,27.0,9
POL-104536,CUST-52671,Commercial,West,Direct,2022-03-01,2023-01-12,0.893,1338.08,0,0.0,36.0,14
POL-104537,CUST-50972,Motor,East,Broker,2023-06-13,2024-01-18,0.427,316.67,0,0.0,20.0,3
POL-104538,CUST-52385,Motor,East,Agent,2023-09-01,2024-06-09,0.781,780.93,0,0.0,20.0,15
POL-104539,CUST-51483,Home,East,Direct,2023-09-27,2024-08-03,0.316,254.29,0,0.0,26.0,6
POL-104540,CUST-51270,Motor,Central,Online,2023-03-13,2023-09-17,0.99,637.18,0,0.0,59.0,14
POL-104541,CUST-50862,Commercial,North,Agent,2023-04-05,2024-01-29,0.965,1782.5,0,0.0,67.0,5
POL-104542,CUST-50199,Commercial,East,Broker,2023-11-08,2024-06-23,0.582,1093.85,2,21874.23,46.0,18
POL-104543,CUST-51365,Home,South,Broker,2023-03-24,2023-12-02,0.643,548.34,0,0.0,28.0,14
POL-104544,CUST-52004,Motor,West,Direct,2022-11-22,2023-09-18,0.698,759.12,0,0.0,70.0,9
POL-104545,CUST-52608,Commercial,South,Broker,2023-07-05,2024-01-01,0.456,718.51,0,0.0,33.0,9
POL-104546,CUST-51235,Home,South,Broker,2023-03-08,2023-09-07,0.756,351.15,0,0.0,26.0,0
POL-104547,CUST-50413,Home,North,Direct,2023-09-07,2024-05-27,0.774,360.92,0,0.0,25.0,5
POL-104548,CUST-51406,Home,Central,Online,2023-01-19,2024-01-10,0.644,334.47,0,0.0,38.0,15
POL-104549,CUST-50874,Motor,South,Agent,2023-09-27,2024-03-26,0.361,310.83,0,0.0,59.0,16
POL-104550,CUST-52756,Commercial,Central,Broker,2022-02-02,2022-12-25,0.939,1863.7,0,0.0,40.0,19
POL-104551,CUST-52085,Motor,Central,Direct,2022-01-27,2022-08-08,0.336,234.98,0,0.0,43.0,1
POL-104552,CUST-52716,Home,Central,Agent,2022-03-14,2022-12-09,0.722,482.18,0,0.0,37.0,5
POL-104553,CUST-50931,Motor,South,Online,2023-02-11,2023-10-29,0.327,388.75,0,0.0,71.0,15
POL-104554,CUST-51336,Motor,West,Broker,2023-06-02,2024-02-24,0.36,217.15,0,0.0,56.0,7
POL-104555,CUST-50243,Motor,Central,Agent,2022-06-07,2022-12-19,0.265,165.08,0,0.0,55.0,4
POL-104556,CUST-50405,Motor,North,Agent,2022-04-24,2023-03-10,0.523,395.18,0,0.0,42.0,5
POL-104557,CUST-51123,Commercial,North,Agent,2023-09-21,2024-05-09,0.73,907.77,0,0.0,48.0,18
POL-104558,CUST-51190,Commercial,South,Direct,2023-07-02,2024-05-20,0.641,975.01,0,0.0,68.0,17
POL-104559,CUST-52029,Motor,Central,Direct,2023-04-19,2024-02-14,0.756,638.95,0,0.0,55.0,0
POL-104560,CUST-50646,Motor,North,Direct,2022-12-23,2023-10-01,0.756,712.35,0,0.0,64.0,16
POL-104561,CUST-52952,Commercial,West,Direct,2022-11-03,2023-06-28,0.355,413.32,0,0.0,20.0,11
POL-104562,CUST-52341,Motor,Central,Broker,2022-01-15,2022-11-12,0.293,293.9,0,0.0,66.0,16
POL-104563,CUST-52676,Home,Central,Online,2022-05-18,2023-05-18,0.719,379.04,0,0.0,72.0,12
POL-104564,CUST-50919,Motor,East,Online,2023-10-17,2024-10-02,0.74,639.31,0,0.0,56.0,13
POL-104565,CUST-51685,Home,East,Agent,2022-09-05,2023-08-21,0.668,299.58,0,0.0,72.0,11
POL-104566,CUST-51552,Liability,West,Direct,2023-05-30,2024-01-05,0.434,535.27,0,0.0,50.0,14
POL-104567,CUST-52331,Motor,West,Online,2023-05-29,2024-03-12,0.858,830.65,0,0.0,33.0,16
POL-104568,CUST-52544,Liability,West,Broker,2022-08-14,2023-04-24,0.307,254.57,0,0.0,52.0,10
POL-104569,CUST-51714,Commercial,South,Agent,2022-05-30,2023-05-24,0.724,1177.06,0,0.0,53.0,2
POL-104570,CUST-52923,Liability,Central,Agent,2023-05-20,2024-05-10,0.34,335.17,0,0.0,26.0,1
POL-104571,CUST-51481,Commercial,East,Online,2022-03-10,2023-02-14,0.741,1373.56,0,0.0,29.0,8
POL-104572,CUST-50823,Commercial,South,Direct,2022-12-28,2023-07-26,0.563,1133.59,0,0.0,34.0,9
POL-104573,CUST-50511,Home,West,Direct,2023-10-11,2024-06-06,0.789,385.07,1,8902.02,49.0,17
POL-104574,CUST-51131,Commercial,West,Online,2023-06-04,2024-04-11,0.289,437.1,0,0.0,26.0,0
POL-104575,CUST-50876,Motor,North,Agent,2023-07-12,2024-05-26,0.666,498.52,0,0.0,61.0,17
POL-104576,CUST-50600,Commercial,North,Online,2022-03-02,2022-11-02,0.359,637.56,0,0.0,24.0,1
POL-104577,CUST-51356,Home,North,Broker,2022-05-26,2022-12-17,0.762,342.11,0,0.0,71.0,9
POL-104578,CUST-50784,Motor,East,Direct,2022-07-20,2023-02-10,0.34,312.47,0,0.0,56.0,8
POL-104579,CUST-52956,Motor,Central,Agent,2022-08-02,2023-06-05,0.305,337.02,0,0.0,37.0,11
POL-104580,CUST-50914,Motor,South,Agent,2022-05-22,2023-02-10,0.785,648.9,0,0.0,39.0,0
POL-104581,CUST-51825,Motor,North,Broker,2023-12-11,2024-09-07,0.298,325.88,0,0.0,57.0,15
POL-104582,CUST-52256,Motor,Central,Agent,2022-05-01,2023-03-28,0.418,285.24,0,0.0,23.0,2
POL-104583,CUST-52834,Motor,West,Agent,2023-06-01,2023-12-01,0.869,991.88,0,0.0,58.0,15
POL-104584,CUST-52060,Motor,East,Agent,2023-03-05,2024-01-19,0.857,913.49,0,0.0,49.0,11
POL-104585,CUST-50776,Home,North,Direct,2023-03-22,2023-11-08,0.891,537.93,0,0.0,30.0,17
POL-104586,CUST-51668,Motor,West,Online,2022-06-06,2023-05-25,0.495,333.0,0,0.0,69.0,19
POL-104587,CUST-50206,Motor,South,Agent,2022-08-13,2023-08-05,0.646,584.4,0,0.0,53.0,16
POL-104588,CUST-50811,Motor,South,Agent,2023-03-19,2023-12-17,0.83,824.94,0,0.0,27.0,9
POL-104589,CUST-52935,Motor,South,Broker,2022-08-07,2023-04-02,0.353,237.11,0,0.0,55.0,8
POL-104590,CUST-50014,Motor,North,Direct,2023-05-22,2023-12-31,0.793,912.14,0,0.0,41.0,13
POL-104591,CUST-50988,Liability,East,Direct,2022-01-29,2022-08-30,0.323,390.58,0,0.0,61.0,12
POL-104592,CUST-50160,Motor,West,Online,2022-02-23,2023-02-23,0.935,1085.74,0,0.0,46.0,15
POL-104593,CUST-51605,Motor,Central,Agent,2023-06-16,2024-01-16,0.728,562.78,0,0.0,74.0,9
POL-104594,CUST-52253,Home,West,Broker,2023-03-27,2023-12-15,0.62,385.71,0,0.0,70.0,9
POL-104595,CUST-50213,Commercial,Central,Online,2022-02-01,2022-10-28,0.614,772.85,0,0.0,20.0,2
POL-104596,CUST-50386,Home,Central,Direct,2023-10-19,2024-08-20,0.386,213.39,0,0.0,41.0,3
POL-104597,CUST-52581,Motor,South,Broker,2022-01-04,2022-12-06,0.509,346.86,0,0.0,29.0,16
POL-104598,CUST-50836,Home,East,Online,2023-11-29,2024-09-07,0.795,388.24,0,0.0,43.0,19
POL-104599,CUST-50002,Home,South,Agent,2023-06-17,2024-05-02,0.656,475.68,0,0.0,26.0,12
POL-104600,CUST-50294,Motor,West,Agent,2023-12-23,2024-10-03,0.647,445.38,0,0.0,48.0,6
POL-104601,CUST-52718,Liability,Central,Agent,2023-11-24,2024-08-11,0.396,307.9,0,0.0,26.0,1
POL-104602,CUST-52770,Liability,Central,Online,2022-08-17,2023-03-14,0.768,808.49,0,-500.0,53.0,0
POL-104603,CUST-50496,Home,North,Online,2023-07-07,2024-02-10,0.544,402.31,0,0.0,43.0,13
POL-104604,CUST-50840,Motor,East,Agent,2022-06-03,2023-02-18,0.387,409.42,0,0.0,74.0,12
POL-104605,CUST-50550,Home,North,Broker,2022-12-11,2023-06-17,0.958,657.02,0,0.0,68.0,5
POL-104606,CUST-51475,Liability,South,Broker,2022-06-25,2023-02-18,0.63,519.29,0,0.0,52.0,3
POL-104607,CUST-52477,Liability,East,Agent,2022-12-21,2023-09-13,0.646,697.19,0,0.0,43.0,1
POL-104608,CUST-52278,Motor,West,Online,2023-09-29,2024-06-22,0.986,953.81,0,0.0,58.0,13
POL-104609,CUST-51158,Motor,West,Broker,2022-11-15,2023-10-12,0.525,393.0,0,0.0,56.0,12
POL-104610,CUST-52086,Motor,Central,Online,2022-03-09,2023-03-03,0.957,651.69,0,0.0,25.0,6
POL-104611,CUST-50768,Commercial,South,Direct,2022-08-25,2023-07-06,0.771,1506.95,0,0.0,39.0,14
POL-104612,CUST-52727,Home,East,Agent,2023-07-29,2024-02-08,0.725,344.84,1,2083.33,74.0,16
POL-104613,CUST-51789,Motor,North,Direct,2023-01-16,2023-09-28,0.426,323.73,0,0.0,36.0,10
POL-104614,CUST-52751,Motor,North,Direct,2023-02-13,2023-12-25,0.289,211.75,0,0.0,18.0,5
POL-104615,CUST-50763,Motor,Central,Agent,2022-11-11,2023-08-28,0.578,650.67,0,0.0,65.0,0
POL-104616,CUST-52850,Commercial,Central,Agent,2022-08-02,2023-04-24,0.258,393.32,0,0.0,71.0,15
POL-104617,CUST-50859,Motor,Central,Online,2023-03-13,2023-11-29,0.303,352.74,0,0.0,55.0,11
POL-104618,CUST-52052,Motor,South,Direct,2023-04-08,2023-12-19,0.696,757.1,0,0.0,54.0,6
POL-104619,CUST-50136,Commercial,West,Direct,2023-10-18,2024-07-31,0.793,1412.49,0,0.0,38.0,0
POL-104620,CUST-50691,Home,South,Agent,2023-03-27,2023-10-26,0.376,192.03,0,0.0,38.0,16
POL-104621,CUST-51618,Commercial,West,Direct,2023-12-28,2024-09-29,0.799,1090.25,0,0.0,70.0,18
POL-104622,CUST-51513,Commercial,East,Direct,2023-08-27,2024-04-01,0.962,1777.37,0,0.0,66.0,9
POL-104623,CUST-50388,Motor,Central,Agent,2022-02-27,2022-12-30,0.807,952.42,0,0.0,46.0,5
POL-104624,CUST-50029,Motor,South,Agent,2022-10-14,2023-09-19,0.839,937.47,1,8830.26,35.0,12
POL-104625,CUST-52511,Motor,West,Broker,2022-10-08,2023-07-09,0.776,899.62,0,0.0,28.0,17
POL-104626,CUST-50733,Commercial,West,Direct,2022-01-03,2022-09-12,0.419,698.25,0,0.0,18.0,11
POL-104627,CUST-52253,Liability,West,Agent,2022-05-12,2023-05-01,0.521,529.97,0,0.0,45.0,0
POL-104628,CUST-50519,Motor,North,Online,2023-07-11,2024-05-08,0.962,867.01,0,0.0,49.0,3
POL-104629,CUST-50856,Commercial,East,Agent,2022-09-15,2023-06-01,0.746,1104.36,0,0.0,56.0,1
POL-104630,CUST-50050,Commercial,East,Online,2022-04-18,2022-10-20,0.842,986.99,0,0.0,63.0,8
POL-104631,CUST-51601,Liability,South,Agent,2022-07-29,2023-01-27,0.977,875.15,0,0.0,38.0,9
POL-104632,CUST-51550,Home,Central,Direct,2022-07-20,2023-02-26,0.424,200.65,0,0.0,27.0,10
POL-104633,CUST-51732,Motor,Central,Broker,2022-05-08,2022-12-17,0.491,318.02,0,0.0,66.0,15
POL-104634,CUST-52245,Commercial,North,Direct,2022-03-15,2023-01-23,0.734,977.33,0,0.0,61.0,2
POL-104635,CUST-51999,Commercial,West,Online,2023-07-12,2024-04-10,0.268,453.22,0,0.0,48.0,18
POL-104636,CUST-50607,Commercial,Central,Agent,2023-08-25,2024-08-24,0.678,1110.51,0,0.0,20.0,5
POL-104637,CUST-51256,Commercial,South,Agent,2022-12-29,2023-10-05,0.857,1356.51,0,0.0,44.0,10
POL-104638,CUST-50228,Motor,West,Agent,2023-03-26,2024-03-07,0.708,736.76,0,0.0,53.0,4
POL-104639,CUST-51957,Home,West,Broker,2023-11-03,2024-08-11,0.472,291.44,0,0.0,66.0,7
POL-104640,CUST-51189,Motor,North,Online,2023-09-08,2024-05-11,0.793,680.43,0,0.0,46.0,16
POL-104641,CUST-50508,Motor,Central,Agent,2022-01-24,2022-12-02,0.36,325.16,0,0.0,44.0,0
POL-104642,CUST-52633,Motor,West,Direct,2023-11-27,2024-08-16,0.921,584.49,0,0.0,39.0,9
POL-104643,CUST-51413,Motor,South,Broker,2022-02-18,2022-10-07,0.326,306.8,0,0.0,41.0,11
POL-104644,CUST-50157,Motor,South,Online,2022-01-20,2022-10-15,0.898,935.17,1,1768.38,18.0,11
POL-104645,CUST-50282,Home,West,Broker,2022-10-22,2023-08-21,0.623,341.67,0,0.0,23.0,7
POL-104646,CUST-50874,Commercial,Central,Online,2023-06-29,2024-03-04,0.571,1074.99,0,0.0,61.0,7
POL-104647,CUST-52823,Motor,North,Broker,2022-02-28,2023-01-04,0.625,470.87,0,0.0,38.0,18
POL-104648,CUST-50294,Motor,South,Online,2022-08-02,2023-07-30,0.4,360.14,0,0.0,66.0,4
POL-104649,CUST-51204,Motor,West,Direct,2022-07-11,2023-03-24,0.593,661.38,0,0.0,40.0,9
POL-104650,CUST-51192,Motor,North,Agent,2022-10-18,2023-06-09,0.887,917.32,0,0.0,74.0,7
POL-104651,CUST-51852,Motor,Central,Online,2023-12-21,2024-08-31,0.851,798.06,0,0.0,28.0,15
POL-104652,CUST-51797,Home,South,Broker,2022-08-30,2023-07-31,0.372,261.99,0,0.0,28.0,16
POL-104653,CUST-51469,Liability,Central,Agent,2022-06-02,2023-01-01,0.755,574.33,0,0.0,51.0,16
POL-104654,CUST-52420,Home,North,Broker,2022-03-31,2023-03-27,0.893,,0,0.0,63.0,1
POL-104655,CUST-50080,Home,Central,Online,2022-05-25,2023-02-06,0.865,605.13,0,0.0,26.0,1
POL-104656,CUST-51180,Commercial,North,Direct,2022-04-08,2023-03-10,0.569,626.36,0,0.0,46.0,7
POL-104657,CUST-50188,Motor,West,Agent,2023-02-23,2024-01-15,0.286,191.32,0,0.0,30.0,8
POL-104658,CUST-50902,Motor,South,Online,2022-11-03,2023-09-24,0.948,1111.77,0,0.0,60.0,1
POL-104659,CUST-50793,Motor,East,Broker,2022-12-30,2023-12-14,0.547,383.43,0,0.0,49.0,17
POL-104660,CUST-52651,Motor,North,Agent,2023-08-31,2024-04-01,0.521,587.68,0,0.0,55.0,17
POL-104661,CUST-52024,Commercial,West,Agent,2023-02-28,2023-12-15,0.82,1061.88,0,0.0,33.0,8
POL-104662,CUST-50719,Home,West,Agent,2022-04-24,2022-11-08,0.448,271.45,0,0.0,34.0,15
POL-104663,CUST-51924,Home,South,Direct,2022-10-03,2023-05-26,0.876,591.37,0,0.0,54.0,11
POL-104664,CUST-52497,Motor,East,Agent,2022-08-17,2023-02-20,0.307,296.99,0,0.0,38.0,13
POL-104665,CUST-50563,Motor,East,Agent,2023-08-27,2024-06-28,0.806,718.29,0,0.0,57.0,17
POL-104666,CUST-51693,Liability,West,Broker,2022-08-13,2023-06-02,0.974,900.98,0,0.0,26.0,1
POL-104667,CUST-51465,Motor,East,Online,2022-04-12,2023-02-23,0.997,889.04,0,0.0,35.0,4
POL-104668,CUST-52742,Commercial,North,Direct,2023-06-22,2024-01-20,0.943,1627.8,0,0.0,23.0,8
POL-104669,CUST-51101,Motor,East,Broker,2022-11-09,2023-07-08,0.903,750.31,0,0.0,,17
POL-104670,CUST-52035,Motor,South,Direct,2022-03-11,2023-01-10,0.459,422.01,0,0.0,32.0,11
POL-104671,CUST-51705,Motor,East,Agent,2023-05-19,2024-04-16,0.975,800.09,1,6544.46,45.0,7
POL-104672,CUST-50968,Liability,South,Online,2022-06-03,2023-05-13,0.946,863.06,0,0.0,26.0,0
POL-104673,CUST-51004,Motor,South,Agent,2023-09-26,2024-04-06,0.651,503.09,0,0.0,23.0,11
POL-104674,CUST-52585,Commercial,South,Agent,2023-08-31,2024-05-11,0.552,685.76,0,0.0,68.0,5
POL-104675,CUST-52688,Motor,South,Broker,2022-09-27,2023-03-28,0.332,347.82,0,0.0,47.0,6
POL-104676,CUST-50780,Home,West,Agent,2023-02-10,2024-01-08,0.693,596.68,0,0.0,58.0,19
POL-104677,CUST-51417,Home,South,Agent,2023-02-19,2023-09-09,0.775,346.1,0,0.0,59.0,10
POL-104678,CUST-50428,Home,West,Direct,2023-04-23,2024-03-20,0.553,287.06,0,0.0,23.0,2
POL-104679,CUST-51279,Motor,East,Broker,2022-02-20,2022-09-17,0.555,648.64,0,0.0,53.0,0
POL-104680,CUST-52602,Motor,West,Agent,2022-08-26,2023-02-24,0.68,542.88,0,0.0,67.0,7
POL-104681,CUST-52109,Commercial,North,Direct,2022-05-05,2023-04-13,0.271,382.06,0,0.0,43.0,1
POL-104682,CUST-51457,Home,South,Direct,2023-05-25,2024-02-10,0.968,698.63,0,0.0,67.0,8
POL-104683,CUST-52342,Motor,Central,Online,2022-02-20,2022-11-06,0.467,375.86,0,0.0,71.0,8
POL-104684,CUST-51658,Motor,Central,Agent,2023-01-13,2023-11-09,0.356,316.18,0,0.0,49.0,17
POL-104685,CUST-51312,Motor,North,Online,2023-06-16,2024-02-02,0.254,287.26,0,0.0,23.0,6
POL-104686,CUST-50050,Home,Central,Direct,2023-11-24,2024-09-27,0.893,606.45,0,0.0,53.0,5
POL-104687,CUST-50326,Motor,Central,Broker,2022-07-30,2023-04-15,0.897,889.64,0,0.0,68.0,12
POL-104688,CUST-51616,Motor,North,Agent,2022-01-06,2022-08-24,0.321,232.46,0,0.0,51.0,12
POL-104689,CUST-50255,Motor,South,Broker,2023-06-13,2024-02-21,0.364,273.21,0,0.0,63.0,0
POL-104690,CUST-50034,Home,North,Agent,2022-01-02,2022-07-02,0.586,481.07,0,0.0,48.0,1
POL-104691,CUST-50980,Liability,Central,Direct,2022-02-18,2022-10-12,0.389,511.71,0,0.0,41.0,3
POL-104692,CUST-51668,Commercial,Central,Direct,2023-12-25,2024-10-10,0.802,1470.94,0,,71.0,15
POL-104693,CUST-52197,Home,West,Agent,2023-09-22,2024-04-14,0.294,143.17,0,0.0,26.0,4
POL-104694,CUST-52897,Commercial,South,Agent,2023-06-01,2023-12-20,0.662,1221.93,0,0.0,43.0,19
POL-104695,CUST-51960,Motor,Central,Online,2023-09-02,2024-06-30,0.537,325.66,0,0.0,26.0,8
POL-104696,CUST-52925,Home,Central,Broker,2022-02-25,2022-11-11,0.599,415.05,0,0.0,55.0,18
POL-104697,CUST-50863,Motor,Central,Broker,2022-03-06,2022-09-27,0.569,567.17,0,0.0,70.0,4
POL-104698,CUST-51972,Motor,South,Online,2022-08-08,2023-06-23,0.365,309.78,0,0.0,74.0,8
POL-104699,CUST-50013,Home,West,Agent,2022-01-18,2022-12-08,0.415,266.42,1,11502.7,31.0,2
POL-104700,CUST-50407,Motor,West,Direct,2023-10-11,2024-04-14,0.299,309.88,0,0.0,59.0,16
POL-104701,CUST-51928,Home,North,Direct,2022-02-11,2022-09-16,0.336,276.32,0,0.0,67.0,11
POL-104702,CUST-50947,Home,East,Agent,2023-02-02,2023-10-08,0.983,507.4,0,0.0,65.0,1
POL-104703,CUST-51693,Motor,East,Agent,2023-09-16,2024-07-28,0.46,311.6,0,0.0,46.0,14
POL-104704,CUST-52828,Motor,East,Online,2023-06-21,2023-12-31,0.48,465.53,0,0.0,27.0,17
POL-104705,CUST-52317,Home,South,Agent,2022-06-21,2023-05-16,0.345,184.28,0,0.0,44.0,13
POL-104706,CUST-51055,Commercial,West,Agent,2022-12-10,2023-08-06,0.816,989.1,0,0.0,62.0,16
POL-104707,CUST-52058,Commercial,Central,Broker,2023-02-05,2023-08-27,0.943,1151.92,0,0.0,53.0,5
POL-104708,CUST-52770,Motor,West,Direct,2023-07-15,2024-06-19,0.842,599.6,0,0.0,40.0,8
POL-104709,CUST-50740,Commercial,Central,Broker,2022-11-08,2023-05-23,0.709,1062.99,0,0.0,30.0,17
POL-104710,CUST-51664,Motor,West,Agent,2022-07-28,2023-02-17,0.86,1005.18,0,0.0,55.0,12
POL-104711,CUST-52198,Motor,South,Broker,2023-08-04,2024-07-25,0.553,601.5,0,0.0,42.0,12
POL-104712,CUST-51977,Home,West,Broker,2023-10-10,2024-07-12,0.895,599.48,0,0.0,44.0,15
POL-104713,CUST-51459,Motor,West,Direct,2022-12-23,2023-09-15,0.849,546.16,0,0.0,71.0,12
POL-104714,CUST-51299,Motor,Central,Online,2022-01-21,2022-11-24,0.251,249.84,0,0.0,18.0,2
POL-104715,CUST-51724,Motor,South,Agent,2023-01-01,2023-10-25,0.616,531.87,0,0.0,31.0,4
POL-104716,CUST-51489,Commercial,North,Direct,2023-10-12,2024-08-01,0.448,808.66,0,0.0,70.0,15
POL-104717,CUST-51070,Liability,West,Direct,2023-12-24,2024-06-25,0.315,322.83,0,0.0,70.0,4
POL-104718,CUST-52623,Liability,West,Direct,2022-10-20,2023-07-29,0.885,1012.83,0,0.0,35.0,13
POL-104719,CUST-52371,Motor,West,Broker,2022-04-20,2022-12-07,0.256,182.79,0,0.0,74.0,9
POL-104720,CUST-51923,Home,West,Agent,2023-02-22,2024-01-18,0.798,634.9,0,0.0,30.0,12
POL-104721,CUST-50588,Commercial,East,Direct,2023-08-30,2024-05-30,0.991,1789.86,0,0.0,20.0,4
POL-104722,CUST-51542,Motor,North,Direct,2023-11-21,2024-06-11,0.612,500.33,0,0.0,35.0,6
POL-104723,CUST-50613,Motor,Central,Direct,2022-02-07,2023-01-17,0.528,616.9,0,0.0,48.0,13
POL-104724,CUST-50488,Motor,South,Agent,2022-08-01,2023-03-21,0.704,486.07,0,0.0,18.0,3
POL-104725,CUST-50712,Home,South,Agent,2022-12-15,2023-08-02,0.854,378.05,0,0.0,27.0,6
POL-104726,CUST-50472,Home,Central,Agent,2022-03-13,2023-03-02,0.43,329.04,0,0.0,63.0,19
POL-104727,CUST-52368,Motor,West,Agent,2023-10-10,2024-08-29,0.438,417.12,0,0.0,53.0,3
POL-104728,CUST-51542,Motor,East,Agent,2022-03-23,2023-02-25,0.705,466.0,1,,52.0,11
POL-104729,CUST-52184,Commercial,West,Agent,2023-05-01,2024-02-28,0.955,1123.94,0,0.0,74.0,3
POL-104730,CUST-52929,Home,North,Agent,2023-11-02,2024-10-16,0.474,232.64,0,0.0,31.0,14
POL-104731,CUST-50808,Motor,South,Agent,2023-05-16,2023-12-03,0.533,370.05,0,0.0,69.0,2
POL-104732,CUST-50585,Motor,South,Online,2023-07-12,2024-04-28,0.995,865.19,0,0.0,38.0,11
POL-104733,CUST-50431,Liability,East,Broker,2022-07-12,2023-03-03,0.382,275.41,0,0.0,70.0,8
POL-104734,CUST-50055,Home,South,Agent,2023-08-28,2024-05-08,0.308,203.1,0,0.0,62.0,13
POL-104735,CUST-50084,Home,North,Direct,2022-11-02,2023-06-14,0.692,482.14,0,0.0,30.0,0
POL-104736,CUST-51785,Home,West,Broker,2022-02-14,2022-09-20,0.268,200.91,0,0.0,29.0,10
POL-104737,CUST-52051,Liability,East,Agent,2022-09-25,2023-06-14,0.385,513.97,0,0.0,48.0,10
POL-104738,CUST-50877,Motor,South,Broker,2022-09-13,2023-08-29,0.717,461.8,0,0.0,46.0,4
POL-104739,CUST-51616,Motor,Central,Agent,2023-01-16,2023-11-10,0.745,458.86,0,0.0,31.0,5
POL-104740,CUST-50620,Motor,South,Broker,2022-07-13,2023-03-14,0.633,429.04,0,0.0,32.0,14
POL-104741,CUST-52106,Commercial,North,Agent,2022-12-04,2023-08-21,0.538,730.27,0,0.0,69.0,11
POL-104742,CUST-52132,Motor,Central,Broker,2022-11-09,2023-08-14,0.682,618.98,0,0.0,60.0,11
POL-104743,CUST-52124,Motor,North,Agent,2022-08-27,2023-04-09,0.733,438.0,0,0.0,28.0,18
POL-104744,CUST-51535,Motor,North,Agent,2023-05-24,2024-02-24,0.853,858.94,0,0.0,59.0,8
POL-104745,CUST-52534,Home,East,Direct,2022-08-12,2023-06-17,0.845,717.65,1,3709.1,26.0,17
POL-104746,CUST-50250,Home,East,Agent,2023-07-14,2024-02-24,0.749,406.26,0,0.0,43.0,19
POL-104747,CUST-51247,Motor,South,Broker,2022-07-03,2023-04-17,0.921,552.82,0,0.0,18.0,11
POL-104748,CUST-50189,Motor,Central,Agent,2023-09-24,2024-07-31,0.879,916.96,0,0.0,55.0,4
POL-104749,CUST-52481,Commercial,South,Direct,2022-09-24,2023-06-27,0.35,628.81,0,0.0,28.0,8
POL-104750,CUST-50220,Motor,Central,Broker,2022-01-30,2022-09-21,0.968,601.02,0,0.0,31.0,0
POL-104751,CUST-51307,Commercial,West,Online,2022-04-20,2023-01-28,0.919,1508.61,0,0.0,28.0,13
POL-104752,CUST-50557,Motor,North,Broker,2023-08-12,2024-07-04,0.491,363.09,0,0.0,28.0,5
POL-104753,CUST-52123,Liability,East,Online,2023-09-29,2024-05-07,0.265,296.84,0,0.0,22.0,18
POL-104754,CUST-51207,Motor,North,Agent,2022-06-04,2023-03-17,0.703,722.12,1,2997.1,49.0,13
POL-104755,CUST-51653,Home,Central,Direct,2023-03-16,2024-01-16,0.579,307.26,0,0.0,67.0,9
POL-104756,CUST-52886,Motor,West,Broker,2023-02-24,2023-10-21,0.812,609.12,0,0.0,35.0,3
POL-104757,CUST-52764,Motor,East,Broker,2022-04-08,2022-12-16,0.643,616.56,0,0.0,62.0,1
POL-104758,CUST-51285,Commercial,West,Direct,2022-11-26,2023-11-06,0.307,493.04,0,0.0,48.0,13
POL-104759,CUST-51110,Home,West,Online,2023-05-22,2024-01-24,0.434,355.27,0,0.0,32.0,15
POL-104760,CUST-50897,Commercial,East,Direct,2023-12-08,2024-09-24,0.912,1398.12,0,0.0,21.0,5
POL-104761,CUST-52069,Home,South,Agent,2023-09-11,2024-04-05,0.278,217.15,0,0.0,62.0,0
POL-104762,CUST-52984,Home,South,Broker,2022-03-13,2023-02-28,0.803,603.61,0,0.0,19.0,6
POL-104763,CUST-51794,Commercial,South,Agent,2022-06-23,2023-04-10,0.469,792.93,0,0.0,42.0,15
POL-104764,CUST-51695,Motor,West,Direct,2022-11-15,2023-10-02,0.589,417.66,0,0.0,19.0,11
POL-104765,CUST-52996,Commercial,East,Broker,2022-04-20,2023-02-06,0.648,839.49,1,18149.74,62.0,1
POL-104766,CUST-50570,Motor,East,Agent,2023-02-21,2023-10-25,0.438,408.32,0,0.0,74.0,2
POL-104767,CUST-50231,Motor,West,Agent,2022-01-07,2022-09-07,0.739,468.7,0,0.0,36.0,2
POL-104768,CUST-50284,Commercial,East,Online,2022-03-24,2023-01-28,0.77,816.76,0,0.0,35.0,15
POL-104769,CUST-51794,Motor,Central,Agent,2022-02-04,2023-01-09,0.314,196.14,0,0.0,50.0,15
POL-104770,CUST-52688,Motor,South,Agent,2022-08-04,2023-02-23,0.53,605.88,0,0.0,46.0,8
POL-104771,CUST-50697,Motor,North,Agent,2023-07-11,2024-06-12,0.808,811.95,1,1758.24,39.0,13
POL-104772,CUST-52172,Home,East,Broker,2022-05-10,2023-04-09,0.791,630.55,0,0.0,38.0,0
POL-104773,CUST-52652,Home,East,Agent,2023-12-22,2024-07-09,0.658,560.7,0,0.0,28.0,11
POL-104774,CUST-52749,Motor,Central,Direct,2022-07-16,2023-02-01,0.833,843.06,0,0.0,32.0,5
POL-104775,CUST-52383,Motor,West,Agent,2022-02-02,2022-12-08,0.331,298.43,0,0.0,51.0,16
POL-104776,CUST-51101,Motor,Central,Agent,2022-09-02,2023-08-04,0.339,298.33,0,0.0,59.0,9
POL-104777,CUST-51985,Motor,North,Agent,2023-07-01,2024-03-10,0.743,771.89,0,0.0,60.0,17
POL-104778,CUST-51664,Motor,East,Agent,2022-03-19,2023-01-12,0.77,855.78,0,0.0,47.0,11
POL-104779,CUST-51441,Motor,Central,Direct,2022-02-22,2023-02-22,0.861,937.3,0,0.0,60.0,9
POL-104780,CUST-52124,Commercial,East,Agent,2023-09-13,2024-05-10,0.386,584.92,0,0.0,51.0,18
POL-104781,CUST-52043,Commercial,South,Direct,2023-03-09,2023-10-16,0.638,1148.47,0,0.0,38.0,19
POL-104782,CUST-52425,Motor,West,Broker,2022-09-08,2023-09-07,0.746,655.41,0,0.0,38.0,9
POL-104783,CUST-51663,Motor,Central,Agent,2023-07-06,2024-02-23,0.418,344.31,0,0.0,47.0,7
POL-104784,CUST-51975,Motor,South,Agent,2023-09-09,2024-06-02,0.638,492.61,1,2997.01,35.0,12
POL-104785,CUST-50861,Motor,East,Broker,2022-09-20,2023-06-09,0.729,457.41,0,0.0,61.0,3
POL-104786,CUST-51419,Motor,Central,Broker,2023-02-14,2023-11-18,0.411,293.74,0,0.0,28.0,7
POL-104787,CUST-52458,Liability,North,Broker,2022-01-08,2022-08-25,0.532,631.37,0,0.0,21.0,16
POL-104788,CUST-52314,Commercial,North,Online,2022-08-12,2023-06-14,0.412,489.99,0,0.0,45.0,17
POL-104789,CUST-51537,Home,West,Agent,2023-03-11,2024-01-13,0.927,764.88,0,0.0,22.0,8
POL-104790,CUST-51700,Motor,West,Broker,2022-05-24,2022-12-27,0.428,274.67,0,0.0,28.0,7
POL-104791,CUST-50771,Home,North,Broker,2023-12-25,2024-09-19,0.341,155.56,0,0.0,39.0,17
POL-104792,CUST-51148,Liability,East,Agent,2023-12-10,2024-06-17,0.276,280.42,0,0.0,18.0,4
POL-104793,CUST-51993,Motor,West,Broker,2022-07-08,2023-02-14,0.284,206.61,0,0.0,30.0,1
POL-104794,CUST-50346,Commercial,Central,Broker,2022-10-17,2023-10-15,0.394,441.08,0,0.0,49.0,1
POL-104795,CUST-50055,Motor,Central,Broker,2022-05-19,2023-02-17,0.706,445.22,0,0.0,39.0,2
POL-104796,CUST-51799,Commercial,South,Direct,2023-01-03,2023-10-25,0.263,407.7,0,0.0,69.0,17
POL-104797,CUST-52160,Motor,East,Agent,2022-04-01,2023-03-12,0.465,348.46,0,0.0,23.0,0
POL-104798,CUST-52942,Home,West,Broker,2022-10-13,2023-08-21,0.294,198.51,0,0.0,59.0,6
POL-104799,CUST-51411,Motor,South,Direct,2023-02-10,2024-01-03,0.553,377.83,0,0.0,51.0,12
POL-104800,CUST-50369,Home,North,Broker,2023-03-23,2024-01-29,0.286,127.16,0,0.0,54.0,12
POL-104801,CUST-51902,Home,East,Direct,2023-03-12,2023-12-09,0.706,314.76,0,0.0,56.0,16
POL-104802,CUST-50923,Home,West,Broker,2022-06-11,2023-04-04,0.766,369.9,0,0.0,20.0,19
POL-104803,CUST-50471,Home,East,Broker,2023-08-02,2024-03-22,0.799,622.81,0,0.0,63.0,8
POL-104804,CUST-51863,Motor,West,Agent,2023-05-20,2024-04-29,0.418,360.26,0,0.0,36.0,4
POL-104805,CUST-52154,Commercial,West,Direct,2023-07-04,2024-02-02,0.901,1485.04,0,0.0,55.0,1
POL-104806,CUST-50164,Motor,Central,Broker,2022-12-08,2023-11-17,0.768,856.8,0,0.0,34.0,17
POL-104807,CUST-52169,Home,West,Agent,2023-10-14,2024-09-21,0.292,153.67,0,0.0,40.0,7
POL-104808,CUST-51722,Motor,North,Agent,2022-10-12,2023-05-06,0.581,646.92,0,0.0,57.0,17
POL-104809,CUST-52224,Home,East,Agent,2023-08-12,2024-06-19,0.826,625.78,0,0.0,71.0,6
POL-104810,CUST-51889,Motor,North,Broker,2022-05-29,2023-05-28,0.483,496.89,0,0.0,68.0,15
POL-104811,CUST-51401,Liability,West,Agent,2022-06-30,2023-04-12,0.536,687.86,0,0.0,59.0,12
POL-104812,CUST-51002,Home,Central,Online,2023-01-20,2023-09-20,0.722,352.79,0,0.0,48.0,14
POL-104813,CUST-51921,Motor,West,Online,2023-02-10,2024-01-19,0.292,267.65,0,0.0,48.0,13
POL-104814,CUST-50598,Commercial,South,Online,2023-06-29,2024-03-30,0.975,1468.14,2,20714.23,73.0,6
POL-104815,CUST-51647,Motor,West,Agent,2022-08-06,2023-02-24,0.381,377.22,1,1603.78,29.0,2
POL-104816,CUST-52258,Motor,North,Broker,2023-09-30,2024-05-13,0.27,198.88,0,0.0,72.0,0
POL-104817,CUST-50699,Motor,South,Online,2022-08-29,2023-07-01,0.254,170.37,0,0.0,54.0,8
POL-104818,CUST-50256,Commercial,South,Direct,2023-01-25,2023-10-16,0.55,,0,0.0,53.0,17
POL-104819,CUST-50069,Liability,East,Agent,2023-11-12,2024-06-19,0.913,917.98,0,0.0,51.0,12
POL-104820,CUST-51664,Liability,South,Online,2023-01-29,2023-12-23,0.865,731.07,0,0.0,64.0,13
POL-104821,CUST-51240,Motor,East,Broker,2023-05-13,2023-12-01,0.934,627.23,0,0.0,56.0,5
POL-104822,CUST-51962,Motor,North,Direct,2023-10-26,2024-06-02,0.65,616.32,0,0.0,23.0,9
POL-104823,CUST-52444,Commercial,Central,Online,2023-12-13,2024-09-04,0.587,683.84,0,0.0,62.0,8
POL-104824,CUST-52936,Motor,South,Online,2022-12-31,2023-07-06,0.539,379.41,0,0.0,59.0,2
POL-104825,CUST-50966,Home,Central,Broker,2022-11-01,2023-07-11,0.285,241.46,0,0.0,70.0,12
POL-104826,CUST-50337,Liability,North,Agent,2022-05-24,2023-05-08,0.932,658.0,0,0.0,71.0,7
POL-104827,CUST-52247,Motor,Central,Direct,2023-01-28,2024-01-18,0.622,439.23,0,0.0,72.0,8
POL-104828,CUST-50057,Motor,West,Direct,2023-11-02,2024-10-09,0.591,587.68,0,0.0,20.0,11
POL-104829,CUST-51918,Commercial,South,Broker,2022-12-22,2023-08-19,0.636,785.55,0,0.0,53.0,0
POL-104830,CUST-50825,Home,West,Broker,2022-09-12,2023-03-23,0.846,433.97,0,0.0,71.0,18
POL-104831,CUST-51059,Liability,West,Broker,2022-03-20,2023-02-14,0.418,446.32,0,0.0,73.0,4
POL-104832,CUST-50371,Home,West,Broker,2022-10-12,2023-06-18,0.782,575.59,0,0.0,49.0,13
POL-104833,CUST-50001,Motor,Central,Online,2022-06-22,2023-05-07,0.783,666.51,0,0.0,69.0,15
POL-104834,CUST-50581,Commercial,Central,Online,2023-12-15,2024-07-04,0.887,1603.7,0,0.0,68.0,3
POL-104835,CUST-51293,Commercial,North,Broker,2023-01-21,2023-11-21,0.257,473.51,0,0.0,18.0,4
POL-104836,CUST-50881,Liability,South,Broker,2022-04-11,2023-01-25,0.378,420.88,0,0.0,68.0,8
POL-104837,CUST-51178,Home,North,Broker,2022-02-19,2023-02-05,0.603,412.92,0,0.0,54.0,16
POL-104838,CUST-50335,Home,North,Broker,2023-09-14,2024-03-30,0.888,699.99,0,0.0,50.0,12
POL-104839,CUST-50416,Motor,North,Agent,2023-11-11,2024-07-23,0.974,588.24,0,0.0,28.0,9
POL-104840,CUST-52242,Motor,West,Direct,2023-07-11,2024-07-09,0.696,625.58,0,0.0,70.0,16
POL-104841,CUST-52456,Liability,West,Direct,2022-04-01,2022-12-09,0.409,316.69,0,0.0,34.0,9
POL-104842,CUST-52219,Liability,North,Broker,2022-03-13,2023-01-09,0.388,325.14,0,0.0,41.0,17
POL-104843,CUST-52866,Home,East,Online,2022-05-25,2022-12-20,0.73,617.48,0,0.0,34.0,15
POL-104844,CUST-52194,Liability,North,Online,2023-07-03,2024-05-13,0.408,280.93,0,0.0,73.0,3
POL-104845,CUST-50363,Motor,North,Online,2023-07-13,2024-02-29,0.665,517.15,0,0.0,45.0,7
POL-104846,CUST-52211,Commercial,North,Online,2023-09-04,2024-06-16,0.876,1026.39,0,0.0,24.0,0
POL-104847,CUST-50692,Home,East,Broker,2022-03-12,2023-02-18,0.542,369.41,0,0.0,18.0,4
POL-104848,CUST-52331,Commercial,North,Online,2022-04-22,2023-02-18,0.534,999.61,0,0.0,73.0,0
POL-104849,CUST-51897,Commercial,West,Online,2023-10-20,2024-07-14,0.277,391.06,0,0.0,31.0,2
POL-104850,CUST-52540,Home,Central,Direct,2023-11-09,2024-06-11,0.441,351.63,0,0.0,61.0,0
POL-104851,CUST-52852,Commercial,Central,Agent,2023-06-14,2024-02-12,0.774,1131.46,0,0.0,19.0,13
POL-104852,CUST-52065,Motor,Central,Agent,2022-03-19,2023-02-19,0.52,590.66,0,0.0,69.0,8
POL-104853,CUST-52801,Commercial,West,Broker,2022-02-20,2022-09-28,0.369,691.75,0,0.0,55.0,9
POL-104854,CUST-51620,Motor,Central,Direct,2022-02-10,2022-12-09,0.329,230.76,0,0.0,30.0,15
POL-104855,CUST-52794,Motor,Central,Broker,2023-05-21,2024-02-15,0.321,360.04,0,0.0,68.0,16
POL-104856,CUST-50267,Commercial,South,Direct,2023-09-10,2024-05-06,0.744,900.58,0,0.0,34.0,10
POL-104857,CUST-51320,Commercial,West,Direct,2023-04-07,2024-02-14,0.709,1072.54,0,0.0,74.0,9
POL-104858,CUST-52288,Liability,South,Agent,2022-07-11,2023-03-15,0.639,524.27,0,0.0,52.0,12
POL-104859,CUST-52957,Motor,Central,Agent,2023-07-07,2024-02-25,0.625,515.59,0,0.0,43.0,8
POL-104860,CUST-52607,Motor,North,Direct,2022-02-13,2022-11-18,0.365,431.22,0,0.0,21.0,8
POL-104861,CUST-51093,Home,East,Agent,2023-08-28,2024-07-13,0.625,478.79,0,0.0,32.0,5
POL-104862,CUST-51883,Commercial,South,Online,2023-10-14,2024-09-18,0.295,465.33,0,0.0,21.0,3
POL-104863,CUST-50260,Liability,Central,Online,2023-06-09,2024-04-01,0.944,1253.38,0,0.0,66.0,3
POL-104864,CUST-50347,Commercial,South,Broker,2023-10-04,2024-08-02,0.294,405.75,0,0.0,23.0,13
POL-104865,CUST-52113,Home,Central,Broker,2023-03-04,2024-01-24,0.568,289.21,0,0.0,24.0,16
POL-104866,CUST-50938,Commercial,East,Online,2022-12-08,2023-07-26,0.25,464.1,0,0.0,25.0,8
POL-104867,CUST-51668,Motor,West,Online,2022-08-24,2023-04-07,0.84,505.89,0,0.0,73.0,1
POL-104868,CUST-50618,Liability,East,Broker,2023-11-04,2024-07-31,0.375,464.23,0,0.0,73.0,12
POL-104869,CUST-52398,Home,East,Online,2023-05-25,2024-03-17,0.944,418.65,0,0.0,58.0,18
POL-104870,CUST-50258,Motor,South,Broker,2022-05-20,2023-03-16,0.283,216.27,0,0.0,22.0,10
POL-104871,CUST-51863,Home,South,Agent,2023-11-30,2024-06-25,0.866,509.46,0,0.0,46.0,0
POL-104872,CUST-52031,Commercial,West,Broker,2022-02-13,2023-01-04,0.742,993.02,0,0.0,72.0,1
POL-104873,CUST-52461,Motor,South,Direct,2023-03-05,2023-11-07,0.437,323.31,0,0.0,23.0,10
POL-104874,CUST-50766,Motor,Central,Online,2022-05-20,2023-04-28,0.402,265.07,0,0.0,63.0,17
POL-104875,CUST-51031,Commercial,North,Agent,2023-04-30,2024-03-09,0.518,527.44,0,0.0,19.0,1
POL-104876,CUST-51667,Liability,South,Broker,2022-10-29,2023-10-26,0.871,1060.4,0,0.0,63.0,15
POL-104877,CUST-50863,Home,North,Broker,2022-11-16,2023-09-09,0.896,566.54,0,0.0,49.0,15
POL-104878,CUST-52209,Motor,Central,Online,2023-05-06,2024-02-08,0.381,263.41,0,0.0,68.0,1
POL-104879,CUST-52271,Home,East,Direct,2023-07-06,2024-02-05,0.515,241.88,0,0.0,41.0,4
POL-104880,CUST-52267,Motor,North,Agent,2022-10-05,2023-06-16,0.428,325.57,0,0.0,62.0,0
POL-104881,CUST-51493,Motor,North,Online,2023-12-30,2024-12-03,0.342,275.6,1,1709.41,66.0,11
POL-104882,CUST-51883,Motor,Central,Direct,2022-12-30,2023-09-07,0.735,639.11,0,0.0,36.0,3
POL-104883,CUST-50538,Home,Central,Online,2022-04-28,2022-11-03,0.509,243.23,0,0.0,54.0,18
POL-104884,CUST-50592,Motor,South,Online,2022-01-05,2022-08-18,0.419,493.6,0,0.0,44.0,1
POL-104885,CUST-51125,Motor,West,Agent,2022-05-28,2023-03-14,0.899,678.66,0,0.0,42.0,12
POL-104886,CUST-50620,Motor,South,Online,2023-05-20,2024-03-12,0.811,695.49,0,0.0,63.0,15
POL-104887,CUST-52401,Home,Central,Broker,2023-01-29,2024-01-26,0.83,615.62,1,5183.93,30.0,3
POL-104888,CUST-50772,Motor,West,Online,2022-09-04,2023-08-23,0.279,217.5,0,0.0,24.0,5
POL-104889,CUST-52771,Motor,East,Agent,2022-12-18,2023-09-22,0.936,602.86,0,0.0,45.0,15
POL-104890,CUST-51232,Home,Central,Direct,2023-09-04,2024-06-13,0.681,406.84,0,0.0,64.0,1
POL-104891,CUST-52280,Commercial,South,Agent,2023-02-22,2024-01-16,0.628,989.83,0,0.0,27.0,8
POL-104892,CUST-50228,Commercial,Central,Agent,2022-02-12,2022-08-20,0.258,482.3,0,0.0,37.0,5
POL-104893,CUST-52154,Home,South,Online,2022-02-05,2022-11-22,0.923,547.97,0,0.0,56.0,0
POL-104894,CUST-51367,Commercial,Central,Agent,2022-12-18,2023-09-12,0.658,1261.95,0,0.0,45.0,9
POL-104895,CUST-52434,Commercial,Central,Agent,2022-10-23,2023-09-13,0.869,1363.69,0,0.0,52.0,9
POL-104896,CUST-50542,Home,East,Online,2023-09-13,2024-08-06,0.742,553.08,0,0.0,48.0,6
POL-104897,CUST-50601,Home,North,Broker,2023-03-02,2023-12-28,0.848,379.13,0,0.0,64.0,16
POL-104898,CUST-52588,Motor,West,Broker,2023-07-07,2024-05-04,0.77,868.53,0,0.0,67.0,1
POL-104899,CUST-51738,Motor,West,Online,2023-03-04,2024-01-06,0.941,679.4,0,0.0,43.0,8
POL-104900,CUST-51686,Motor,Central,Broker,2022-09-10,2023-06-24,0.419,330.55,0,0.0,42.0,3
POL-104901,CUST-51782,Motor,South,Agent,2023-04-25,2023-12-03,0.402,364.44,0,0.0,33.0,15
POL-104902,CUST-51073,Liability,South,Direct,2023-03-30,2023-11-17,0.784,1054.04,0,0.0,43.0,11
POL-104903,CUST-52837,Motor,South,Direct,2023-06-10,2024-04-22,0.626,501.22,0,0.0,65.0,14
POL-104904,CUST-51663,Home,South,Agent,2022-05-19,2023-03-10,0.699,370.26,0,0.0,46.0,2
POL-104905,CUST-50045,Liability,North,Broker,2023-04-14,2023-11-24,0.781,1050.49,0,0.0,57.0,9
POL-104906,CUST-50859,Home,North,Broker,2022-07-28,2023-07-06,0.661,518.8,0,0.0,41.0,1
POL-104907,CUST-52911,Motor,East,Agent,2023-07-31,2024-07-27,0.841,832.37,0,0.0,58.0,6
POL-104908,CUST-51458,Liability,Central,Agent,2023-08-06,2024-05-28,0.489,472.87,0,0.0,58.0,18
POL-104909,CUST-52178,Motor,North,Online,2023-04-02,2023-11-10,0.894,755.58,0,0.0,48.0,14
POL-104910,CUST-50055,Motor,South,Agent,2023-11-23,2024-11-11,0.331,384.17,0,0.0,71.0,1
POL-104911,CUST-50067,Motor,Central,Agent,2023-01-28,2023-09-09,0.726,461.76,0,0.0,67.0,7
POL-104912,CUST-50613,Motor,North,Online,2022-01-19,2022-10-06,0.918,959.96,0,0.0,27.0,17
POL-104913,CUST-51556,Commercial,North,Broker,2023-03-19,2024-02-21,0.44,715.07,0,0.0,30.0,3
POL-104914,CUST-51828,Motor,Central,Online,2023-07-22,2024-04-23,0.495,579.75,0,0.0,72.0,15
POL-104915,CUST-50209,Commercial,South,Online,2022-03-15,2022-10-26,0.479,757.67,0,0.0,40.0,6
POL-104916,CUST-52750,Motor,South,Broker,2022-03-18,2022-09-28,0.673,512.77,0,0.0,35.0,9
POL-104917,CUST-51810,Liability,North,Broker,2022-07-19,2023-03-23,0.56,683.77,0,0.0,63.0,17
POL-104918,CUST-51054,Motor,East,Agent,2023-09-09,2024-07-10,0.331,391.06,1,3419.4,52.0,13
POL-104919,CUST-51354,Liability,Central,Agent,2023-01-21,2023-11-29,0.918,1201.22,0,0.0,25.0,5
POL-104920,CUST-51517,Motor,Central,Agent,2023-12-14,2024-07-22,0.404,311.23,0,0.0,23.0,0
POL-104921,CUST-52317,Commercial,West,Broker,2023-09-30,2024-04-26,0.651,889.62,0,0.0,64.0,4
POL-104922,CUST-50278,Commercial,West,Broker,2023-02-10,2023-12-17,0.696,1239.68,0,0.0,61.0,8
POL-104923,CUST-51738,Home,West,Online,2023-05-11,2023-12-06,0.281,194.91,0,0.0,38.0,2
POL-104924,CUST-51568,Motor,West,Agent,2022-08-30,2023-03-09,0.322,193.81,0,0.0,67.0,17
POL-104925,CUST-52359,Home,East,Broker,2022-03-07,2022-12-02,0.979,485.16,0,0.0,25.0,1
POL-104926,CUST-51080,Home,South,Agent,2022-10-19,2023-08-01,0.748,352.39,0,0.0,67.0,10
POL-104927,CUST-51106,Home,Central,Agent,2023-03-09,2023-10-20,0.275,140.68,0,0.0,22.0,19
POL-104928,CUST-52422,Home,Central,Direct,2022-05-14,2022-12-19,0.846,479.12,0,0.0,54.0,6
POL-104929,CUST-52570,Liability,North,Direct,2022-06-11,2023-01-20,0.631,851.53,0,0.0,66.0,10
POL-104930,CUST-52470,Liability,North,Broker,2022-01-11,2022-09-11,0.306,351.92,0,0.0,53.0,1
POL-104931,CUST-52598,Home,West,Broker,2023-06-20,2023-12-18,0.761,348.36,0,0.0,62.0,14
POL-104932,CUST-50307,Motor,North,Broker,2023-10-19,2024-04-18,0.625,597.74,0,0.0,37.0,19
POL-104933,CUST-51966,Motor,Central,Online,2023-08-28,2024-05-02,0.404,345.35,0,0.0,34.0,15
POL-104934,CUST-52064,Commercial,Central,Broker,2022-10-05,2023-04-06,0.908,1616.56,0,0.0,33.0,2
POL-104935,CUST-50791,Liability,North,Direct,2023-03-10,2023-11-04,0.469,606.12,0,0.0,24.0,7
POL-104936,CUST-51360,Motor,West,Agent,2023-12-03,2024-09-16,0.463,293.45,0,0.0,33.0,14
POL-104937,CUST-52974,Motor,North,Broker,2023-03-08,2023-09-09,0.455,536.02,0,0.0,32.0,15
POL-104938,CUST-50417,Motor,South,Broker,2022-08-04,2023-05-25,0.826,519.93,0,0.0,61.0,8
POL-104939,CUST-52453,Motor,East,Agent,2022-09-05,2023-06-27,0.78,803.99,0,0.0,30.0,19
POL-104940,CUST-50953,Liability,West,Broker,2023-06-15,2024-03-27,0.927,1210.24,0,0.0,27.0,4
POL-104941,CUST-52554,Home,North,Broker,2022-11-22,2023-09-14,0.422,320.82,0,0.0,59.0,14
POL-104942,CUST-51603,Motor,North,Agent,2023-09-04,2024-07-30,0.84,575.16,0,0.0,48.0,9
POL-104943,CUST-50034,Motor,South,Online,2023-09-23,2024-04-03,0.68,488.75,0,0.0,30.0,14
POL-104944,CUST-50327,Motor,West,Agent,2022-01-27,2022-08-26,0.482,298.6,0,0.0,58.0,11
POL-104945,CUST-52478,Home,East,Online,2023-06-13,2024-02-06,0.277,135.98,0,0.0,30.0,8
POL-104946,CUST-52374,Home,South,Broker,2022-09-28,2023-08-01,0.864,397.86,0,0.0,62.0,16
POL-104947,CUST-50653,Motor,North,Agent,2023-01-15,2023-12-23,0.431,270.2,0,0.0,19.0,16
POL-104948,CUST-51924,Motor,Central,Agent,2022-07-13,2023-06-28,0.724,672.93,0,0.0,51.0,16
POL-104949,CUST-51524,Liability,West,Direct,2022-09-26,2023-07-11,0.662,488.96,0,0.0,52.0,1
POL-104950,CUST-50161,Commercial,Central,Direct,2022-08-30,2023-05-13,0.253,365.95,0,0.0,39.0,8
POL-104951,CUST-52112,Home,East,Direct,2022-02-06,2022-10-20,0.996,739.03,1,3035.06,57.0,14
POL-104952,CUST-50478,Home,Central,Broker,2023-07-26,2024-02-02,0.861,379.33,0,0.0,39.0,17
POL-104953,CUST-51230,Liability,West,Agent,2022-04-15,2023-01-06,0.615,691.43,0,0.0,55.0,7
POL-104954,CUST-50024,Commercial,East,Direct,2022-10-02,2023-07-04,0.76,1355.49,1,13108.67,30.0,14
POL-104955,CUST-50730,Liability,East,Online,2022-05-21,2022-12-25,0.607,639.87,0,0.0,50.0,11
POL-104956,CUST-52808,Motor,East,Broker,2022-04-28,2023-03-16,0.808,709.41,0,0.0,61.0,4
POL-104957,CUST-51500,Motor,East,Online,2022-09-30,2023-08-27,0.351,361.48,1,2170.55,73.0,17
POL-104958,CUST-52170,Motor,West,Direct,2023-11-02,2024-06-25,0.585,532.46,0,0.0,38.0,8
POL-104959,CUST-50899,Commercial,East,Broker,2023-11-21,2024-11-05,0.502,769.02,0,0.0,44.0,12
POL-104960,CUST-50129,Home,Central,Direct,2022-10-06,2023-04-23,0.595,465.28,0,0.0,45.0,5
POL-104961,CUST-51845,Motor,Central,Agent,2023-01-04,2023-12-19,0.588,642.89,0,0.0,67.0,0
POL-104962,CUST-50721,Liability,East,Agent,2023-12-21,2024-11-07,0.357,335.13,0,0.0,72.0,9
POL-104963,CUST-50329,Liability,South,Direct,2022-06-21,2023-01-28,0.982,953.54,0,0.0,54.0,14
POL-104964,CUST-51483,Motor,West,Online,2023-11-21,2024-09-16,0.262,280.72,0,0.0,64.0,6
POL-104965,CUST-51224,Home,West,Broker,2022-03-19,2022-11-11,0.258,172.98,0,0.0,22.0,18
POL-104966,CUST-50348,Home,South,Agent,2022-06-14,2023-05-08,0.53,388.0,0,0.0,61.0,15
POL-104967,CUST-51774,Motor,Central,Agent,2022-09-04,2023-04-01,0.715,457.41,0,0.0,64.0,12
POL-104968,CUST-51337,Home,West,Broker,2022-01-28,2022-09-10,0.385,183.03,0,0.0,58.0,16
POL-104969,CUST-52971,Motor,West,Direct,2023-08-19,2024-04-12,0.65,592.42,0,0.0,51.0,17
POL-104970,CUST-50266,Liability,West,Agent,2023-09-17,2024-04-21,0.792,988.41,0,0.0,69.0,14
POL-104971,CUST-51486,Commercial,South,Agent,2022-10-07,2023-06-05,0.321,428.95,0,0.0,55.0,16
POL-104972,CUST-52380,Liability,West,Direct,2023-09-03,2024-06-21,0.988,1328.85,0,0.0,66.0,14
POL-104973,CUST-51277,Commercial,North,Agent,2023-07-18,2024-05-10,0.503,898.73,0,0.0,28.0,17
POL-104974,CUST-50626,Motor,West,Broker,2023-08-09,2024-05-18,0.732,776.01,1,7010.47,55.0,2
POL-104975,CUST-52967,Motor,East,Direct,2023-08-09,2024-03-11,0.333,363.39,0,0.0,42.0,6
POL-104976,CUST-50975,Commercial,East,Agent,2023-02-23,2023-09-28,0.782,995.72,0,0.0,67.0,17
POL-104977,CUST-52776,Motor,West,Broker,2022-03-22,2023-03-08,0.88,696.56,1,3008.26,68.0,9
POL-104978,CUST-52522,Commercial,South,Agent,2023-11-06,2024-06-19,0.329,373.48,0,0.0,66.0,0
POL-104979,CUST-52018,Motor,West,Agent,2023-03-21,2023-10-06,0.344,282.53,0,0.0,30.0,16
POL-104980,CUST-52319,Motor,North,Online,2023-10-20,2024-07-10,0.461,284.12,0,0.0,46.0,13
POL-104981,CUST-51634,Home,West,Direct,2023-12-02,2024-05-31,0.259,196.88,0,0.0,18.0,18
POL-104982,CUST-52006,Home,West,Agent,2022-05-17,2023-01-15,0.99,774.49,0,0.0,73.0,0
POL-104983,CUST-50812,Home,North,Agent,2022-10-21,2023-09-25,0.699,368.17,0,0.0,32.0,2
POL-104984,CUST-50167,Home,West,Agent,2022-05-21,2023-01-05,0.706,456.51,0,0.0,53.0,10
POL-104985,CUST-51871,Motor,West,Online,2022-02-07,2022-12-14,0.969,964.0,0,0.0,45.0,3
POL-104986,CUST-52409,Commercial,East,Direct,2023-12-07,2024-09-03,0.874,1545.83,0,0.0,69.0,10
POL-104987,CUST-52501,Home,West,Direct,2023-11-06,2024-07-09,0.861,735.93,0,0.0,64.0,6
POL-104988,CUST-52286,Home,North,Agent,2023-11-12,2024-09-10,0.505,263.15,0,0.0,62.0,4
POL-104989,CUST-52944,Motor,Central,Online,2023-10-08,2024-07-24,0.501,371.64,0,0.0,54.0,15
POL-104990,CUST-51783,Home,Central,Online,2023-04-19,2023-12-14,0.469,377.35,1,9273.28,24.0,0
POL-104991,CUST-50512,Motor,West,Agent,2023-01-17,2023-08-26,0.51,332.95,0,0.0,70.0,17
POL-104992,CUST-50615,Home,North,Broker,2023-12-25,2024-12-09,0.527,408.46,0,0.0,21.0,3
POL-104993,CUST-50822,Motor,East,Broker,2023-02-08,2023-09-07,0.355,239.39,0,0.0,43.0,11
POL-104994,CUST-52926,Commercial,Central,Broker,2023-04-14,2024-04-06,0.517,768.49,0,0.0,39.0,19
POL-104995,CUST-52653,Commercial,West,Broker,2022-06-04,2023-02-26,0.585,945.43,0,0.0,40.0,2
POL-104996,CUST-52176,Home,Central,Agent,2023-06-30,2024-06-29,0.482,369.82,0,0.0,73.0,18
POL-104997,CUST-52582,Commercial,West,Direct,2023-08-22,2024-04-23,0.374,423.09,0,0.0,31.0,6
POL-104998,CUST-51025,Home,West,Direct,2023-05-11,2024-02-20,0.53,419.57,0,0.0,51.0,14
POL-104999,CUST-52149,Motor,South,Broker,2022-12-30,2023-10-20,0.611,672.76,0,0.0,30.0,17
POL-101853,CUST-51810,Home,East,Broker,2022-04-28,2022-11-10,0.556,429.4125878240793,0,0.0,49.0,19
POL-102341,CUST-51746,Motor,East,Agent,2022-10-15,2023-06-18,0.464,448.3313832742268,0,0.0,22.0,17
POL-102969,CUST-50865,Motor,East,Direct,2023-04-11,2023-12-16,0.282,178.88960382891392,0,0.0,33.0,19
POL-101252,CUST-50145,Home,Central,Online,2022-02-24,2022-10-13,0.572,372.10961035445,0,0.0,57.0,17
POL-101467,CUST-50039,Liability,Central,Broker,2022-10-08,2023-04-24,0.802,832.5972065675819,0,0.0,74.0,13
POL-102056,CUST-51117,Commercial,South,Agent,2023-06-21,2024-02-26,0.893,1825.543824366878,0,0.0,38.0,2
POL-102678,CUST-50970,Home,South,Agent,2023-02-28,2023-11-16,0.934,478.73489266116655,0,0.0,74.0,2
POL-101588,CUST-52227,Commercial,North,Agent,2023-09-22,2024-05-03,0.898,1367.105095781795,0,0.0,26.0,5
POL-103523,CUST-51185,Motor,Central,Broker,2022-05-04,2023-04-14,0.562,597.4093050487586,0,0.0,45.0,12
POL-101820,CUST-51069,Motor,North,Agent,2022-08-17,2023-07-09,0.744,805.9093088255686,0,0.0,33.0,18
POL-100831,CUST-52404,Motor,West,Online,2022-06-25,2023-01-19,0.474,344.1944771897799,0,0.0,73.0,18
POL-100517,CUST-52121,Home,North,Direct,2022-02-18,2022-12-20,0.395,192.22448546227977,0,0.0,39.0,7
POL-103025,CUST-52591,Liability,Central,Agent,2023-04-03,2024-03-20,0.615,609.9010799958884,0,0.0,51.0,15
POL-100792,CUST-52893,Liability,West,Direct,2023-06-12,2024-02-19,0.349,364.637397060021,0,0.0,29.0,8
POL-103202,CUST-51405,Motor,West,Direct,2023-07-16,2024-04-30,0.444,313.015418308414,0,0.0,73.0,9
